species_name,primary_strain,temperature_span_c,temperature_min_low_c,temperature_opt_low_c,temperature_max_high_c
Abditibacterium utsteinense,LMG 29911,44,1,15,45
Absicoccus porci,KCTC 15747T,10,30,37,40
Absiella argi,N6H1-5,20,20,37,40
Absiella dolichum,ATCC 29143,15,30,37,45
Abyssibacter profundi,KCTC 52933T,35,10,37,45
Abyssibius alkaniclasticus,960558T,33,4,28,37
Abyssicoccus albus,YIM M12140,35,5,28,40
Abyssivirga alkaniphila,L81T,28,14,37,42
Acanthopleuribacter pedis,FYK2218,15,15,30,30
Acaricomes phytoseiuli,DSM 14247T,15,15,25,30
Acaryochloris marina,MBIC11017,15,20,28,35
Acetanaerobacterium elongatum,Z7,22,20,37,42
Acetitomaculum ruminis,139B,9,34,38,43
Acetivibrio cellulolyticus,CD2,20,20,35,40
Acetoanaerobium pronyense,ST07-YET,25,15,35,40
Acetoanaerobium sticklandii,StadtmanHF,20,25,30,45
Acetobacter okinawensis,1-35,27,10,30,37
Acetobacter oryzifermentans,SLV-7,22,15,30,37
Acetobacter oryzoeni,KACC 21201T,30,15,30,45
Acetobacter papayae,1寧25擔,27,10,30,37
Acetobacter sacchari,VTH-Ai14,17,20,25,37
Acetobacter senegalensis,CWBI-B418,12,28,35,40
Acetobacter suratthaniensis,AI32,4,28,29,32
Acetobacterium bakii,Z-4391,29,1,20,30
Acetobacterium carbinolicum,WoProp1,25,15,20,40
Acetobacterium fimetarium,Z-4290,34,1,30,35
Acetobacterium malicum,MuME1,24,15,30,39
Acetobacterium paludosum,Z-4092,29,1,20,30
Acetobacterium tundrae,Z-4493,29,1,20,30
Acetobacterium wieringae,C,25,20,30,45
Acetobacteroides hydrogenigenes,JCM 17603T,15,25,37,40
Acetohalobium arabaticum,Z-7288,17,30,38,47
Acetomicrobium flavidum,TN,30,35,58,65
Acetomicrobium hydrogeniformans,DSM 22491T,25,40,55,65
Acetomicrobium mobile,NGA,30,35,55,65
Acetomicrobium thermoterrenum,DSM 13490T,32,28,55,60
Acetonema longum,APO-1,21,19,30,40
Acholeplasma axanthum,S-743,15,22,37,37
Acholeplasma brassicae,ATCC 49388,19,18,30,37
Acholeplasma entomophilum,ATCC 43706,9,23,30,32
Acholeplasma granularum,BTS-39,15,22,37,37
Acholeplasma hippikon,C1,15,22,35,37
Acholeplasma laidlawii,PG8,21,20,37,41
Acholeplasma modicum,PG49,15,22,35,37
Acholeplasma morum,72-043,14,23,35,37
Acholeplasma palmae,J233,19,18,30,37
Acholeplasma parvum,H23M,15,22,30,37
Acholeplasma pleciae,PS-1,14,18,30,32
Acholeplasma seiffertii,F7,15,20,28,35
Acholeplasma seiflertii,,15,20,28,35
Acholeplasma vituli,FC 097-2,12,25,37,37
Achromobacter aloeverae,LMG 29108T,22,20,30,42
Achromobacter panacis,DCY105,36,4,30,40
Achromobacter piechaudii,CIP,19,18,28,37
Achromobacter sediminum,XH089T,38,4,28,42
Achromobacter veterisilvae,LMG 30378,41,4,28,45
Acidaminobacter hydrogenoformans,glu 65,27,15,30,42
Acidaminococcus fermentans,VR4,20,25,30,45
Acidaminococcus hominis,CGMCC 1,15,30,37,45
Acidaminococcus nyctereutis,LBK-2T,30,20,37,50
Acidianus ambivalens,Lei 10,17,70,80,87
Acidianus brierleyi,DSM 3191,30,45,70,75
Acidianus infernus,So4a,31,65,90,96
Acidianus manzaensis,NA-1,30,60,80,90
Acidianus sulfidivorans,DSM 18786T,38,45,74,83
Acidianus tengchongensis,S5,25,55,70,80
Acidibacillus ferrooxidans,SLC66,17,20,30,37
Acidibacillus sulfuroxidans,Y002,20,30,40,50
Acidibacter ferrireducens,MCF85,37,8,32,45
Acidibrevibacterium fodinaquatile,CGMCC 1,25,20,37,45
Acidicapsa acidiphila,MCF10,30,10,30,40
Acidicapsa acidisoli,DSM 100508T,25,10,25,35
Acidicapsa borealis,KA1,23,10,25,33
Acidicapsa borealis,DSM 23886T,23,10,22,33
Acidicapsa dinghuensis,CGMCC 1,25,12,30,37
Acidicapsa dinghuensis,4GSKX,25,12,25,37
Acidicapsa ferrireducens,MCF9,30,10,30,40
Acidicapsa ligni,,23,10,25,33
Acidicapsa ligni,WH120T,23,10,22,33
Acidiferrobacter thiooxydans,m-1,26,21,38,47
Acidihalobacter aeolianus,DSM 14174T,16,26,36,42
Acidihalobacter ferrooxydans,DSM 14175T,17,26,36,43
Acidihalobacter prosperus,DSM5130,18,23,37,41
Acidilobus aceticus,1904,32,60,85,92
Acidilobus saccharovorans,345-15T,30,60,82.5,90
Acidilobus saccharovorans,345-15,30,60,80,90
Acidilobus sulfurireducens,18D70,27,62,81,89
Acidiluteibacter ferrifornacis,JCM 33804T,32,10,35,42
Acidimangrovimonas sediminis,MS2-2T,25,16,34,41
Acidimicrobium ferrooxidans,ICP,23,34,48,57
Acidiphilium acidophilum,ATCC 27807,20,15,25,35
Acidiphilium cryptum,Lhet2,21,20,35,41
Acidiphilium iwatense,MS8,13,22,30,35
Acidiphilium multivorum,AIU 301,25,17,27,42
Acidiphilium organovorum,ATCC 43141,12,30,37,42
Acidiphilium rubrum,OP,20,15,25,35
Acidipila dinghuensis,CGMCC 1,27,10,28,37
Acidipila rosea,AP8,15,22,30,37
Acidiplasma aeolicum,DSM 18409T,50,15,45,65
Acidiplasma cupricumulans,BH2,41,22,53.6,63
Acidipropionibacterium damnosum,IGBL13,22,20,30,42
Acidipropionibacterium microaerophilum,M5,25,20,30,45
Acidipropionibacterium olivae,IGBL1,22,20,30,42
Acidipropionibacterium virtanenii,JS278,25,12,30,37
Acidisoma sibiricum,DSM 21000T,28,2,15,30
Acidisoma sibiricum,TPB606,28,2,20,30
Acidisoma tundrae,DSM 19999T,28,2,15,30
Acidisphaera rubrifaciens,HS-AP3,20,20,30,40
Aciditerrimonas ferrireducens,IC-180T,23,35,50,58
Acidithiobacillus acidisediminis,CGMCC 1,20,30,38,50
Acidithiobacillus caldus,KU,20,32,45,52
Acidithiobacillus ferrianus,MG,12,20,28,32
Acidithiobacillus ferridurans,JCM 18981,27,10,29,37
Acidithiobacillus ferriphilus,M20T,30,5,30,35
Acidithiobacillus ferriphilus,M20,28,5,30,33
Acidithiobacillus ferrivorans,NO-37,33,4,27,37
Acidithiobacillus ferrooxidans,ATCC 23270,27,10,30,37
Acidithiobacillus thiooxidans,ATCC 19377,27,10,28,37
Acidithrix ferrooxidans,PY-F3,20,10,20,30
Acidobacterium ailaaui,DSM 27394T,40,15,40,55
Acidocella aluminiidurans,AL46T,25,17,37,42
Acidocella aquatica,NBRC 112502T,31,4,28,35
Acidocella aromatica,PFBC,22.5,15,30,37.5
Acidothermus cellulolyticus,11B,28,37,55,65
Acidovorax caeni,R-24608,33,4,28,37
Acidovorax carolinensis,NA3,36,4,30,40
Acidovorax kalamii,KNDSW-TSA6,17,20,30,37
Acidovorax lacteus,M36,27,15,25,42
Acidovorax radicis,N35T,25,10,30,35
Acidovorax soli,BL21T,32,10,30,42
Acidovorax valerianellae,CFBP 4730,37,4,25,41
Aciduliprofundum boonei,T469,20,55,70,75
Acinetobacter antiviralis,KNF2022,32,10,30,42
Acinetobacter apis,HYN18,15,15,25,30
Acinetobacter baylyi,B2T,11,30,37,41
Acinetobacter bouvetii,,11,30,37,41
Acinetobacter defluvii,WCHA30T,17,20,30,37
Acinetobacter gerneri,,11,30,37,41
Acinetobacter grimontii,CCM 7198,11,30,37,41
Acinetobacter guangdongensis,1NM-4T,30,10,28,40
Acinetobacter guangdongensis,,30,10,29,40
Acinetobacter harbinensis,CGMCC 1,33,2,20,35
Acinetobacter indicus,A648T,40,4,28,44
Acinetobacter lactucae,NRRL B-41902,44,4,30,48
Acinetobacter larvae,JCM 31367T,35,10,30,45
Acinetobacter oleivorans,DR1,17,20,30,37
Acinetobacter piscicola,LW15T,28,4,25,32
Acinetobacter puyangensis,BQ4-1T,31,10,30,41
Acinetobacter qingfengensis,2BJ1T,16,25,30,41
Acinetobacter refrigeratoris,WB1,30,10,28,40
Acinetobacter rudis,G30T,27,10,30,37
Acinetobacter soli,B1,30,10,30,40
Acinetobacter towneri,,14,30,37,44
Acinetobacter variabilis,,19,25,41,44
Acinetobacter venetianus,RAG-1,7,30,30,37
Acrocarpospora macrocephala,,10,20,28,30
Acrocarpospora pleiomorpha,R-31,10,20,28,30
Actibacter haliotis,W113T,15,15,25,30
Actibacter sediminis,JC2129,42.5,5,30,50
Actibacter sediminis,KCTC 12704T,40,5,37,45
Actibacterium atlanticum,22II-S11-z10,31,10,28,41
Actibacterium mucosum,R46T,22,15,28,37
Actibacterium pelagium,JN33T,31,4,30,35
Actibacterium pelagium,JN33,25,10,30,35
Actibacterium ureilyticum,LS-811T,25,15,30,40
Actinaurispora siamensis,CM2-8,15,25,30,40
Actinoallomurus acaciae,GMKU 931T,29,12,29,41
Actinoallomurus acaciae,GMKU 931,29,12,28,41
Actinoallomurus acanthiterrae,2614A723,19,18,28,37
Actinoallomurus oryzae,GMKU 370,24,21,32,45
Actinoalloteichus hoggarensis,AH97,17,20,30,37
Actinoalloteichus nanshanensis,NEAU 119T,17,20,28,37
Actinoalloteichus spitiensis,RMV-1378,17,20,25,37
Actinobacillus capsulatus,P243,17,25,37,42
Actinobacillus lignieresii,ATCC 49236,19,20,37,39
Actinobacillus succinogenes,130ZT,2,37,37,39
Actinobacillus ureae,Henriksen 3520/59,15,25,37,40
Actinobaculum schaalii,CCUG 27420,13,30,37,43
Actinocatenispora rupis,CS5-AC17,17,25,37,42
Actinocatenispora sera,NBRC 101916T,24,13,25,37
Actinocatenispora sera,KV-744,24,13,18,37
Actinocatenispora thailandica,TT2-10,15,25,30,40
Actinocorallia aurantiaca,DSM 43924,20,10,25,30
Actinocorallia aurea,NBRC 14752,17,20,25,37
Actinocorallia cavernae,N3-7T,35,10,29,45
Actinocorallia glomerata,DSM 44360,34,7,28,41
Actinocorallia herbida,AL-50780,26,12,24,38
Actinocorallia herbida,AL-50780 (= IFO 15485),26,12,24,38
Actinocorallia lasiicapitis,DSM 100595T,33,4,25,37
Actinocorallia libanotica,ATCC 35576,27,10,28,37
Actinocorallia populi,CGMCC 4,35,10,28,45
Actinocrinis puniceicyclus,OB1T,17,13,25,30
Actinocrinis puniceicyclus,OB1,17,13,20,30
Actinocrispum wychmicini,MI503-A4T,14,20,27,34
Actinokineospora acnipugnans,R434T,46,4,28,50
Actinokineospora acnipugnans,R434,25,20,25,45
Actinokineospora bangkokensis,NBRC 108932T,27,12,14,39
Actinokineospora diospyrosa,,22,12,28,34
Actinokineospora diospyrosa,YU8-1 (= IFO 15665),7,22,22,29
Actinokineospora fastidiosa,NRRL B-16697,35,10,28,45
Actinokineospora globicatena,,24,11,28,35
Actinokineospora globicatena,YU6-1 (= IFO 15664),10,20,23,30
Actinokineospora guangxiensis,GK-6T,20,20,25,40
Actinokineospora inagensis,YU4-1,23,13,28,36
Actinokineospora inagensis,YU4-1 (= IFO 15663),5,22,22,27
Actinokineospora mzabensis,PAL84,15,20,25,35
Actinokineospora soli,YIM 75948,30,25,37,55
Actinokineospora spheciospongiae,EG49T,38,4,28,42
Actinokineospora terrae,,22,12,28,34
Actinokineospora terrae,YU6-3 (= IFO 15668),10,20,25,30
Actinomadura adrarensis,ACD12,12,25,30,37
Actinomadura alba,YIM 45681,41,4,28,45
Actinomadura alkaliterrae,D310AT,20,25,30,45
Actinomadura amylolytica,YIM 77502,30,25,45,55
Actinomadura atramentaria,JCM 6250,27,15,28,42
Actinomadura atramentaria,SF2197,27,15,28,42
Actinomadura bangladeshensis,,25,20,30,45
Actinomadura barringtoniae,GKU 128T,24,14,32,38
Actinomadura catellatispora,IFO 16341T,17,18,28,35
Actinomadura cellulosilytica,YIM 77510,30,25,45,55
Actinomadura chokoriensis,,25,20,30,45
Actinomadura citrea,ATCC 27887,27,10,28,37
Actinomadura coerulea,ATCC 33576,27,10,28,37
Actinomadura darangshiensis,DLS-70T,15,20,30,35
Actinomadura fibrosa,A82810.1,25,20,37,45
Actinomadura flavalba,YIM 61435,22,15,28,37
Actinomadura gamaensis,NEAU-Gz5,25,15,28,40
Actinomadura geliboluensis,A8036,25,20,30,45
Actinomadura glauciflava,,17,18,28,35
Actinomadura hallensis,H647-1T,25,20,28,45
Actinomadura hankyongense,Gsoil 556,24,18,30,42
Actinomadura harenae,CGMCC 4,35,10,28,45
Actinomadura jiaoheensis,NEAU-Jh1-3,27,15,28,42
Actinomadura keratinilytica,WCC-2265,25,30,45,55
Actinomadura kijaniata,SCC 1256,17,28,30,45
Actinomadura logoneensis,CGMCC 4,17,25,37,42
Actinomadura madurae,ATCC 19425,35,10,28,45
Actinomadura meridiana,DLS-45T,41,4,30,45
Actinomadura nitritigenes,L46T,15,30,30,45
Actinomadura rayongensis,JCM 19830T,30,15,25,45
Actinomadura rhizosphaerae,KCTC 39965T,20,20,30,40
Actinomadura roseirufa,LMG 30035,22,15,28,37
Actinomadura rubrobrunea,ATCC 49883,28,37,45,65
Actinomadura rupiterrae,CS5-AC15,30,4,30,42
Actinomadura scrupuli,KCTC 19488T,10,20,30,30
Actinomadura sediminis,DSM 45500T,17,28,37,45
Actinomadura sporangiiformans,NEAU-Jh2-5,22,20,28,42
Actinomadura syzygii,GKU 157T,26,14,28,40
Actinomadura terrae,KACC 19752T,17,20,30,37
Actinomadura viridilutea,ATCC 33925,28,37,45,65
Actinomadura xylanilytica,BK147,27,10,28,37
Actinomarinicola tropica,KCTC 49408T,35,10,35,45
Actinomyces culturomici,CSUR P3561,9,28,30,37
Actinomyces glycerinitolerans,G10,20,25,30,45
Actinomyces haliotis,WL80,17,20,30,37
Actinomyces massiliensis,4401292,7,30,37,37
Actinomyces naturae,BL-79,23,20,30,43
Actinomyces pyogenes,NCTC 5224,20,20,37,40
Actinomyces qiguomingii,CGMCC 1,14,28,37,42
Actinomyces radingae,,18,25,37,43
Actinomyces ruminicola,B71T,35,20,46,55
Actinomyces succiniciruminis,Am4,20,25,37,45
Actinomyces timonensis,7400942,12,25,37,37
Actinomyces turicensis,CCUG 32401T,18,25,37,43
Actinomyces wuliandei,CGMCC 1,14,28,37,42
Actinomycetospora endophytica,TBRC 5722T,15,15,20,30
Actinomycetospora rhizophila,NEAU-B-8T,8,20,28,28
Actinomycetospora rishiriensis,RI109-Li102T,20,10,30,30
Actinophytocola burenkhanensis,MN08-A0203,15,15,28,30
Actinophytocola burenkhanensis,NBRC 105883T,15,15,25,30
Actinophytocola corallina,NBRC 105525T,13,15,25,28
Actinophytocola gilvus,I12A-02593,27,10,28,37
Actinophytocola glycyrrhizae,KCTC 49002T,15,15,28,30
Actinophytocola oryzae,GMKU 367,18,12,18,30
Actinophytocola sediminis,YIM M13705,20,10,25,30
Actinophytocola timorensis,NBRC 105524T,22,15,25,37
Actinophytocola xanthii,KCTC 39690T,22,15,28,37
Actinophytocola xinjiangensis,CGMCC 4,20,10,25,30
Actinoplanes abujensis,A4029,17,20,28,37
Actinoplanes aksuensis,LMG 32622T,17,20,28,37
Actinoplanes askuensis,LMG 32622T,17,20,28,37
Actinoplanes caeruleus,SCC 1014,7,28,30,35
Actinoplanes campanulatus,ATCC 15348,17,18,25,35
Actinoplanes digitatis,ATCC 15349,27,18,25,45
Actinoplanes hotanensis,LMG 32621T,27,10,28,37
Actinoplanes hulinensis,NEAU-M9,14,18,28,32
Actinoplanes ianthinogenes,NBRC 13996,22,15,28,37
Actinoplanes ianthinogenes,NBRC 13996T,22,15,28,37
Actinoplanes italicus,A 5221,22,15,28,37
Actinoplanes lichenis,LDG1-22,21,17,20,38
Actinoplanes lobatus,ATCC 15350,27,18,25,45
Actinoplanes luteus,A-T 5190,17,20,28,37
Actinoplanes lutulentus,NEAU-GRX6T,17,15,28,32
Actinoplanes missouriensis,ATCC 14538,17,15,28,32
Actinoplanes octamycinicus,,22,15,28,37
Actinoplanes octamycinicus,NBRC 14524T,22,15,25,37
Actinoplanes polyasparticus,LMG 32389T,17,20,28,37
Actinoplanes ramoplaninifer,ATCC 33076,20,22,32.5,42
Actinoplanes rectilineatus,ATCC 29234,27,10,23,37
Actinoplanes regularis,CBS 193.64,17,18,25,35
Actinoplanes rhizophilus,NEAU-A-2,20,15,28,35
Actinoplanes rishiriensis,RI50-RCA114,17,20,30,37
Actinoplanes sediminis,M4I47,21,16,28,37
Actinoplanes siamensis,A-T 6646,15,25,27.5,40
Actinoplanes subglobosus,A-T 5400,17,20,25,37
Actinopolymorpha pittospori,PIP 143T,12,15,27,27
Actinopolymorpha rutila,YIM 45725,22,15,28,37
Actinopolyspora alba,YIM 90480,20,25,37,45
Actinopolyspora algeriensis,H19,15,25,30,40
Actinopolyspora biskrensis,H254,17,20,30,37
Actinopolyspora egyptensis,HT371,35,10,30,45
Actinopolyspora erythraea,YIM 90600T,20,25,37,45
Actinopolyspora halophila,ATCC 27976,33,10,37,43
Actinopolyspora iraqiensis,IQ-H1T,20,30,35,50
Actinopolyspora lacussalsi,TRM 40139,15,25,35,40
Actinopolyspora mortivallis,HS-1,40,10,45,50
Actinopolyspora mzabensis,H55,15,25,30,40
Actinopolyspora saharensis,H32,15,20,28,35
Actinopolyspora salinaria,HS05-03,19,22,37,41
Actinopolyspora xinjiangensis,TRM 40136,25,25,37,50
Actinorectispora indica,YIM 75728,13,15,28,28
Actinorectispora metalli,KC 198T,35,10,28,45
Actinospica acidiphila,DSM 44926T,16,17,28,33
Actinospica durhamensis,CSCA57,18,15,28,33
Actinospica robiniae,,16,17,25,33
Actinospica robiniae,GE134769,16,17,22,33
Actinosporangium vitaminophilum,ATCC 31673,30,15,25,45
Actinosynnema mirum,Hasegawa 101,25,10,28,35
Actinotalea caeni,EBR-4-2T,45,10,30,55
Actinotalea ferrariae,CF5-4T,36,4,28,40
Actinotalea lenta,T00b441T,25,15,28,40
Actinotalea solisilvae,THG-T121,30,10,29,40
Actinotalea solisilvae,KACC 19191T,30,10,28,40
Acuticoccus kandeliae,DSM 104434T,10,20,25,30
Acuticoccus sediminis,KCTC 52323T,36,4,30,40
Acuticoccus yangtzensis,JL1095,35,15,35,50
Adhaeribacter aerolatus,,25,10,28,35
Adhaeribacter aerophilus,,27,10,28,37
Adhaeribacter aquaticus,MBRG1.5T,33,4,30,37
Adhaeribacter rhizoryzae,KACC 19902T,28,7,30,35
Adhaeribacter swui,17mud1-7,19,18,28,37
Adhaeribacter terrae,KCTC 52512T,15,15,25,30
Adhaeribacter terreus,DNG6,17,16,28,33
Adlercreutzia shanghongiae,R25T,17,25,35,42
Adlercreutzia wanghongyangiae,KCTC 25860T,17,25,35,42
Advenella alkanexedens,JCM 30465T,48,4,30,52
Advenella alkanexedens,LAM005,48,4,30,52
Advenella faeciporci,M-07T,35,10,25,45
Aequorivita antarctica,SW49,27,-2,20,25
Aequorivita capsosiphonis,KCTC 22183T,36,4,25,40
Aequorivita crocea,Y12-2,27,-2,20,25
Aequorivita flava,CDY1-MB1T,22,15,30,37
Aequorivita lipolytica,,23,2,20,25
Aequorivita lipolytica,Y10-2,27,-2,20,25
Aequorivita lutea,q18T,30,10,30,40
Aequorivita marina,S2608T,36,4,33,40
Aequorivita nionensis,VBW088,27,10,30,37
Aequorivita sediminis,KCTC 92653T,36,4,33,40
Aequorivita sinensis,CGMCC 1,38,4,30,42
Aequorivita soesokkakensis,RSSK-12,27,10,30,37
Aequorivita sublithincola,9寧3擔,27,-2,20,25
Aequorivita viscosa,8-1bT,35,4,30,39
Aequorivita vitellina,F47161T,22,15,30,37
Aequorivita vladivostokensis,KMM 3516,39,4,28,43
Aequorivita xiaoshiensis,F64183T,27,10,30,37
Aeribacillus composti,N.8T,15,50,60,65
Aeriscardovia aeriphila,T6,16,30,37,46
Aerobic cellulolytic,"by the ability to degrade xylan, starch and some other polysaccharides, by greater tolerance of acidic pH and by the inability to reduce nitrate",33,4,25,37
Aerobic lithoautotrophic,3753OT,18,42,50,60
Aerococcus agrisoli,JCM 33111T,15,30,30,45
Aeromicrobium alkaliterrae,KSL-107T,32,4,25,36
Aeromicrobium alkaliterrae,KSL-107,31,4,25,35
Aeromicrobium camelliae,CGMCC 1,35,15,30,50
Aeromicrobium chenweiae,CGMCC1,16,14,28,30
Aeromicrobium choanae,9H-4T,31,8,30,39
Aeromicrobium choanae,9H-4,31,8,29,39
Aeromicrobium endophyticum,KCTC 49174T,26,4,25,30
Aeromicrobium erythreum,NRRL B-3381,19,21,35,40
Aeromicrobium fastidiosum,IFO 14897 (= NCIB 12713),25,5,25,30
Aeromicrobium flavum,TYLN1,12,25,30,37
Aeromicrobium ginsengisoli,Gsoil 098T,26,4,30,30
Aeromicrobium halocynthiae,KME 001T,32,10,25,42
Aeromicrobium lacus,NBRC 112936T,33,4,28,37
Aeromicrobium marinum,T2T,31,4,25,35
Aeromicrobium massiliense,JC14,20,25,25,45
Aeromicrobium panaciterrae,Gsoil 161,15,15,30,30
Aeromicrobium piscarium,KCTC 49280T,20,15,28,35
Aeromicrobium ponti,DSM 19178T,38,4,30,42
Aeromicrobium tamlense,SSW1-57T,32,10,30,42
Aeromicrobium yanjiei,CGMCC 1,16,14,28,30
Aeromonas aquatica,AE235,15,15,30,30
Aeromonas bivalvium,CECT 7113T,33,4,30,37
Aeromonas eucrenophila,ATCC 23309,37,0,30,37
Aeromonas finlandiensis,4287D,15,15,30,30
Aeromonas fluvialis,717T,36,4,30,40
Aeromonas lacus,AE122,15,15,30,30
Aeromonas media,ATCC 33907,33,4,22,37
Aeromonas molluscorum,CECT 5864T,33,4,25,37
Aeromonas piscicola,S1.2,33,4,25,37
Aeromonas popofii,LMG 17541,9,28,28,37
Aeromonas rivuli,,30,7,30,37
Aeromonas sanarellii,,15,30,30,45
Aeropyrum camini,JCM 12091T,27,70,85,97
Aeropyrum pemix,JCM 9820,30,70,90,100
Aeropyrum pernix,K1,30,70,92.5,100
Aestuariibacter aggregatus,WH169,9,28,37,37
Aestuariibacter halophilus,KCTC 12043T,25,15,40,40
Aestuariibacter litoralis,KMM 3894,36,4,30,40
Aestuariibacter salexigens,KCTC 12042T,20,20,35,40
Aestuariibaculum marinum,IP7,33,4,30,37
Aestuariibaculum scopimerae,I-15,32,10,25,42
Aestuariibaculum suncheonense,SC17,35,5,25,40
Aestuariibius insulae,DBTF-13,20,10,25,30
Aestuariibius violaceus,2305UL40-4T,14,22,25,36
Aestuariicella hydrocarbonica,SM-6,27,10,20,37
Aestuariicella hydrocarbonica,SM-6T,27,10,25,37
Aestuariicoccus marinus,NAP41T,25,15,37,40
Aestuariicola saemankumensis,SMK-142T,29,4,25,33
Aestuariihabitans beolgyonensis,BB-MW15,31,4,30,35
Aestuariimicrobium kwangyangense,R27T,36,4,30,40
Aestuariimicrobium soli,KCTC 39995T,33,4,30,37
Aestuariispira insulae,AH-MY2,22,15,30,37
Aestuariivirga litoralis,M10001T,17,20,28,37
Aestuariivita atlantica,KCTC 42276T,35,10,28,45
Aestuariivita boseongensis,BS-B2,25,15,30,40
Aestuariivivens insulae,AH-MY3,30,10,35,40
Aetherobacter fasciculatus,SBSr002T,12,18,30,30
After cultivation,34079T,40,10,35,50
After dehydration,TRO-001DR8T,12,28,35,40
After dispensing,DSM 107278T,25,40,55,65
After division,"by the ability to degrade xylan, starch and some other polysaccharides, by greater tolerance of acidic pH and by the inability to reduce nitrate",33,4,25,37
After generating,WS4937T,27,12,33,39
After incubation,JCM 30603T,22,20,30,42
After incubation,DSM 107278T,25,40,55,65
After numerous,DSM 25557T,17,25,37,42
Agaribacter flavus,2p52T,27,15,33,42
Agaribacter marinus,8-8T,26,4,26.5,30
Agaribacter marinus,8寧8擔,26,4,25,30
Agaribacterium haliotis,feces2T,24,16,29,40
Agaribacterium haliotis,feces2,24,16,28,40
Agaricicola taiwanensis,CC-SBABM117T,20,20,32.5,40
Agaricicola taiwanensis,CC-SBABM117,20,20,30,40
Agarilytica rhodophyticola,17,25,15,28,40
Agarivorans aestuarii,hydD622T,20,10,25,30
Agarivorans gilvus,WH0801,35,10,30,45
Agarivorans gilvus,CGMCC 1,35,10,32,45
Agarivorans litoreus,GJSW-6,33,4,30,37
Agarivorans sediminis,TSD2052ᵀ (=KCTC 92288ᵀ=JCM 35392ᵀ),25,10,25,35
Agathobacter ruminis,JK623T,20,25,37,45
Agathobacter ruminis,JK623,20,25,35,45
Agathobaculum butyriciproducens,SR79,10,30,37,40
Agathobaculum desmolans,ATCC 43058,5,35,37,40
Aggregatilinea lenta,MO-CFX2T,17,20,30,37
Aggregicoccus edonensis,MCy1366,7,30,30,37
Agreia bicolorata,VKM Ac-1804,20,17,24,37
Agriterribacter humi,KACC 19548T,23,10,28,33
Agrobacterium salinitolerans,YIC 5082,17,20,28,37
Agrococcus carbonis,G4,22,15,30,37
Agrococcus casei,R-17892t2T,10,20,30,30
Agrococcus jejuensis,SSW1-48T,27,10,30,37
Agrococcus lahaulensis,DSM 17612T,12,25,30,37
Agrococcus terreus,DNG5T,17.5,20,30,40
Agrococcus terreus,DNG5,20,20,30,40
Agrococcus versicolor,K 114/01,33,4,21,37
Agromyces albus,VKM Ac-1800,30,7,27,37
Agromyces albus,Ac-1800T,30,7,26,37
Agromyces allii,UMS-62T,29,4,30,33
Agromyces arachidis,AK-1,12,25,30,37
Agromyces atrinae,KCTC 19593T,27,10,30,37
Agromyces aureus,AR33T,20,10,28,30
Agromyces badenianii,CGMCC 1,28,9,28,37
Agromyces bauzanensis,BZ41,36,1,25,37
Agromyces binzhouensis,OAct353T,24,12,28,36
Agromyces endophyticus,KACC 21836T,30,10,30,40
Agromyces flavus,CPCC 202695,30,10,30,40
Agromyces flavus,CPCC 202695T,30,10,28,40
Agromyces humatus,DSM 16389T,22,15,28,37
Agromyces humi,KACC 18683T,20,20,30,40
Agromyces indicus,NIO-1018,30,10,28,40
Agromyces insulae,CFH S0483,27,10,28,37
Agromyces iriomotensis,NBRC 106452T,17,20,25,37
Agromyces italicus,CD1,27,10,28,37
Agromyces kandeliae,KCTC 39961T,30,10,30,40
Agromyces lapidis,DSM 16390T,27,10,28,37
Agromyces lapidis,CD55,22,15,28,37
Agromyces larvae,CFWR-12T,30,10,28,40
Agromyces marinus,H23-8,27,10,28,37
Agromyces neolithicus,DSM 16197T,22,15,28,37
Agromyces protaetiae,KACC 19308T,20,15,28,35
Agromyces ramosus,ATCC 25173,17,20,30,37
Agromyces salentinus,20-5T,27,10,24,37
Agromyces seonyuensis,KCTC 49423T,30,4,30,34
Agromyces seonyunensis,KCTC 49423T,30,4,30,34
Agromyces soli,MJ21,20,10,25,30
Agromyces subbeticus,Z33T,31,6,28,37
Agromyces subtropica,IY07-56T,27,10,25,37
Agromyces subtropicus,IY07-56T,27,10,28,37
Agromyces tardus,CGMCC 4,33,4,28,37
Agromyces terreus,DS-10,25,10,25,35
Agromyces tropicus,CM9-9,5,25,30,30
Agromyces ulmi,LMG 21954T,22,15,28,37
Ahniella affigens,KACC 19270T,20,15,30,35
Ahrensia kielensis,JCM 20689,33,4,32,37
Ahrensia marina,LZD062T,27,10,28,37
Aidingimonas halophila,YIM 90637,35,10,37,45
Aidingimonas lacisalsi,XHU 5135T,28,13,37,41
Aidingimonas lacisalsi,XHU 5135,28,13,35,41
Akkermansia biwaensis,NBRC 115679T,20,25,37,45
Akkermansia glycaniphila,Pyt,25,15,25,40
Akkermansia muciniphila,MucT,20,20,37,40
Albibacter methylovorans,DM10T,27,10,29,37
Albidovulum xiamenense,YBY-7T,37,28,54,65
Albidovulum xiamenense,YBY-7,37,28,50,65
Albimonas donghaensis,DS2T,28,10,29,38
Albimonas donghaensis,DS2,28,10,28,38
Albimonas pacifica,P-50-3,30,10,30,40
Albirhodobacter confluentis,S1-47T,20,10,25,30
Albirhodobacter marinus,N9,7,30,30,37
Alcaligenes aquatilis,LMG 22996,31,4,18,35
Alcaligenes aquatilis,LMG 22996T,31,4,18,35
Alcaligenes denitrificans,DSM 30026,27,10,24,37
Alcaligenes endophyticus,DSM 100498T,35,10,30,45
Alcaligenes pakistanensis,NCCP-650,27,10,25,37
Alcaligenes piechaudii,CIP 60.75,36,5,30,41
Alcalilimnicola halodurans,34AlcT,56,4,35,60
Alcanivorax balearicus,MACL04,33,4,28,37
Alcanivorax borkumensis,SK2,25,10,25,35
Alcanivorax dieselolei,B-5T,30,15,28,45
Alcanivorax gelatiniphagus,MEBiC08158T,28,15,37,43
Alcanivorax hongdengensis,A-11-3,32,10,18,42
Alcanivorax indicus,CGMCC 1,34,8,30,42
Alcanivorax jadensis,T9,30,10,30,40
Alcanivorax marinus,R8-12,32,10,28,42
Alcanivorax mobilis,KCTC 52985T,32,10,28,42
Alcanivorax nanhaiticus,19-m-6,37,4,28,41
Alcanivorax pacificus,W11-5T,32,10,25,42
Alcanivorax profundi,KCTC 52694T,35,10,37,45
Alcanivorax quisquiliarum,CY1518T,22,20,37,42
Alcanivorax xenomutans,JC109T,15,25,30,40
Algibacter aestuarii,KYW371,20,10,25,30
Algibacter agarilyticus,KYW563,20,10,25,30
Algibacter agarivorans,KYW560,18,10,25,28
Algibacter alginicilyticus,HZ22,51,4,28,55
Algibacter amylolyticus,RU-4-M-4T,29,1,25,30
Algibacter aquaticus,NBRC 110220T,20,10,15,30
Algibacter aquimarinus,KYW589,26,4,25,30
Algibacter lectus,KCTC 12103T,31,4,23,35
Algibacter marinivivus,ZY111T,33,4,28,37
Algibacter mikhailovii,KCTC 12710T,33,4,25,37
Algibacter mikhailovii,KMM 6171,33,4,23,37
Algibacter miyuki,WS-MY6,31,4,25,35
Algibacter pacificus,KCTC 72432T,33,4,20,37
Algibacter pectinivorans,JC2675,31,4,30,35
Algibacter psychrophilus,PAMC 27237,20,0,17,20
Algibacter undariae,WS-MY9,31,4,25,35
Algibacter wandonensis,WS-MY22,31,4,25,35
Algicola sagamiensis,B-10-31,20,15,27,35
Algihabitans albus,KCTC 62395T,22,15,30,37
Algimonas ampicilliniresistens,14A-2-7,20,10,20,30
Algimonas arctica,SM1216,26,4,25,30
Algimonas porphyrae,0C-2-2T,35,5,20,40
Algimonas porphyrae,0C-2-2,20,10,20,30
Algiphilus aromaticivorans,DG1253,33,4,30,37
Algisphaera agarilytica,06SJR6-2,10,20,28,30
Algitalea ulvae,38-Ka-2,17,20,30,37
Algivirga pacifica,S354,32,12,25,44
Algoriella xinjiangensis,XJ109,26,4,16,30
Algoriphagus aestuarii,MDM-1T,36,4,30,40
Algoriphagus aestuariicola,S2-A1T,25,15,37,40
Algoriphagus alkaliphilus,AC-74,20,15,30,35
Algoriphagus antarcticus,LMG 21980,15,5,20,20
Algoriphagus aquaeductus,T4,27,15,25,42
Algoriphagus aquaemixtae,KEM-10,26,4,25,30
Algoriphagus aquatilis,A8-7,17,20,30,37
Algoriphagus boseongensis,BS-R1,25,15,30,40
Algoriphagus chungangensis,CAU 1002,35,10,30,45
Algoriphagus confluentis,HJM-2,30,10,30,40
Algoriphagus faecimaris,JCM 16561T,42,0,37,42
Algoriphagus hitonicola,7-UAHT,20,20,37,40
Algoriphagus hitonicola,7-UAH,20,20,35,40
Algoriphagus iocasae,S61T,33,4,25,37
Algoriphagus jejuensis,CNU040T,26,4,25,30
Algoriphagus kandeliae,KCTC 72216T,35,15,40,50
Algoriphagus lacus,N3T,41,4,30,45
Algoriphagus litorisediminis,OITF-19,31,4,30,35
Algoriphagus locisalis,MSS-170T,31,4,30,35
Algoriphagus lutimaris,KCTC 22630T,36,4,30,40
Algoriphagus machipongonensis,PR1,36,4,30,40
Algoriphagus marinus,am2T,36,4,33,40
Algoriphagus marisflavi,KEM-106,31,4,30,35
Algoriphagus namhaensis,DPG-3,30,10,30,40
Algoriphagus olei,CC-Hsuan-617T,27,10,32,37
Algoriphagus resistens,NH1T,24,13,28,37
Algoriphagus roseus,W29T,12,25,28,37
Algoriphagus sanaruensis,JCM 31446T,25,15,30,40
Algoriphagus taeanensis,HMC4223T,10,20,30,30
Algoriphagus taiwanensis,CC-PR-82,20,20,30,40
Algoriphagus terrigena,DS-44,26,10,25,36
Algoriphagus trabzonensis,MS7,30,10,28,40
Algoriphagus yeomjeoni,MSS-160T,31,4,27.5,35
Algoriphagus zhangzhouensis,12C11T,36,4,25,40
Aliagarivorans marinus,AAM1T,22,15,27.5,37
Aliagarivorans marinus,AAM1,22,15,25,37
Aliagarivorans taiwanensis,,22,15,25,37
Aliagarivorans taiwanensis,AAT1,22,15,25,37
Alicyclobacillus acidiphilus,TA-67T,35,20,50,55
Alicyclobacillus acidocaldarius,DSM 446,25,45,65,70
Alicyclobacillus acidoterrestris,,20,35,47.5,55
Alicyclobacillus acidoterrestris,DSM 3922,20,35,42,55
Alicyclobacillus acidoterrestris,GD3B,20,35,42,55
Alicyclobacillus aeris,ZJ-6T,10,25,30,35
Alicyclobacillus cellulosilyticus,SueokaT,27.5,40,55,67.5
Alicyclobacillus consociatus,CCUG 53762,30,15,30,45
Alicyclobacillus contaminans,3-A191T,25,35,52.5,60
Alicyclobacillus contaminans,3-A191,25,35,50,60
Alicyclobacillus cycloheptanicus,SCH,13,40,48,53
Alicyclobacillus dauci,DSM 28700T,30,20,40,50
Alicyclobacillus disulfidooxidans,SD-11,36,4,35,40
Alicyclobacillus fastidiosus,,35,20,42.5,55
Alicyclobacillus fastidiosus,S-TAB,35,20,40,55
Alicyclobacillus ferrooxydans,TC-34T,23,17,28,40
Alicyclobacillus fodiniaquatilis,G45-16T,25,20,40,45
Alicyclobacillus genomic,,30,40,61.5,70
Alicyclobacillus herbarius,DSM 13609T,30,35,60,65
Alicyclobacillus herbarius,CP-1,30,35,55,65
Alicyclobacillus hesperidum,FR-11,25,35,50,60
Alicyclobacillus kakegawensis,,20,40,52.5,60
Alicyclobacillus kakegawensis,5-A83J,20,40,50,60
Alicyclobacillus macrosporangiidus,,25,35,52.5,60
Alicyclobacillus macrosporangiidus,5-A2392O-A,25,35,50,60
Alicyclobacillus montanus,USBA-GBX-503T,30,25,45,55
Alicyclobacillus pohliae,CIP 109385T,18,42,55,60
Alicyclobacillus pomorum,3A,30,30,47.5,60
Alicyclobacillus pomorum,DSM 14955T,30,30,45,60
Alicyclobacillus sacchari,RB718,25,30,45,55
Alicyclobacillus sendaiensis,NTAP-1T,25,40,55,65
Alicyclobacillus sendaiensis,NTAP-1,20,40,55,60
Alicyclobacillus shizuokensis,4-A336,25,35,45,60
Alicyclobacillus tengchongensis,ACK006,20,30,45,50
Alicyclobacillus tolerans,K1,35,20,37,55
Alicyclobacillus vulcanalis,DSM 16176T,30,35,55,65
Alicyclobacillus vulcanalis,CsHg2,25,35,55,60
Alicylobacillus cellulosilyticus,JCM 18487T,27.5,40,55,67.5
Aliicoccus persicus,A76T,25,20,35,45
Aliidiomarina celeris,KCTC 52891T,41,4,37,45
Aliidiomarina haloalkalitolerans,AK5,30,10,30,40
Aliidiomarina iranensis,GBPy7T,41,4,37,45
Aliidiomarina maris,CF12-14,38,4,30,42
Aliidiomarina minuta,MLST1,35,10,30,45
Aliidiomarina quisquiliarum,KCTC 82676T,36,4,37,40
Aliidiomarina sanyensis,GYP-17,35,10,30,45
Aliidiomarina sedimenti,GBSy1T,36,4,34,40
Aliidiomarina shirensis,AIST,44,1,32.5,45
Aliidiomarina shirensis,AIS,44,1,30,45
Aliidiomarina soli,Y4G10-17T,41,4,30,45
Aliidiomarina taiwanensis,AIT1T,41,4,30,45
Aliidongia dinghuensis,Z19T,27,10,28,37
Aliifodinibius halophila,2W32T,25,20,37,45
Aliifodinibius halophilus,2W32T,25,20,35,45
Aliifodinibius halophilus,2W32,25,20,33,45
Aliifodinibius roseus,YIM D15T,22,20,28,42
Aliifodinibius salicampi,KHM44T,35,15,37,50
Aliifodinibius saliphilus,KACC 19126T,30,15,37,45
Aliifodinibius sediminis,DSM 21194T,20,25,28,45
Aliiglaciecola aliphaticivorans,GSD6,33,4,30,37
Aliiglaciecola coringensis,AK49,12,25,30,37
Aliiglaciecola lipolytica,E3,32,4,30,36
Aliiglaciecola litoralis,KMM 3894,36,4,30,40
Aliikangiella marina,GYP-15T,22,15,30,37
Aliinostoc morphoplasticum,NOS,4,26,28,30
Aliiroseovarius marinus,A6024T,38,4,28,42
Aliiroseovarius pelagivivens,GYSW-22,20,10,25,30
Aliiroseovarius sediminilitoris,M-M10,33,4,30,37
Aliiroseovarius zhejiangensis,JB3,41,4,28,45
Aliivibrio salmonicida,HI 7751,21,1,15,22
Aliivibrio sifiae,H1-1,26,4,10,30
Alisedimentitalea scapharcae,MA2-16,28,4,30,32
Alishewanella aestuarii,B11T,26,18,30,44
Alishewanella aestuarii,B11,26,18,37,44
Alishewanella agri,BL06,34,10,30,44
Alishewanella alkalitolerans,LNK-7.1,35,5,25,40
Alishewanella fetalis,R2422019,17,25,37,42
Alishewanella jeotgali,MS1,36,4,30,40
Alishewanella jeotgali,MS1T,36,4,37,40
Alishewanella longhuensis,LH2-2,36,0,26,36
Alishewanella maricola,16-MAT,33,4,30,37
Alishewanella solinquinati,KMK6,25,20,37,45
Alishewanella tabrizica,RCRI4,30,10,30,40
Alishewanella tabrizica,RCRI4T,26,4,20,30
Alistipes communis,JCM 32850T,12,25,37,37
Alistipes dispar,JCM 32848T,12,25,37,37
Alistipes ihumii,AP11,20,25,37,45
Alistipes inops,627T,13,32,37,45
Alistipes onderdonkii,JCM 32839T,12,25,37,37
Alistipes senegalensis,JC50,7,30,37,37
Alkalibacillus almallahensis,CECT 8373T,35,15,38,50
Alkalibacillus almallahensis,S1LM8,35,15,35,50
Alkalibacillus filiformis,4AGT,30,15,30,45
Alkalibacillus flavidus,ISL-17,50,10,37,60
Alkalibacillus flavidus,KCTC 13258T,45,10,37,55
Alkalibacillus halophilus,YIM 012,30,25,30,55
Alkalibacillus salilacus,BH163T,25,15,30,40
Alkalibacillus silvisoli,JCM 14193T,30,20,30,50
Alkalibacter saccharofermentans,Z-79820,44,6,35,50
Alkalibacterium gilvum,3AD-1T,37,0,25,37
Alkalibacterium gilvum,3AD-1,37,0,20,37
Alkalibacterium iburiense,JCM 12662T,35,10,37,45
Alkalibacterium iburiense,M3,40,5,30,45
Alkalibacterium indicireducens,A11T,20,15,25,35
Alkalibacterium indicireducens,A11,25,15,20,40
Alkalibacterium kapii,,37.5,5,31,42.5
Alkalibacterium kapii,S8.1.2,30,10,25,40
Alkalibacterium olivapovliticus,WW2-SN4a,33,4,27,37
Alkalibacterium pelagium,T143-1-1,37.5,10,37,47.5
Alkalibacterium psychrotolerans,IDR2-2,40,5,34,45
Alkalibacterium putridalgicola,T129-2-1,47,-2,37,45
Alkalibacterium subtropicum,O24-2T,25,15,25,40
Alkalibacterium subtropicum,O24-2,25,15,20,40
Alkalibacterium thalassium,T117-1-2,32.5,10,37,42.5
Alkalibaculum bacchi,CP11,25,15,37,40
Alkalibaculum sporogenes,KCTC 15840T,37,5,30,42
Alkalicoccus halolimnae,BZ-SZ-XJ29T,36,5,33,41
Alkalicoccus saliphilus,6AG,46,4,37,50
Alkaliflexus imshenetskii,Z-7010,34,10,35,44
Alkalilactibacillus ikkensis,GCM68,25,0,20,25
Alkalilacustris brevis,34079T,40,10,35,50
Alkalilimnicola ehrlichii,MLHE-1T,27,13,30,40
Alkalilimnicola halodurans,34Alc,35,20,35,55
Alkalimarinus sediminis,FA028T,24,13,28,37
Alkalimicrobium pacificum,F15T,46,4,36,50
Alkalimicrobium pacificum,F15,46,4,35,50
Alkalimonas collagenimarina,AC40,32,5,33,37
Alkaliphilus crotonatoxidans,B11-2,30,15,37,45
Alkaliphilus halophilus,E2RT,27,15,32,42
Alkaliphilus hydrothermalis,FatMR1,35,20,37,55
Alkaliphilus namsaraevii,Х-07-2T (=VKM В-2746Т=DSM 26418Т),22,25,30,47
Alkaliphilus oremlandii,OhILAs,12,32,37,44
Alkaliphilus peptidifermentans,Z-7036,34,6,35,40
Alkaliphilus transvaalensis,SAGM1,30,20,40,50
Alkalispirillum mobile,SL-1,15,30,35,45
Alkalispirochaeta alkalica,Z-7491,29,15,33,44
Alkalispirochaeta americana,,25,15,35,40
Alkalispirochaeta americana,ASpG1,35,10,37,45
Alkalispirochaeta cellulosivorans,JC227,25,15,35,40
Alkalispirochaeta cellulosivorans,KCTC 15343T,25,15,32,40
Alkalispirochaeta odontotermitis,,25,15,35,40
Alkalispirochaeta odontotermitis,JC202,25,15,32,40
Alkalispirochaeta sphaeroplastigenens,,25,15,35,40
Alkalispirochaeta sphaeroplastigenens,JC131,25,15,35,40
Alkalitalea saponilacus,SC/BZ-SP2T,32,8,36,40
Alkalitalea saponilacus,SC/BZ-SP2,32,8,35,40
Alkanibacter difficilis,MN154.3T,32,13,30,45
All gaps,JCM 16476T,25,15,35,40
All growth,3753OT,18,42,50,60
All media,JCM 16476T,25,15,35,40
All media,JCM 31555T,25,10,30,35
All members,DSM 11002,25,20,42,45
All six,JCM 16476T,25,15,35,40
All strains,of M,35,15,34,50
All strains,N,20,20,37,40
All strains,DSM 12178T,30,10,30,40
All strains,ATCC 35265T,25,45,60,70
All strains,"by the ability to degrade xylan, starch and some other polysaccharides, by greater tolerance of acidic pH and by the inability to reduce nitrate",33,4,25,37
All strains,"of Marinicola seohaensis had a very close phylogenetic relationship with the recognized species of the genus Roseivirga, demonstrating 99",36,4,30,40
All strains,BCRC 17935T,35,10,35,45
All strains,JCM 30603T,22,20,30,42
All strains,34079T,40,10,35,50
All tests,"by the ability to degrade xylan, starch and some other polysaccharides, by greater tolerance of acidic pH and by the inability to reduce nitrate",33,4,25,37
Alloactinosynnema album,03-9939,17,20,30,37
Alloactinosynnema album,03-9939T,17,20,28,37
Alloactinosynnema iranicum,CECT 8209T,20,20,30,40
Allobacillus halotolerans,BCRC 17939T,25,20,37,45
Allobaculum fili,NCTC 14627T,12,30,37,42
Allobaculum mucilyticum,NCTC 14626T,5,37,37,42
Allobaculum stercoricanis,DSM 13633,10,30,37,40
Allobranchiibius huperziae,CPCC 204077,22,10,29,32
Allobranchiibius huperziae,CPCC 204077T,22,10,28,32
Allocatelliglobosispora scoriae,Sco-B14,38,4,30,42
Allochromatium humboldtianum,AX1YPE,10,25,30,35
Allochromatium phaeobacterium,JA144T,10,25,30,35
Allochromatium renukae,JA136T,5,25,30,30
Allofrancisella frigidaquae,SYSU 10HL1970,19,18,32,37
Allofrancisella inopinata,SYSU YG23T,19,18,32,37
Allohahella antarctica,IMCC3113,22,3,25,25
Allohahella marinimesophila,H94,33,4,28,37
Allohumibacter endophyticus,MWE-A11T,22,15,30,37
Allokutzneria albata,R761-7,28,17,37,45
Allokutzneria multivorans,YIM 120521T,36,4,28,40
Allonocardiopsis opalescens,I10A-01259T,20,20,28,40
Alloprevotella rava,81/4-12T,12,30,35,42
Allorhizocola rhizosphaerae,DSM 102292T,20,20,28,40
Allosalinactinospora lopnorensis,CA15-2,22,20,37,42
Alloscardovia macacae,M8,10,30,37,40
Alloscardovia omnicolens,CCUG 31649,17,28,37,45
Alloscardovia theropitheci,DSM 106019T,16,30,37,46
Alloscardovia venturai,MOZIV/2T,10,30,37,40
Allostreptomyces indica,YIM 75704,35,10,28,45
Allostreptomyces psammosilenae,YIM DR4008T,40,10,29,50
Allostreptomyces psammosilenae,YIM DR4008,40,10,28,50
Alsobacter metallidurans,SK200a-9T,30,10,30,40
Alsobacter metallidurans,SK200a-9,30,10,25,40
Alsobacter soli,JCM 32501T,25,15,30,40
Altererythrobacter aerius,100921-2T,46,4,30,50
Altererythrobacter aerophilus,KCTC 62387T,35,10,40,45
Altererythrobacter aestiaquae,HDW-31T,33,4,30,37
Altererythrobacter aestuarii,KYW147,30,10,30,40
Altererythrobacter amylolyticus,NS1T,25,15,28,40
Altererythrobacter aquaemixtae,JSSK-8,27,10,30,37
Altererythrobacter aquiaggeris,KEM-3T,26,4,25,30
Altererythrobacter atlanticus,26DY36,35,10,30,45
Altererythrobacter aurantiacus,O30,36,4,37,40
Altererythrobacter buctensis,M0322,25,15,30,40
Altererythrobacter confluentis,KEM-4,27,13,30,40
Altererythrobacter deserti,THG-S3T,20,15,28,35
Altererythrobacter dongtanensis,JM27T,27,10,30,37
Altererythrobacter endophyticus,CECT 9129T,19,18,30,37
Altererythrobacter epoxidivorans,JCM 13815T,20,20,35,40
Altererythrobacter flavus,MS1-4T,27,13,34,40
Altererythrobacter fulvus,S-54,30,15,20,45
Altererythrobacter gangjinensis,KJ7T,30,5,25,35
Altererythrobacter halimionae,CECT 9130T,19,18,30,37
Altererythrobacter indicus,MSSRF26T,38,4,28,42
Altererythrobacter indicus,MSSRF26,38,4,25,42
Altererythrobacter ishigakiensis,NBRC 107699T,15,25,35,40
Altererythrobacter lauratis,YIM 75003,45,10,37,55
Altererythrobacter luteolus,SW-109,32,4,30,36
Altererythrobacter mangrovi,C9-11T,22,15,30,37
Altererythrobacter marensis,KCTC 22370T,38,4,30,42
Altererythrobacter marinus,LMG 24629T,32,10,25,42
Altererythrobacter namhicola,KYW48,22,15,30,37
Altererythrobacter oceanensis,Y2,36,4,35,40
Altererythrobacter palmitatis,YIM 75004,45,10,37,55
Altererythrobacter rhizovicinus,AY-3RT,22,20,30,42
Altererythrobacter rigui,WW3,33,4,25,37
Altererythrobacter salegens,XY-R17T,25,10,30,35
Altererythrobacter sediminis,CAU1172,17,20,30,37
Altererythrobacter soli,MN-1T,33,4,28,37
Altererythrobacter soli,MN-1,33,4,30,37
Altererythrobacter spongiae,LMG 30461T,32,10,28,42
Altererythrobacter troitsensis,KCTC 12303T,35,4,25,39
Altererythrobacter xiamenensis,LY02,40,4,28,44
Altererythrobacter xinjiangensis,S3-63T,17,20,30,37
Altererythrobacter xixiisoli,S36T,27,10,32,37
Alteribacillus alkaliphilus,JC229,30,20,35,50
Alteribacillus alkaliphilus,LMG 28999T,30,20,40,50
Alteribacillus bidgolensis,P4B,15,25,35,40
Alteribacillus iranensis,X5B,20,25,35,45
Alteribacillus persepolensis,HS136,20,25,40,45
Alteriqipengyuania flavescens,KCTC 92502T,27,10,28,37
Alteristakelama amylovorans,LT1P40T,30,0,20,30
Alterococcus agarolyticus,ADT3,20,38,48,58
Alteromonas abrolhosensis,PEL67E,20,20,30,40
Alteromonas aestuariivivens,JDTF-113,30,10,30,40
Alteromonas alba,KCTC 62227T,36,4,30,40
Alteromonas colwelliana,ATCC 39565,22,8,25,30
Alteromonas confluentis,DSSK2-12,30,10,30,40
Alteromonas denitrificans,ATCC 43337,20.5,2.5,14.5,23
Alteromonas gilva,KACC 22866T,30,15,38,45
Alteromonas gracilis,JCM 30236T,38,5,37,43
Alteromonas halophila,JSM 073008,30,10,25,40
Alteromonas hispanica,F-32T,36,4,32,40
Alteromonas lipolytica,JW12T,39,4,30,43
Alteromonas lipolytica,JW12,28,15,30,43
Alteromonas litorea,TF-22,33,10,30,43
Alteromonas litorea,JCM 12188T,33,10,37,43
Alteromonas macleodii,107,40,4,30,44
Alteromonas marina,SW-47T,40,4,30,44
Alteromonas naphthalenivorans,SN2T,33,4,30,37
Alteromonas naphthalenivorans,SN2,33,4,25,37
Alteromonas oceani,S35T,46,4,28,50
Alteromonas pelagimontana,5.12T,36,4,35,40
Alteromonas portus,HB161718,30,10,30,40
Alteromonas sediminis,KCTC 62080T,20,20,37,40
Alteromonas simiduii,,30,10,30,40
Alteromonas stellipolaris,ANT 69a,32,5,20,37
Alteromonas tagae,AT1T,25,15,30,40
Although concentrations,JCM 31555T,25,10,30,35
Although phylogenetically,DSM 14954T,19,19,30,38
Altibacter lentus,JLT2010,27,10,25,37
Alysiella filiformis,ATCC 15532,7,33,37,40
Amaricoccus solimangrovi,HB172011T,30,10,30,40
Aminicella lysinilytica,WN037,20,15,30,35
Aminiphilus circumscriptus,ILE-2T,30,25,42,55
Aminipila butyrica,FH042T,25,10,30,35
Aminivibrio pyruvatiphilus,4F6ET,22,20,37,42
Amino acids,DSM 11002,25,20,42,45
Amino acids,ATCC 29719,36,4,28,40
Amino acids,JCM 16476T,25,15,35,40
Aminobacterium mobile,ILE-3T,22,20,37,42
Aminobacterium thunnarium,OTA 102T,15,30,40,45
Aminomonas paucivorans,GLU-3,20,20,35,40
Ammonifex degensii,KC4,20,57,70,77
Ammonifex thiophilus,SRT,22,60,75,82
Ammoniibacillus agariperforans,FAB2T,15,50,60,65
Ammoniphilus oxalaticus,RAOx-1,30,10,29,40
Ammoniphilus oxalivorans,,18,20,29,38
Ammoniphilus oxalivorans,RAOx-FS,18,20,28,38
Ammoniphilus resinae,BCRC 80314T,17,20,30,37
Amnibacterium endophyticum,1T4Z-3T,25,10,29,35
Amnibacterium endophyticum,1T4Z-3,25,10,28,35
Amnibacterium flavum,KCTC 49089T,33,4,28,37
Amnibacterium kyonggiense,KSL51201-037,27,10,30,37
Amnibacterium soli,PB243T,22,10,30,32
Among them,WS4937T,27,12,33,39
Amorphus coralli,LMG 24307T,15,22,30,37
Amorphus orientalis,YIM D10,22,15,28,37
Amorphus suaedae,YC6899,28,12,25,40
Amphibacillus cookii,DSM 23721T,32.5,14.5,39,47
Amphibacillus cookii,JW/BP-GSL-QD,32,15,39,47
Amphibacillus iburiensis,N314T,13,26,36,39
Amphibacillus indicireducens,C40T,22,17,35,39
Amphibacillus jilinensis,Y1T,30,15,32,45
Amphibacillus jilinensis,Y1,27,15,32,42
Amphibacillus marinus,J1,48,7,28,55
Amphibacillus sediminis,Shu-P-Ggiii25-2,38,17,27,55
Amphibacillus tropicus,Z-7792,38,18,38,56
Amphiplicatus metriothermophilus,GU51T,28,37,49,65
Amphiplicatus metriothermophilus,GU51,28,37,48,65
Amphritea atlantica,DSM 18887T,36,4,31,40
Amphritea atlantica,M41,36,4,31,40
Amphritea balenae,JAMM 1525,24,4,20,28
Amphritea ceti,RA1T,20,10,25,30
Amphritea japonica,JAMM 1866,24,4,22,28
Amphritea opalescens,KCTC 62532T,32,10,28,42
Amphritea spongicola,MEBiC05461,27.6,8,30,35.6
Ampullimonas aquatilis,B15.09-116,20,15,30,35
Amycolatopsis acidiphila,KCTC 39523T,25,15,30,40
Amycolatopsis alba,A83850 (= NRRL 18532),45,5,30,50
Amycolatopsis albidoflavus,IMSNU 22139,27,10,30,37
Amycolatopsis albispora,WP1T,41,4,32.5,45
Amycolatopsis albispora,WP1,41,4,30,45
Amycolatopsis alkalitolerans,SYSUP0005,23,14,28,37
Amycolatopsis australiensis,GY048,17,28,28,45
Amycolatopsis cappadoca,AG28,17,20,28,37
Amycolatopsis cihanbeyliensis,BNT52,17,20,28,37
Amycolatopsis coloradensis,NRRL 3218,27,10,28,37
Amycolatopsis deserti,GY024,25,25,45,50
Amycolatopsis dongchuanensis,JCM 18054T,35,10,28,45
Amycolatopsis eburnea,TBRC 9315T,20,20,20,40
Amycolatopsis echigonensis,LC2T,40,5,30,45
Amycolatopsis endophytica,KLBMP 1221,30,15,25,45
Amycolatopsis flava,AFM 10111,15,20,30,35
Amycolatopsis halophila,YIM 93223,20,25,37,45
Amycolatopsis halotolerans,,27,10,30,37
Amycolatopsis jejuensis,N7-3T,20,10,30,30
Amycolatopsis jiangsuensis,KLBMP 1262,22,15,28,37
Amycolatopsis jiguanensis,CFH S01580,20,10,20,30
Amycolatopsis keratiniphila,D2T,18,10,25,28
Amycolatopsis magusensis,KT2025,17,20,28,37
Amycolatopsis marina,Ms392A,35,10,28,45
Amycolatopsis methanolica,NCIB 11946,17,20,30,37
Amycolatopsis minnesotensis,32U-2T,20,10,30,30
Amycolatopsis nigrescens,CSC17Ta-90T,20,20,28,40
Amycolatopsis niigatensis,LC11T,40,5,30,45
Amycolatopsis oliviviridis,SCM_MK2-4,12,25,30,37
Amycolatopsis palatopharyngis,1BDZT,30,10,37,40
Amycolatopsis panacis,KCTC 49031T,25,15,28,40
Amycolatopsis plumensis,SBHS Strp1T,17,20,30,37
Amycolatopsis ponsaeliensis,CECT 30870T,16,12,28,28
Amycolatopsis regifaucium,GY080T,9,28,28,37
Amycolatopsis rhabdoformis,SB026T,27,10,28,37
Amycolatopsis rhizosphaerae,DH51B-4-3,33,12,30,45
Amycolatopsis rifamycinica,NT 19,27,10,28,37
Amycolatopsis ruanii,,30,20,28,50
Amycolatopsis rubida,13.4T,30,10,28,40
Amycolatopsis saalfeldensis,HKI 0457,15,20,28,35
Amycolatopsis sacchari,K24,25,20,30,45
Amycolatopsis salitolerans,TRM F103T,20,25,37,45
Amycolatopsis samaneae,RM287,24,16,28,40
Amycolatopsis silviterrae,C12CA1,25,15,28,40
Amycolatopsis stemonae,ST1-08,25,15,25,40
Amycolatopsis stemonae,JCM 30050T,25,15,37,40
Amycolatopsis suaedae,TBRC 8488T,30,15,28,45
Amycolatopsis thailandensis,CMU-PLA07T,32,5,30,37
Amycolatopsis thailandensis,CMU-PLA07,27,10,25,37
Amycolatopsis thermophila,GY088,40,10,50,50
Amycolatopsis ultiminotia,RP-AC36,41,4,30,45
Amycolatopsis ultiminotia,DSM 45180T,27,10,20,37
Amycolatopsis viridis,,40,10,50,50
Amycolatopsis xylanica,CPCC 202699,35,10,28,45
Amycolicicoccus subflavus,DSM 45089T,27,15,37,42
Amylibacter cionae,H-12,25,10,25,35
Amylibacter kogurei,4G11T,25,5,15,30
Amylibacter lutimaris,m18T,30,10,30,40
Amylibacter marinus,2-3T,20,10,22.5,30
Amylibacter marinus,2寧3擔,20,10,20,30
Amylibacter ulvae,6Alg 255,29,4,25,33
Anaeroarcus burkinensis,ATCC 51455,30,13,35,43
Anaerobacillus alkalidiazotrophicus,MS6,28,15,33,43
Anaerobacillus alkalilacustris,Z-0521,22,18,30,40
Anaerobacillus alkaliphilus,DSM 29790T,30,10,25,40
Anaerobacillus isosaccharinicus,DSM 100644T,30,10,30,40
Anaerobacterium chartisolvens,T-1-35T,25,15,35,40
Anaerobaculum hydrogeniformans,DSM 22491T,25,40,55,65
Anaerobaculum thermoterrenum,RWcit2T,32,28,55,60
Anaerobic growth,JCM 30603T,22,20,30,42
Anaerobiospirillum succiniciproducens,S411,15,25,37,40
Anaerobiospirillum thomasii,NCTC 12467,10,33,37,43
Anaerobium acetethylicum,LMG 28619T,22,15,30,37
Anaerobranca californiensis,PAOHA-1T,25,45,58,70
Anaerobranca gottschalkii,LBS3,35,30,52.5,65
Anaerobranca gottschalkii,DSM 13577T,35,30,50,65
Anaerobranca horikoshii,JW/YL-138T,32,34,57,66
Anaerobranca zavarzinii,JW/VK-KS5YT,30,34,57,64
Anaerobranca zavarzinii,JW/VK-KS5Y,30,34,54,64
Anaerobutyricum soehngenii,DSM 17630T,10,35,37,45
Anaerocella delicata,WN081,27,10,25,37
Anaerococcus pacaensis,9403502,5,32,37,37
Anaerococcus provencensis,9402080,14,23,35,37
Anaerococcus rubeinfantis,mt16,17,28,37,45
Anaerococcus senegalensis,JC48,7,30,37,37
Anaerocolumna cellulosilytica,SN021T,25,15,35,40
Anaerofilum agile,,24,21,37,45
Anaerofilum agile,Fae,28,17,37,45
Anaerofilum pentosovorans,DSM 7168,28,17,25,45
Anaerofilum pentosovorans,F,28,17,37,45
Anaerohalosphaera lusitana,DSM 103484T,20,25,37,45
Anaerolinea thermolimosa,IMO-1T,13,42,50,55
Anaerolinea thermophila,JCM 11387T,10,50,55,60
Anaerolinea thermophila,UNI-1,5,55,55,60
Anaeromicrobium sediminis,DY2726D,15,25,37,40
Anaeromicropila herbilytica,NBRC 112093T,25,15,37,40
Anaeromusa acidaminophila,DKglu16,21,25,38,46
Anaerophaga thermohalophila,Fru22,18,37,50,55
Anaerosacchariphilus polymeriproducens,KCTC 15595T,22,20,38,42
Anaerosalibacter bizertensis,DSM 23801T,30,25,40,55
Anaerosalibacter massiliensis,ND1,8,37,37,45
Anaerosolibacter carboniphilus,IRF19,25,20,40,45
Anaerosphaera aminiphila,WN036T,27,10,35,37
Anaerosphaera aminiphila,WN036,27,10,35,37
Anaerosphaera multitolerans,DSM 107952T,22,23,30,45
Anaerosporobacter mobilis,HY-37-4,25,15,30,40
Anaerosporomusa subterranea,RU4T,6,24,28,30
Anaerostipes butyraticus,LMG 24724T,12,35,37,47
Anaerostipes hadrus,Anaerostipes hadrus,15,30,37,45
Anaerostipes rhamnosivorans,1y-2T,30,15,37,45
Anaerotaenia torta,,25,15,35,40
Anaerotaenia torta,JCM 30820T,20,20,35,40
Anaerotignum aminivorans,SH021T,25,15,35,40
Anaerotignum lactatifermentans,G17,17,30,41,47
Anaerotignum neopropionicum,X4,25,15,30,40
Anaerovibrio burkinabensis,DSM 6283,30,13,35,43
Anaerovirgula multivorans,JCM 12857T,35,10,35,45
Anaerovorax odorimutans,NorPut1,38,12,37,50
Analyses revealed,WS4937T,27,12,33,39
Ancylobacter dichloromethanicus,DM16,33,4,28,37
Ancylobacter polymorphus,,46,4,29,50
Ancylobacter rudongensis,AS 1.1761,41,4,29,45
Ancylobacter sonchi,OsotT,20,10,22,30
Ancylobacter sonchi,Osot,20,10,22,30
Ancylobacter terrae,KCTC 8858T,10,20,30,30
Ancylobacter vacuolatus,DSM 1277,33,4,29,37
Ancylomarina subtilis,FA102T,25,8,29,33
Ancylomarina subtilis,FA102,25,8,28,33
Anderseniella baltica,BA141T,27,10,27.5,37
Anderseniella baltica,BA141,27,10,25,37
Andreesenia angusta,MK-1,27,18,37,45
Andreprevotia chitinilytica,JS11-7T,30,5,28,35
Andreprevotia lacus,GFC-1,22,15,28,37
Andreprevotia lacus,GFC-1T,22,15,30,37
Aneurinibacillus aneurinilyticus,DSM5562,30,20,37,50
Aneurinibacillus danicus,NCIMB 13288,20,35,47.5,55
Aneurinibacillus sediminis,1-10M-8-7-50T,35,25,41,60
Aneurinibacillus sediminis,1-10M-8-7-50,35,25,40,60
Aneurinibacillus soli,CB4,20,20,32.5,40
Aneurinibacillus terranovensis,LMG22483,35,20,37,55
Aneurinibacillus thermoaerophilus,LMG 17165T,40,20,55,60
Aneurinibacillus tyrosinisolvens,LL-002T,20,10,25,30
Angiococcus disciformis,CMU-1,15,19,29,34
Angulomicrobium amanitiforme,NCIMB 1785,25,15,30,40
Angulomicrobium tetraedrale,Z乚2821,20,15,28,35
Angustibacter aerolatus,7402J-48T,34,4,28,45
Angustibacter aerolatus,7402J-48,27,10,30,37
Angustibacter peucedani,RS-50T,38,4,30,42
Angustibacter peucedani,RS-50,27,10,30,37
Angustibacter speluncae,YC2-20T,17,20,30,37
Annwoodia aquaesulis,ATCC 43788,25,30,43,55
Annwoodia aquaesulis,DSM 4255T,25,30,45,55
Another substantial,T9T,30,10,30,40
Anoxybacillus amylolyticus,MR3C,20,45,61,65
Anoxybacillus ayderensis,NCIMB 13972T,40,30,50,70
Anoxybacillus bogrovensis,BT 13T,29,40,65,69
Anoxybacillus caldiproteolyticus,,33,37,60,70
Anoxybacillus caldiproteolyticus,SF03,30,35,60,65
Anoxybacillus calidus,C161abT,35,35,55,70
Anoxybacillus contaminans,DSM 15866,20,40,50,60
Anoxybacillus eryuanensis,E-112,35,35,55,70
Anoxybacillus eryuanensis,KCTC 13720T,35,35,50,70
Anoxybacillus flavithermus,DSM 2641,42,30,60,72
Anoxybacillus geothermalis,GSsed3T,25,40,60,65
Anoxybacillus gonensis,G2T,30,40,57.5,70
Anoxybacillus gonensis,G2,30,40,55,70
Anoxybacillus kamchatkensis,JW/VK-KG4,29,38,60,67
Anoxybacillus kaynarcensis,D1021,35,35,60,70
Anoxybacillus kestanbolensis,,30,40,52.5,70
Anoxybacillus kestanbolensis,NCIMB 13971T,30,40,50,70
Anoxybacillus kestanbolensis,K4,30,40,50,70
Anoxybacillus mongoliensis,T4,45,30,60,75
Anoxybacillus pushchinensis,K1T,29,37,62,66
Anoxybacillus pushchinoensis,K1,28,37,62,65
Anoxybacillus rupiensis,R270,32,35,55,67
Anoxybacillus salavatliensis,A343,32,37,60,69
Anoxybacillus suryakundensis,JS1,20,40,55,60
Anoxybacillus tengchongensis,KCTC 13721T,45,30,50,75
Anoxybacillus tepidamans,LMG 26208T,25,40,55,65
Anoxybacillus tepidamans,GS5-97,28,39,55,67
Anoxybacillus thermarum,AF/04,12,55,65,67
Anoxybacillus vitaminiphilus,3nP4T,28,38,58.5,66
Anoxybacillus vitaminiphilus,3nP4,28,38,57,66
Anoxybacillus voinovskiensis,TH13,34,30,54,64
Anoxybacter fermentans,DY22613,28,44,61,72
Anoxybacter fermentans,DY22613T,28,44,60,72
Anoxynatronum buryatiense,Su22T,20,20,30,40
Anoxynatronum sibiricum,Z-7981,16,25,35,41
Anseongella ginsenosidimutans,Gsoil 524T,22,15,30,37
Antarcticibacterium arcticum,PAMC 28998T,33,4,25,37
Antarcticibacterium flavum,JB01H24T,36,4,25,40
Antarctobacter heliothermus,EL-219T,30.5,3,20,33.5
Antarctobacter heliothermus,EL-219,40.5,3,16,43.5
Antribacter gilvus,CFH 30434T,31,4,28,35
Antricoccus suffuscus,C4-31T,26,4,30,30
Apibacter adventoris,wkB301,20,20,32.5,40
Apibacter muscae,G8,17,20,28,37
Apibacter raozihei,CGMCC 1,26,14,35,40
Aquabacter cavernae,Sn-9-2T,25,15,30,40
Aquabacterium fontiphilum,CS-6,27,15,25,42
Aquabacterium limnoticum,ABP-4,20,20,30,40
Aquabacterium limnoticum,ABP-4T,20,20,37,40
Aquabacterium olei,NHI-1,27,10,28,37
Aquabacterium olei,KACC 18244T,27,10,28,37
Aquabacterium pictum,DSM 106757T,25,10,30,35
Aquabacterium tepidiphilum,KCTC 52716T,25,25,37,50
Aquamicrobium aestuarii,G210T,30,15,32.5,45
Aquamicrobium aestuarii,G210,30,15,30,45
Aquamicrobium terrae,hun6,35,10,30,45
Aquaspirillum arcticum,Res-10,20,0,15,20
Aquaspirillum autotrophicum,SA 32,25,10,28,35
Aquaspirillum bengal,ATCC 27641,27,15,41,42
Aquaspirillum psychrophilum,CA1,24,2,20,26
Aquaspirillum soli,KACC 18846T,38,4,25,42
Aquaticitalea lipolytica,Ar-125T,33,4,29,37
Aquaticitalea lipolytica,Ar-125,22,15,30,37
Aquibacillus halophilus,B6B,20,20,35,40
Aquibacillus salifodinae,WSY08-1,25,20,37,45
Aquibacillus sediminis,KACC 18680T,30,15,35,45
Aquibacter zeaxanthinifaciens,CC-AMZ-304T,15,20,30,35
Aquicella lusitana,SGT-39,13,30,37,43
Aquicoccus porphyridii,L1 8-17T,20,20,37,40
Aquicoccus porphyridii,L1 8-17,23,20,37,43
Aquidulcibacter paucihalophilus,TH1-2,17,20,30,37
Aquifex pyrophilus,Kol5a,28,67,85,95
Aquiflexum aquatile,KCTC 62450T,33,4,30,37
Aquiflexum balticum,BA160,36,4,30,40
Aquihabitans daechungensis,CH22-21T,22,15,30,37
Aquimarina addita,JC2680,26,4,25,30
Aquimarina agarilytica,ZC1,26,4,24,30
Aquimarina agarivorans,HQM9,41,4,29,45
Aquimarina aggregata,RZW4-3-2,38,4,28,42
Aquimarina amphilecti,92VT,20,10,25,30
Aquimarina atlantica,22II-S11-z7,31,10,25,41
Aquimarina celericrescens,NS08T,27,10,30,37
Aquimarina hainanensis,M124T,21,16,28,37
Aquimarina intermedia,DSM 17527T,32,4,28,36
Aquimarina litoralis,CNURIC011,20,10,25,30
Aquimarina longa,SW024,26,4,16,30
Aquimarina longa,,38,4,28,42
Aquimarina macrocephali,JCM 15542T,22,8,24,30
Aquimarina megaterium,XH134T,29,8,29,37
Aquimarina megaterium,XH134,29,8,28,37
Aquimarina mytili,PSC33,22,15,25,37
Aquimarina pacifica,SW150T,22,8,28,30
Aquimarina penaei,P3-1,27,10,28,37
Aquimarina rhabdastrellae,RHTr2T,20,17,30,37
Aquimarina rubra,SS2-9T,27,10,28,37
Aquimarina salinaria,antisso-27,22,15,25,37
Aquimarina seongsanensis,CBA3208,20,10,25,30
Aquimarina spongiae,KCTC 22663T,25,10,30,35
Aquimarina spongiicola,122CH820-2T,10,20,30,30
Aquimarina versatilis,CBA3207,30,10,25,40
Aquimarina versatilis,CBA3207T,30,10,25,40
Aquimixticola soesokkakensis,DSSK2-3,30,4,30,34
Aquincola agrisoli,KACC 22001T,25,15,30,40
Aquincola rivuli,KYPY4T,15,25,30,40
Aquincola tertiaricarbonis,L10T,36,4,30,40
Aquipuribacter hungaricus,IV-75,17,20,20,37
Aquipuribacter nitratireducens,AMV4,8,37,37,45
Aquisalibacillus elongatus,SH4sT,49,6,37,55
Aquisalibacillus elongatus,SH4s,35,20,37,55
Aquisalimonas asiatica,CG12T,30,20,37,50
Aquisalimonas halophila,YIM 95345,30,15,32.5,45
Aquisalimonas halophila,YIM 95345T,30,15,30,45
Aquisalimonas lutea,BA42AL-1T,30,15,37,45
Aquisalinus flavus,D11M-2,25,10,30,35
Aquisediminimonas profunda,KCTC 52068T,22,15,25,37
Aquisediminimonas sediminicola,KCTC 62205T,22,15,25,37
Aquisphaera giovannonii,OJF2,25,10,30,35
Aquitalea denitrificans,5YN1-3,30,10,30,40
Aquitalea magnusonii,TRO-001DR8T,12,28,35,40
Aquitalea magnusonii,TRO-001DR8,41,4,35,45
Aquitalea pelogenes,P1297,22,15,30,37
Arachidicoccus ginsenosidivorans,Gsoil 809T,27,10,30,37
Arachidicoccus rhizosphaerae,Vu-144T,17,20,30,37
Arboriscoccus pini,B29T1,22,15,26,37
Archaeoglobus fulgidus,VC-16,30,60,83,90
Archaeoglobus infectus,Arc51,15,60,70,75
Archaeoglobus lithotrophicus,TF2,32,55,80,87
Archaeoglobus profundus,AV18,25,65,82,90
Archaeoglobus sulfaticallidus,PM70-1,20,60,75,80
Archaeoglobus veneficus,SNP6,20,65,80,85
Archangium disciforme,CMU 1,15,19,28,34
Archangium gephyra,M18,22,18,18,40
Archangium minus,Cb m2,19,18,20,37
Archive using,IA91T,20,25,40,45
Arcicella aquatica,LMG 21963T,2,28,28,30
Arcicella aquatica,NO-502,36,4,28,40
Arcicella aurantiaca,TNR-18,20,10,25,30
Arcicella rigui,NSW-5T,30,10,25,40
Arcobacter acticola,AR-13,26,4,30,30
Arcobacter anaerophilus,KCTC 15071T,12,25,30,37
Arcobacter defluvii,SW28-11,24,18,30,42
Arcobacter haliotis,MA5T,15,10,25,25
Arcobacter halophilus,LA31B,19,18,25,37
Arcobacter lanthieri,AF1440,12,25,30,37
Arcobacter lanthierii,AF1440,12,25,30,37
Arcobacter marinus,CL-S1,30,10,30,40
Arcobacter mytili,F2075,19,18,30,37
Arcobacter nitrofigilis,CCUG 15893T,22,15,30,37
Arcobacter pacificus,SW028,45,0,37,45
Arcobacter trophiarum,64T,12,18,28,30
Arcticibacter eurypsychrophilus,MJ9-5T,26,-1,12.5,25
Arcticibacter eurypsychrophilus,MJ9-5,26,-1,10,25
Arcticibacter pallidicorallinus,Hh36T,26,4,22.5,30
Arcticibacter pallidicorallinus,Hh36,26,4,20,30
Arcticibacter svalbardensis,MN12-7,21,4,18,25
Arcticibacterium luteifluviistationis,SM1504,29,4,20,33
Arcticibacterium luteifluviistationis,KCTC 42716T,26,4,20,30
Arcticiflavibacter luteus,KCTC 32514T,31,4,20,35
Ardenticatena maritima,110S,70,20,55,90
Arenibacillus arenosus,KCTC 42827T,17,20,30,37
Arenibacter algicola,TG-409,20,10,30,30
Arenibacter antarcticus,R18H21T,36,4,25,40
Arenibacter aquaticus,KCTC 62629T,35,15,25,50
Arenibacter catalasegens,P308H10T,32,4,20,36
Arenibacter echinorum,KCTC 22013T,31,4,26,35
Arenibacter echinorum,KMM 6032,31,4,24,35
Arenibacter flavimaris,KACC 23249T,25,15,30,40
Arenibacter hampyeongensis,HP12T,30,5,25,35
Arenibacter latericius,KMM 426,32,10,28,42
Arenibacter nanhaiticus,NH36AT,30,10,30,40
Arenibacter palladensis,KMM 3961,34,4,23,38
Arenibacter troitsensis,JCM 11736T,32,10,30,42
Arenibacterium halophilum,KCTC 62998T,17,20,30,37
Arenicella chitinivorans,KMM 6208,34,4,25,38
Arenicella xantha,KMM 3895,30,5,25,35
Arenimicrobium luteum,DSM 26556T,36.6,8,28,44.6
Arenimonas aestuarii,S2-21T,25,15,27.5,40
Arenimonas aestuarii,S2-21,25,15,25,40
Arenimonas aquatica,NA-09,35,10,25,45
Arenimonas caeni,z29T,27,15,30,42
Arenimonas daechungensis,CH15-1T,27,10,30,37
Arenimonas daejeonensis,T7-07T,22,15,30,37
Arenimonas donghaensis,HO3-R19,33,4,28,37
Arenimonas halophila,CAU 1453T,27,10,30,37
Arenimonas malthae,CCUG 53596T,21,15,30,36
Arenimonas maotaiensis,YT8T,17,25,35,42
Arenimonas metalli,CF5-1,33,4,28,37
Arenimonas oryziterrae,YC6267,22,15,28,37
Arenimonas soli,Y3L17,30,15,35,45
Arenimonas subflava,PYM3-14T,33,4,28,37
Arenimonas subflava,PYM3-14,17,20,28,37
Arenimonas taoyuanensis,YN2-31A,25,20,28,45
Arenitalea lutea,P7-3-5T,36,4,30,40
Arenivirga flava,HIs16-32T,18,10,25,28
Arenivirga flava,HIs16-32,18,10,25,28
Arhodomonas aquaeolei,HA-1,40,5,37,45
Arhodomonas recens,RS91,25,20,37,45
Aridibacter famidurans,DSM 26555T,29,15,24,44
Aridibacter famidurans,A22_HD_4H,29,15,24,44
Aridibacter kavangonensis,DSM 26558T,35,12,36,47
Aridibacter kavangonensis,Ac_23_E3,35,12,36,47
Aridibacter nitratireducens,DSM 102177T,37,8,40,45
Aridibacter nitratireducens,A24_SHP_-5_238,37,8,33,45
Armatimonas rosea,YO-36T,20,20,32.5,40
Armatimonas rosea,YO-36,20,20,30,40
Arsenicibacter rosenii,SM-1T,30,15,37,45
Arsenicicoccus dermatophilus,,24,18,37,42
Arsenicicoccus piscis,Kis4-19,22,15,28,37
Arsenicitalea aurantiaca,KCTC 42825T,32,10,37,42
Arsenicitalea aurantiaca,42-50,27,15,37,42
Arsenophonus nasoniae,ATCC 49151,20,15,30,35
Arsukibacterium ikkense,GCM72,30,0,15,30
Arthrobacter albidus,LC13T,30,10,30,40
Arthrobacter alkaliphilus,LC6T,35,5,30,40
Arthrobacter alpinus,S6-3,24,1,20,25
Arthrobacter antarcticus,LMG 24542T,21,4,22,25
Arthrobacter arilaitensis,,20,10,28,30
Arthrobacter bambusae,THG-GM18T,33,4,28,37
Arthrobacter bergerei,Ca106T,20,10,28,30
Arthrobacter castelli,DSM 16402,22,15,22,37
Arthrobacter celericrescens,DSM 106718T,27,10,28,37
Arthrobacter chlorophenolicus,A6T,34,3,25,37
Arthrobacter cryoconiti,Cr6-08,24,1,20,25
Arthrobacter cryotolerans,DSM 22826T,30,-6,16,24
Arthrobacter cupressi,D48T,25,12,28,37
Arthrobacter defluvii,KCTC 19209T,32,5,25,37
Arthrobacter deserti,KCTC 39544T,25,15,28,40
Arthrobacter echigonensis,LC10T,30,10,30,40
Arthrobacter echini,AM23T,15,10,20,25
Arthrobacter enclensis,NIO-1008,35,10,28,45
Arthrobacter endophyticus,EGI 6500322,30,5,27.5,35
Arthrobacter endophyticus,EGI 6500322T,30,5,25,35
Arthrobacter equi,IMMIB L-1606,25,10,34,35
Arthrobacter flavus,CMS 19YT,25,5,25,30
Arthrobacter gangotriensis,DSM 15796T,26,4,22,30
Arthrobacter ginkgonis,SYP-A7299,15,20,28,35
Arthrobacter ginsengisoli,DCY81,25,5,30,30
Arthrobacter gyeryongensis,DCY72T,30,4,30,34
Arthrobacter halodurans,JSM 078085,31,4,25,35
Arthrobacter horti,KACC 23300T,30,5,30,35
Arthrobacter liuii,DSXY973T,32,5,30,37
Arthrobacter livingstonensis,DSM 22825T,34,-6,16,28
Arthrobacter mangrovi,NBRC 112813T,27,10,28,37
Arthrobacter methylotrophus,TGA,26,4,25,30
Arthrobacter mobilis,JCM 33392T,30,10,28,40
Arthrobacter monumenti,,33,4,26,37
Arthrobacter monumenti,DSM 16405,33,4,22,37
Arthrobacter nanjingensis,A33T,38,4,30,42
Arthrobacter niigatensis,LC4T,35,5,30,40
Arthrobacter nitroguajacolicus,G2-1T,33,4,28,37
Arthrobacter nitrophenolicus,SJCon,30,10,30,40
Arthrobacter paludis,CAU 9143,17,20,30,37
Arthrobacter phenanthrenivorans,DSM 18606T,33,4,30,37
Arthrobacter pigmenti,,8,22,28,30
Arthrobacter pityocampae,Tp2T,10,25,30,35
Arthrobacter pokkalii,P3B162,19,18,28,37
Arthrobacter psychrochitiniphilus,GP3T,25,0,20,25
Arthrobacter psychrophenolicus,DSM 15454T,24,1,25,25
Arthrobacter roseus,CMS 90rT,25,5,22,30
Arthrobacter ruber,MDB1-42,34,0,25,34
Arthrobacter siccitolerans,CECT 8257T,20,15,30,35
Arthrobacter silvisoli,DSM 106716T,30,10,28,40
Arthrobacter silviterrae,KIS14-16T,29,4,29,33
Arthrobacter silviterrae,KIS14-16,29,4,28,33
Arthrobacter tecti,,8,22,28,30
Arthrobacter tumbae,,8,22,28,30
Arundinibacter roseus,DMA-K-7a,32,5,15,37
Arvibacter flaviflagrans,C-1-16,28,15,25,43
Asaccharospora irregularis,ATCC 25756,20,25,30,45
Asanoa hainanensis,210121,17,20,28,37
Ascidiimonas aurantiaca,N5DA8-2C,10,20,25,30
Asinibacterium lactis,LCJ02T,10,20,25,30
Aspergillus affinis,ATCC MYA-4773,32,5,25,37
Aspergillus asper,,10,20,25,30
Aspergillus collinsii,NRRL 66196T,20,20,25,40
Aspergillus dobrogensis,CCF 4651T,5,25,25,30
Asprobacter aquaticus,DRW22-8T,22,15,30,37
Aspromonas composti,TR7-09T,22,20,30,42
Asterisks indicate,was 44,40,4,28,44
Asticcacaulis benevestitus,DSM 16100T,24,4,15,28
Asticcacaulis biprosthecium,C乚19,20,15,25,35
Asticcacaulis carbonis,EMRT-3T,25,10,30,35
Asticcacaulis endophyticus,ZFGT-14T,26,7,28,33
Asticcacaulis excentricus,AC48,20,15,25,35
Asticcacaulis solisilvae,KCTC 32102T,27,10,25,37
Asticcacaulis tiandongensis,KCTC 62978T,30,10,25,40
Astrotestudinimyces divisus,B1.1T,12,30,39,42
Athalassotoga saccharophila,NAS-01T,30,30,55,60
Aurantiacibacter flavus,KACC 23720T,38,7,30,45
Aurantiacibacter gilvus,KACC 23721T,35,10,30,45
Aurantiacibacter hainanensis,H149T,27,15,35,42
Aurantiacicella marina,NBRC 111187T,22,15,28,37
Aurantimicrobium minutum,NBRC 105389T,22,15,20,37
Aurantimonas aggregata,R14M6T,32,4,25,36
Aurantimonas altamirensis,S21BT,30,10,28,40
Aurantimonas coralicida,WP1T,33,4,28,37
Aurantimonas endophytica,EGI 6500337,30,5,30,35
Aurantimonas frigidaquae,CW5T,22,15,25,37
Aurantimonas litoralis,HTCC 2156,36,4,30,40
Aurantimonas manganoxydans,SI85-9A1,33,4,20,37
Aurantimonas ureilytica,KACC 11607T,33,4,30,37
Aurantisolimonas haloimpatiens,BN130233T,28,4,20,32
Aurantivirga profunda,SAORIC-234T,21,4,15,25
Aurantivirga profunda,SAORIC-234,19,4,15,23
Auraticoccus cholistanensis,JCM 33648T,22,15,25,37
Auraticoccus monumenti,MON 2.2T,15,15,28,30
Aureibacillus halotolerans,S1203,38,4,24,42
Aureibacter tunicatorum,A5Q-118T,17,20,30,37
Aureicoccus marinus,SG-18T,22,15,25,37
Aureimonas altamirensis,S21B,30,10,28,40
Aureimonas endophytica,2T4P-2-4T,17,20,29,37
Aureimonas endophytica,2T4P-2-4,17,20,28,37
Aureimonas flava,KCTC 62837T,20,10,30,30
Aureimonas frigidaquae,CW5,22,15,25,37
Aureimonas galii,LMG 28655T,13,15,20,28
Aureimonas galii,PP-WC-4G-234,24,4,20,28
Aureimonas glaciei,CGMCC 1,31,4,20,35
Aureimonas glaciistagni,PAMC 27157,35,5,30,40
Aureimonas jatrophae,,20,20,30,40
Aureimonas leprariae,YIM 132180,20,15,25,35
Aureimonas phyllosphaerae,L9-753T,27,10,28,37
Aureimonas phyllosphaerae,,9,28,30,37
Aureimonas populi,4M3-2T,36,4,30,40
Aureimonas pseudogalii,PP-CE-2G-454,24,4,20,28
Aureimonas ureilytica,5715S-12,33,4,25,37
Aureisphaera galaxeae,04OKA003-7,10,20,28,30
Aureisphaera salina,A6D-50T,33,4,30,37
Aureisphaera salina,A6D-50,17,20,30,37
Aureispira marina,24T,29,8,25,37
Aureispira maritima,59SAT,20,17,30,37
Aureitalea marina,S1-66T,15,15,20,30
Aureivirga marina,VIII.04T,22,15,25,37
Auricoccus indicus,S31T,20,20,35,40
Auritidibacter ignavus,IMMIB L-1656,37,5,35,42
Azoarcus anaerobius,DSM 12081T,12,20,28,32
Azoarcus buckelii,U120,36,4,28,40
Azoarcus evansii,,9,28,37,37
Azoarcus halotolerans,HKLI-1T,19,18,28,37
Azoarcus olearius,DQS-4T,35,10,40,45
Azoarcus olearius,DQS-4,35,10,35,45
Azoarcus pumilus,KCTC 62157T,25,15,37,40
Azoarcus tolulyticus,Tol-4,33,4,30,37
Azohydromonas australica,,27,15,32.5,42
Azohydromonas lata,IAM 12599,27,15,30,42
Azonexus caeni,DSM 17719T,20,20,25,40
Azonexus hydrophilus,d8-1T,36,4,35,40
Azorhizobium caulinodans,ORS 571,31,12,30,43
Azospira restricta,SUA2T,25,15,37,40
Azospirillium ramasamyi,M2T2B2T,30,15,30,45
Azospirillum canadense,NCCB 100108T,17,20,30,37
Azospirillum canadense,DS2,17,20,25,37
Azospirillum fermentarium,BCRC 80505T,17,20,30,37
Azospirillum formosense,CC-Nfb-7T,17,20,30,37
Azospirillum griseum,CGMCC 1,22,15,37,37
Azospirillum humicireducens,SgZ-5T,12,25,30,37
Azospirillum isscasi,KCTC 8126T,22,20,37,42
Azospirillum melinis,TMCY 0552,32,5,20,37
Azospirillum oryzae,COC8,33,4,30,37
Azospirillum palatum,10,27,15,30,42
Azospirillum ramasamyi,KACC 14063T,30,15,30,45
Azospirillum soli,CC-LY788,15,25,30,40
Azospirillum thiophilum,DSM 21654T,25,15,37,40
Azospirillum zeae,NCCB 100147T,21,20,30,41
Azotobacter bryophylli,KCTC 62195T,35,5,37,40
Bacillus abyssalis,SCSIO 15042,40,20,28,60
Bacillus acanthi,DSM 104296T,25,20,37,45
Bacillus acidicola,105-2T,30,15,37,45
Bacillus acidiproducens,SL213T,45,15,37,60
Bacillus acidiproducens,SL213,30,25,37,55
Bacillus aciditolerans,JCM 32973T,38,4,37,42
Bacillus aeolius,4寧1擔,28,37,55,65
Bacillus aequororis,M-8,27,15,30,42
Bacillus agri,NRRL;NRS-1219,30,10,28,40
Bacillus aidingensis,5寧17擔,22,22,37,44
Bacillus akibai,1139,25,20,37,45
Bacillus albus,,30,15,30,45
Bacillus albus,KCTC 33710T,25,15,30,40
Bacillus algicola,KMM 3737,35,10,28,45
Bacillus alginolyticus,NRRL NRS-1347,30,5,28,35
Bacillus alkalicola,Zby6,35,10,37,45
Bacillus alkalidiazotrophicus,MS 6T,28,15,34,43
Bacillus alkalilacus,JCM 32184T,27,15,30,42
Bacillus alkalilacus,AK73,27,15,37,42
Bacillus alkalinitrilicus,ANL-iso4,26,15,32,41
Bacillus alkalisediminis,K1-25T,22,15,28,37
Bacillus alkalisediminis,K1-25,22,15,25,37
Bacillus alkalitelluris,BA288T,25,15,30,40
Bacillus alkalitolerans,T3-209T,32,10,28,42
Bacillus altitudinis,Bi.FFUP1,30,20,30,50
Bacillus alveayuensis,TM1T,25,40,55,65
Bacillus amylolyticus,NRRL NRS-290,30,10,28,40
Bacillus andreesenii,,30,20,45,50
Bacillus antri,K30001T,27,28,28,55
Bacillus aquiflavi,CICC 24755T,25,20,37,45
Bacillus aquimaris,,34,10,30,44
Bacillus aquimaris,JCM 11545T,34,10,37,44
Bacillus aquimaris,TF-12,34,10,30,44
Bacillus arsenicus,Con a/3T,20,20,30,40
Bacillus aryabhattai,,27,10,15,37
Bacillus asahii,MA001T,30,15,27,45
Bacillus atrophaeus,NRRL NRS-213,50,5,28,55
Bacillus aurantiacus,K1-5T,35,10,28,45
Bacillus australimaris,,51,4,32,55
Bacillus australimaris,NH7I_1,37,8,30,45
Bacillus axarquiensis,CR-119T,30,15,32,45
Bacillus azotofixans,ATCC 35681,25,15,32,40
Bacillus azotoformans,ATCC 29788,42,4,32,46
Bacillus bataviensis,,35,20,30,55
Bacillus beijingensis,,38,7,30,45
Bacillus beijingensis,,46,4,37,50
Bacillus beringensis,BR035,38,4,30,42
Bacillus berkeleyi,KMM 6244,41,4,32,45
Bacillus beveridgei,MLTeJB,60,5,37,65
Bacillus bingmayongensis,FJAT-13831,30,15,30,45
Bacillus bogoriensis,LBB3,30,10,37,40
Bacillus borbori,DX-4,35,30,55,65
Bacillus boroniphilus,T-15Z,21,16,30,37
Bacillus butanolivorans,K9T,40,5,25,45
Bacillus caeni,HB172195T,35,15,25,50
Bacillus camelliae,CGMCC 1,35,20,30,55
Bacillus campisalis,SA2-6,22,20,37,42
Bacillus canaveralius,BAA-1493T,30,15,32,45
Bacillus capparidis,EGI 6500252,30,10,25,40
Bacillus capparidis,,30,10,27.5,40
Bacillus carboniphilus,Kasumi 6,30,17,44,47
Bacillus caseinilyticus,SP,45,15,37,60
Bacillus catenulatus,18C,35,10,37,45
Bacillus cavernae,L5,28,4,28,32
Bacillus cecembensis,PN5T,26,4,25,30
Bacillus cellulasensis,NIO-1130,20,25,26,45
Bacillus cellulosilyticus,N4,20,20,37,40
Bacillus cereus,ATCC 14579,35,10,37,45
Bacillus chagannorensis,CG-15T,34,6,37,40
Bacillus changyiensis,JCM 35755T,35,15,37,50
Bacillus cheonanensis,PFS-5,25,15,30,40
Bacillus chitinolyticus,,27,18,25,45
Bacillus chondroitinus,NRRL NRS-1351,30,5,28,35
Bacillus chungangensis,CAU 348T,41,4,30,45
Bacillus cibi,JG-30T,46,4,37,50
Bacillus ciccensis,5L6T,41,4,30,45
Bacillus cihuensis,FJAT-14515,25,10,30,35
Bacillus coagulans,ATCC 7050,48,17,52,65
Bacillus composti,KACC 16872T,30,30,50,60
Bacillus coreaensis,MS5,35,10,30,45
Bacillus crassostreae,JSM 100118,45,5,32.5,50
Bacillus crassostreae,JSM 100118T,45,5,30,50
Bacillus crescens,KCTC 33627T,27,18,30,45
Bacillus cucumis,AP-6,30,15,29,45
Bacillus cytotoxicus,NVH 391-98,30,20,30,50
Bacillus daliensis,DLS13,35,10,30,45
Bacillus daqingensis,X10-1,40,10,35,50
Bacillus decisifrondis,E5HC-32T,15,25,30,40
Bacillus decolorationis,LMG 19507,35,5,25,40
Bacillus depressus,BZ1,34,6,30,40
Bacillus deserti,ZLD-8,38,7,30,45
Bacillus dielmoensis,FF4,15,30,37,45
Bacillus drentensis,,35,20,30,55
Bacillus ectoiniformans,NE-14T,37.5,10,30,50
Bacillus ectoiniformans,NE-14,35,10,30,45
Bacillus ehimensis,IFO 15659,35,18,28,53
Bacillus eiseniae,A1-2T,22,15,30,37
Bacillus encimensis,SGD-V-25T,25,25,37,50
Bacillus enclensis,SGD-1123,27,15,30,42
Bacillus endolithicus,KCTC 33579T,25,15,35,40
Bacillus endophyticus,2DT,35,10,28,45
Bacillus endoradicis,CCBAU 05776T,30,15,28,45
Bacillus endozanthoxylicus,1404T,30,15,32,45
Bacillus fengqiuensis,NPK15,25,20,37,45
Bacillus fermenti,JCM 31807T,30,15,33,45
Bacillus filamentosus,SGD-14,25,20,30,45
Bacillus firmus,ATCC 14575,30,20,30,50
Bacillus foraminis,LMG 23174T,40,10,40,50
Bacillus formosensis,CC-LY275,25,20,30,45
Bacillus fumarioli,LMG 17489,30,30,50,60
Bacillus fumarioli,Logan B1801,30,25,50,55
Bacillus fungorum,KCTC 33949T,35,10,30,45
Bacillus funiculus,NAF001,20,20,30,40
Bacillus gaemokensis,BL3-6,25,15,30,40
Bacillus galactosidilyticus,LMG 17892,10,30,37,40
Bacillus galliciensis,BFLP-1T,20,10,20,30
Bacillus gibsonii,Nielsen PN-109,27,10,30,37
Bacillus ginsengi,,41,4,30,45
Bacillus ginsengi,,46,4,37,50
Bacillus ginsengihumi,Gsoil 114,25,20,30,45
Bacillus glennii,DSM 105192T,17,15,32,32
Bacillus globisporus,ATCC 23301,25,5,12,30
Bacillus glucanolyticus,DSM 5162T,20,17,30,37
Bacillus glycinifermentans,KACC 18425T,40,15,37,55
Bacillus glycinifermentans,GO-13,30,15,30,45
Bacillus gobiensis,FJAT-4402,25,15,30,40
Bacillus gossypii,JM-267T,27,10,28,37
Bacillus gossypii,JM-267,27,10,28,37
Bacillus gottheilii,DSM 23668T,30,10,30,40
Bacillus graminis,YC6957,30,15,32.5,45
Bacillus graminis,KACC 13779T,30,15,30,45
Bacillus haikouensis,C-89,25,15,37,40
Bacillus halochares,LMG 24571T,19,26,37,45
Bacillus halodenitrificans,ATCC 49067,35,10,38,45
Bacillus halosaccharovorans,DSM 25387T,25,20,40,45
Bacillus haynesii,CCUG 70178T,45,15,37,60
Bacillus hemicellulosilyticus,C-11,30,10,37,40
Bacillus hemicentroti,JSM 076093,35,5,32.5,40
Bacillus hemicentroti,JSM 076093T,35,5,30,40
Bacillus hisashii,LMG 28201T,35,25,50,60
Bacillus horneckiae,1P01SC^T,28,4,30,32
Bacillus horti,K13T,30,10,30,40
Bacillus huizhouensis,GSS03,24,16,35,40
Bacillus hunanensis,JSM 081003,35,5,30,40
Bacillus hwajinpoensis,SW-72T,33,4,30,40
Bacillus hwajinpoensis,SW-72,30,10,30,40
Bacillus indicus,Sd/3T,22,15,30,37
Bacillus infernus,TH-23,15,45,60,60
Bacillus invictae,Bi. FFUP1,65,5,37,70
Bacillus iocasae,S36T,34,16,28,50
Bacillus iranensis,DSM 23995T,20,25,35,45
Bacillus isabeliae,LMG 22838T,2,35,37,37
Bacillus isabeliae,CVS-8,30,15,37,45
Bacillus isronensis,,32,5,15,37
Bacillus jeddahensis,JCE,17,28,37,45
Bacillus jeotgali,YKJ-10,35,10,32.5,45
Bacillus kexueae,Ma50-5,20,40,45,60
Bacillus kiskunsagensis,B16-24T,30,10,28,40
Bacillus kiskunsagensis,B16-24,30,10,25,40
Bacillus kochii,WCC 4582,30,10,30,40
Bacillus kokeshiiformis,MO-04T,26,35,50,61
Bacillus koreensis,KCTC 3914T,33,15,35,48
Bacillus korlensis,ZLC-26T,38,7,33.5,45
Bacillus korlensis,ZLC-26,38,7,30,45
Bacillus kribbensis,KCTC 13934T,34,13,33,47
Bacillus kribbensis,BT080,34,13,30,47
Bacillus kyonggiensis,NB22,27,15,30,42
Bacillus lacus,AK74T,17,25,37,42
Bacillus lautus,NRRL NRS-666,30,5,28,35
Bacillus lehensis,MLB2,27,10,25,37
Bacillus lentus,ATCC 10840,30,10,30,40
Bacillus ligniniphilus,L1T,35,10,30,45
Bacillus lindianensis,12-3(,35,10,37,45
Bacillus litoralis,SW-211T,41,4,37,45
Bacillus loiseleuriae,FJAT-27997T,15,20,30,35
Bacillus luciferensis,Logan SSI061,30,15,30,45
Bacillus luteolus,DSM 22388T,30,15,28,45
Bacillus luti,,29,10,32,39
Bacillus luti,KCTC 33716T,29,10,30,39
Bacillus macauensis,ZFHKF-1T,20,20,30,40
Bacillus malacitensis,,30,15,32,45
Bacillus malikii,NCCP-662,40,10,30,50
Bacillus mangrovi,JCM 31087T,27,15,25,42
Bacillus manliponensis,BL4-6,25,15,30,40
Bacillus mannanilyticus,AM-001,25,20,37,45
Bacillus manusensis,,25,45,50,70
Bacillus manusensis,Ma50-6,25,45,50,70
Bacillus marinisedimentorum,NC2-31T,25,20,37,45
Bacillus marinus,DSM 1297T,25,5,12,30
Bacillus marisflavi,,37,10,30,47
Bacillus marisflavi,JCM 11544T,37,10,37,47
Bacillus marisflavi,TF-11,37,10,30,47
Bacillus marismortui,123T,35,15,37,50
Bacillus maritimus,DSM 100413T,30,12,30,42
Bacillus massiliensis,4400831,20,25,33.5,45
Bacillus massiliensis,CIP 108446T,20,25,30,45
Bacillus massilioanorexius,AP8,20,25,37,45
Bacillus massiliogabonensis,Marseille P2639,22,23,37,45
Bacillus massiliogorillae,G2,20,25,37,45
Bacillus massiliosenegalensis,JC6,20,25,30,45
Bacillus megaterium,ATCC 14581,42,3,30,45
Bacillus mesonae,FJAT-13985,25,20,30,45
Bacillus mesophilus,SA4,20,20,35,40
Bacillus methanolicus,PB1,25,35,55,60
Bacillus methylotrophicus,CBMB205T,25,20,28,45
Bacillus miscanthi,KACC 21401T,35,5,28,40
Bacillus mobilis,KCTC 33717T,29,10,30,39
Bacillus mojavensis,Cohan RO-H-1,50,5,28,55
Bacillus muralis,LMG 20238,25,20,30,45
Bacillus murimartini,,20,10,15,30
Bacillus murimartini,LMG 21005,20,10,15,30
Bacillus nakamurai,NRRL B-41091,33,17,37,50
Bacillus nanhaiensis,JSM 082006T,30,15,30,45
Bacillus nanhaiisediminis,NH3,33,10,37,43
Bacillus natronophilus,M30T,31,12,30,43
Bacillus natronophilus,M30,31,12,25,43
Bacillus nealsonii,FO-92T,35,25,32.5,60
Bacillus nealsonii,FO-92,35,25,30,60
Bacillus neizhouensis,JSM 071004T,26,4,25,30
Bacillus niabensis,4T19T,35,15,30,50
Bacillus nitratireducens,KCTC 33713T,32,7,30,39
Bacillus notoginsengisoli,DSM 29196T,21,21,37,42
Bacillus novalis,,35,20,35,55
Bacillus oceani,SW109T,58,2,30,60
Bacillus oceani,SW109,46,4,30,50
Bacillus oceanisediminis,H2T,41,4,37,45
Bacillus okhensis,JCM 13040T,15,25,37,40
Bacillus okuhidensis,GTC 854,30,30,45,60
Bacillus oleivorans,JC228T,15,25,35,40
Bacillus oleronius,Kuhnigk RT 10,20,30,37,50
Bacillus onubensis,0911MAR22V3,37,10,37,47
Bacillus oryzaecorticis,R1T,30,15,37,45
Bacillus oryzisoli,1DS3-10,35,10,30,45
Bacillus oryziterrae,ZYK,24,21,30,45
Bacillus oshimensis,K11,28,13,30,41
Bacillus oshimensis,JCM 12663T,28,13,32,41
Bacillus pacificus,,30,15,32,45
Bacillus pacificus,KCTC 33858T,30,15,30,45
Bacillus pakistanensis,NCCP-168,30,10,30,40
Bacillus pallidus,KCTC 13200T,27,15,30,42
Bacillus panacisoli,CJ32T,35,15,30,50
Bacillus panaciterrae,Gsoil 1517,25,20,30,45
Bacillus paraflexus,RC2,27,15,30,42
Bacillus paralicheniformis,KJ-16T,45,15,37,60
Bacillus paramycoides,KCTC 33709T,24,15,30,39
Bacillus paranthracis,,30,15,32,45
Bacillus paranthracis,KCTC 33714T,30,15,30,45
Bacillus pasinlerensis,DSM 107529T,20,40,55,60
Bacillus peoriae,"BD-57, which has been deposited as NRRL B-14750 in the Agricultural Research Service Culture Collection, Peoria, 111",30,5,28,35
Bacillus persepolensis,HS136T,20,25,40,45
Bacillus persicus,B48T,35,10,35,45
Bacillus pervagus,,30,20,45,50
Bacillus piscicola,NR1-3-2,27,21,37,48
Bacillus piscis,16MFT21,26,4,30,30
Bacillus plakortidis,P203,26,4,15,30
Bacillus plakortidis,DSM 19153T,5,15,15,20
Bacillus pocheonensis,Gsoil 420T,10,20,25,30
Bacillus polygoni,YN-1,42,5,30,47
Bacillus polygoni,JCM 14604T,42,5,31,47
Bacillus polymachus,T515,20,20,28,40
Bacillus populi,FJAT-45347,20,15,25,35
Bacillus praedii,FJAT-25547,25,15,30,40
Bacillus proteolyticus,KCTC 33715T,29,10,30,39
Bacillus pseudoflexus,RC1,27,15,30,42
Bacillus pseudomycoides,B-617T,25,15,28,40
Bacillus psychrophilus,ATCC 23304,25,5,12,30
Bacillus psychrophilus,NRRL NRS-1530,30,0,25,30
Bacillus purgationiresistans,DSM 23494T,22,15,30,37
Bacillus purgationiresistens,DS22,22,15,30,37
Bacillus qingdaonensis,CGMCC 1,20,25,37,45
Bacillus qingshengii,G19T,41,4,30,45
Bacillus rhizosphaerae,SC-N012,25,15,28,40
Bacillus rigiliprofundi,1MBB1,37.5,7.5,30,45
Bacillus rigui,KCTC 13278T,35,10,20,45
Bacillus rubiinfantis,mt2,20,25,37,45
Bacillus safensis,FO-36b,40,10,30,50
Bacillus saganii,DSM 105190T,25,20,25,45
Bacillus salacetis,JCM 33205T,20,20,37,40
Bacillus salarius,BH169T,25,15,30,40
Bacillus salexigens,C-20Mo,30,15,37,45
Bacillus salidurans,KCTC 33852T,35,10,30,45
Bacillus salildurans,KCTC 33852T,35,10,30,45
Bacillus salinus,KCTC 43010T,30,15,37,45
Bacillus saliphilus,6AGT,46,4,37,50
Bacillus salitolerans,KC1,20,25,37,45
Bacillus salsus,A24T,30,10,35,40
Bacillus sediminis,DX-5,25,35,50,60
Bacillus selenatarsenatis,JCM 14380T,15,25,40,40
Bacillus seohaeanensis,KCTC 3913T,35,15,35,50
Bacillus shackletonii,,40,15,37.5,55
Bacillus shackletonii,Logan SSI024,40,15,35,55
Bacillus shivajii,KCTC 33981T,32,10,25,42
Bacillus siamensis,PD-A10,51,4,37,55
Bacillus silvestris,DSM 12223T,30,10,30,40
Bacillus solani,FJAT-18043,25,20,35,45
Bacillus soli,,25,20,30,45
Bacillus solimangrovi,GH2-4T,30,10,32.5,40
Bacillus solimangrovi,GH2-4,30,10,30,40
Bacillus solisalsi,YC1T,38,15,35,53
Bacillus solisilvae,CGMCC 1,25,15,30,40
Bacillus songklensis,CAU 1033,35,10,30,45
Bacillus spongiae,135PIL107-10,17,20,25,37
Bacillus sporothermodurans,LMG 17668,35,20,37,55
Bacillus stamsii,BoGlc83,20,20,30,40
Bacillus subterraneus,COOI3BT,20,25,38.5,45
Bacillus subterraneus,COOI3B,25,20,37,45
Bacillus subtilis,,54,4,29,58
Bacillus subtilis,ATCC 6051,42,11,39,53
Bacillus swezeyi,CCUG 70177T,45,15,37,60
Bacillus taeanensis,BH030017T,35,15,35,50
Bacillus taiwanensis,FJAT-14571,20,20,35,40
Bacillus tamaricis,EGI 80668,15,25,30,40
Bacillus taxi,JCM 33117T,35,10,30,45
Bacillus tequilensis,10bT,25,25,37,50
Bacillus terrae,LMG 29736T,30,15,30,45
Bacillus thaonhiensis,NHI-38,45,15,45,60
Bacillus thermocopriae,SgZ-7T,20,40,50,60
Bacillus thermodenitrificans,DSM 465,25,50,55,75
Bacillus thermolactis,R-6488,20,40,50,60
Bacillus thermophilus,SgZ-10T,45,25,50,70
Bacillus thermoruber,BT2,24,34,46.5,58
Bacillus thermoruber,"strain BT2, which has been deposited in the collection of the Cattedra di Microbiologia Industriale, Università degli Studi di Milano (Italy) as strain MIM 30.8.38",24,34,45,58
Bacillus thermotolerans,SgZ-8T,45,20,50,65
Bacillus tianshenii,YIM M13235T,40,10,30,50
Bacillus toyonensis,BCT7112,35,10,35,45
Bacillus tropicus,KCTC 33711T,30,15,30,45
Bacillus trypoxylicola,SU1T,20,17,30,37
Bacillus urbisdiaboli,DSM 104651T,20,20,30,40
Bacillus urumqiensis,BZ-SZ-XJ18T,33,8,37,41
Bacillus validus,NRRL NRS-1000,40,5,28,45
Bacillus vallismortis,NRRL B-14890,45,5,29,50
Bacillus velezensis,CR-502T,30,15,32,45
Bacillus vietnamensis,JCM 11124T,30,10,30,40
Bacillus vini,LAM0415,40,10,30,50
Bacillus vireti,,25,20,30,45
Bacillus vulcani,3s-1,35,37,60,72
Bacillus wakoensis,N-1,30,10,37,40
Bacillus weihenstephanensis,WSBC 10204,39,4,30,43
Bacillus wiedmannii,FSL W8-0169,20,20,30,40
Bacillus wudalianchiensis,FJAT-27215T,50,10,30,60
Bacillus wuyishanensis,FJAT-17212,40,10,30,50
Bacillus xiaoxiensis,DSM 21943T,35,5,25,40
Bacillus xiapuensis,JCM 33155,20,10,25,30
Bacillus zanthoxyli,1433,41,4,28,45
Bacillus zeae,JJ-247T,40,10,29,50
Bacillus zeae,JJ-247,40,10,28,50
Bacillus zhangzhouensis,,44,4,32,55
Bacillus zhangzhouensis,DW5-4,37,8,30,45
Bacillus zhanjiangensis,JSM 099021,35,10,30,45
Bacteria revealed,DSM 11002,25,20,42,45
Bacterial growth,of Natranaerobius thermophilus (95,37,20,45,57
Bacterial growth,3753OT,18,42,50,60
Bacterioplanoides pacificum,sw100T,27,10,28,37
Bacteriovorax starrii,,10,20,25,30
Bacteriovorax stolpii,,20,15,25,35
Bacteroides biuius,,20,25,37,45
Bacteroides bouchesdurhonensis,Marseille-P2653,12,28,37,40
Bacteroides caccae,,20,25,30,45
Bacteroides caecicola,,25,20,33.5,45
Bacteroides caecicola,C13EG186,35,10,37,45
Bacteroides cellulosilyticus,DSM 14838T,9,30,37,39
Bacteroides cellulosolvens,WM2,20,20,30,40
Bacteroides coagulans,,20,25,37,45
Bacteroides coprosuis,PC139,12,25,37,37
Bacteroides cutis,Marseille-P4118,12,28,37,40
Bacteroides disiens,,20,25,37,45
Bacteroides dorei,JCM 13471T,15,25,37,40
Bacteroides faecalis,KCTC 15687T,22,15,37,37
Bacteroides faecis,MAJ27,18,25,37,43
Bacteroides fragilis,ATCC 25285T,25,10,30,35
Bacteroides fumsus,,20,25,37,45
Bacteroides graminisolvens,JCM 15093T,35,5,30,40
Bacteroides koreensis,YS-aM39T,25,15,37,40
Bacteroides kribbi,KCTC 15460T,25,15,37,40
Bacteroides luti,UasXn-3T,20,20,37,40
Bacteroides luti,UasXn-3,20,20,37,40
Bacteroides massiliensis,B84634T,17,25,37,42
Bacteroides oleiciplenus,MS4,14,23,37,37
Bacteroides paurosaccharolyticus,JCM 15092T,30,10,35,40
Bacteroides propionicifaciens,JCM 14649T,30,5,30,35
Bacteroides reticulotermitis,JCM 10512T,15,25,37,40
Bacteroides timonensis,AP1,12,25,37,37
Bacteroides uniformis,ATCC 8492,20,25,35,45
Bacteroides xylanisolvens,XB1A,17,25,38,42
Bacteroides zoogleoformans,ATCC 33285,12,25,30,37
Bacteroidetes caecicola,NBRC 110958T,25,20,37,45
Bacteroidia isolated,KHALHBd91T,30,20,37,50
Baia soyae,NEAU-gxj18T,20,20,37,40
Bailinhaonella thermotolerans,KCTC 49229T,40,15,37,55
Balnearium lithotrophicum,17ST,35,45,73,80
Balnearium lithotrophicum,17S,35,45,70,80
Balneicella halophila,KHALHBd91T,30,20,37,50
Balneola alkaliphila,CM41_14bT,22,15,25,37
Balneola vulgaris,13IX/A01/164T,30,10,30,40
Barrientosiimonas endolithica,KCTC 29672T,22,15,30,37
Barrientosiimonas endolithicum,JC268T,22,15,30,37
Barrientosiimonas humi,39T,52,4,32,56
Barrientosiimonas humi,39,16,24,32,40
Barrientosiimonas marina,MSW-24,22,20,30,42
Bayesian estimate,TRO-001DR8T,12,28,35,40
Beggiatoa leptomitoformis,D-402T,27,8,28,35
Beijerinckia doebereinerae,LMG2819,25,10,30,35
Beijerinckia fluminensis,CD10,25,10,26,35
Belliella aquatica,TS-T86,31,4,25,35
Belliella baltica,BA134T,33,4,25,37
Belliella buryatensis,5C,28.5,21,28,60
Belliella kenyensis,No.164T,20,20,32.5,40
Belliella kenyensis,No.164,20,20,30,40
Belliella marina,SW112T,38,4,30,42
Belliella pelovolcani,CC-SAL-25,15,25,37,40
Bellilinea caldifistulae,GOMI-1T,20,45,55,65
Belnapia moabensis,CP2C,15,15,25,30
Belnapia rosea,CPCC 100156,17,20,30,37
Belnapia soli,PB-K8,33,4,30,37
Bermanella marisrubri,CECT 7074T,27,15,25,42
Besides pyruvate,DSM 12178T,30,10,30,40
Beutenbergia cavernae,HKI 0122T,9,28,28,37
Bhargavaea cecembensis,DSE10,40,15,37,55
Bhargavaea indica,KJW98,33,15,42,48
Bhargavaea ullalensis,ZMA 19,35,15,30,50
Bifidobacterium actinocoloniiforme,,12,25,37,37
Bifidobacterium aerophilum,TRE 17,25,25,40,50
Bifidobacterium aesculapii,MRM 3/1,17,25,35,42
Bifidobacterium animalis,ATCC 25527,20,25,40,45
Bifidobacterium apri,RP115T,39,10,37,49
Bifidobacterium aquikefiri,LMG 28769,33,4,28,37
Bifidobacterium avesanii,TRE C,25,25,40,50
Bifidobacterium bohemicum,JEMLUCVIII-4,30,10,37,40
Bifidobacterium bombi,DSM 19703T,27,10,30,37
Bifidobacterium callitrichidarum,TRI 5,26,22,45,48
Bifidobacterium catenulatum,B669,15,28,40,43
Bifidobacterium catulorum,DSM 103154T,26,22,37,48
Bifidobacterium crudilactis,FR62/b/3,40,5,39,45
Bifidobacterium dentium,,18,24,40,42
Bifidobacterium eulemuris,LMM_E3,7,35,37,42
Bifidobacterium faecale,CU3-7,12,30,37,42
Bifidobacterium gallicum,DSM 20093,15,30,38,45
Bifidobacterium hapali,MRM_8.14,17,25,37,42
Bifidobacterium jacchi,DSM 103362T,28,20,37,48
Bifidobacterium jacchi,MRM 9.3,26,22,37,48
Bifidobacterium lemurum,LMC 13,11,35,37,46
Bifidobacterium magnum,RA3,15,28,38,43
Bifidobacterium mongoliense,YIT 10443,20,15,30,35
Bifidobacterium myosotis,MRM_5.9,21,25,40,46
Bifidobacterium ramosum,TRE M,30,20,40,50
Bifidobacterium thermacidophilum,36,19.5,30,37,49.5
Bifidobacterium thermacidophilum,,19.5,30,39,49.5
Bifidobacterium thermacidophilum,LMG 21395T,19.5,30,41,49.5
Bifidobacterium tibiigranuli,TMW 2.2057,25,15,30,40
Bifidobacterium tissieri,MRM_5.18,15,25,35,40
Bifidobacterium tsurumiense,OMB115,20,25,37,45
Bifidobacterium vansinderenii,Tam10B,25,20,37,45
Bifidobacterium vespertilionis,RST 9,26,22,37,48
Biochemical differentiation,ATCC 12775T,40,4,28,44
Biomaibacter acetigenes,KCTC 15783T,25,40,55,65
Biostraticola tofi,BF36,25,5,25,30
Biosystems model,DSM 12178T,30,10,30,40
Bisgaardia miroungae,WildatricT,22,20,37,42
Bizionia algoritergicola,,24,1,15,25
Bizionia algoritergicola,APA-1,27,-2,1,25
Bizionia arctica,SM1203T,26,4,20,30
Bizionia argentinensis,JUB59T,26,2,23.5,28
Bizionia argentinensis,JUB59,26,2,22,28
Bizionia berychis,RA3-3-1,26,4,25,30
Bizionia fulviae,EM7T,25,0,20,25
Bizionia hallyeonensis,T-y7T,31,4,25,35
Bizionia paragorgiae,KCTC 12304T,32,4,25,36
Bizionia paragorgiae,KCTC 12304,32,4,23,36
Bizionia psychrotolerans,PB-M7,26,4,25,30
Bizionia sediminis,P131T,41,4,29,45
Blastobacter natatorius,UQM 2507,28,11,25,39
Blastocatella fastidiosa,A2-16,26,14,30,40
Blastochloris gulmargensis,JCM 14795T,25,15,25,40
Blastococcus atacamensis,P6,35,10,35,45
Blastococcus brunescens,DSM 46845T,30,10,35,40
Blastococcus capsensis,BMG 804T,17,20,30,37
Blastococcus jejuensis,KST3-10,27,10,30,37
Blastococcus litoris,JCM 32354T,41,4,37,45
Blastococcus litoris,GP-S2-8,41,4,28,45
Blastococcus saxobsidens,BC444T,17,20,32,37
Blastococcus xanthinilyticus,BMG 862,40,5,28,45
Blastococcus xanthinilyticus,DSM 46842T,30,10,28,40
Blastomonas aquatica,PE 4-5T,25,5,25,30
Blastomonas fulva,T2,29,8,30,37
Blastomonas marina,SSR2A-4-2,32,10,25,42
Blastomonas quesadae,912T,28,4,30,32
Blastopirellula cremea,LHWP2,17,20,30,37
Blautia glucerasea,HFTH-1,20,25,37,45
Blautia hominis,KB1,27,15,37,42
Blstococcus litoris,GP-S2-8T,41,4,37,45
Bombella apis,KCTC 52452T,12,25,37,37
Bombella apis,MRM1,12,25,30,37
Bombella intestini,LMG 28161,9,28,28,37
Bombiscardovia coagulans,BLAPIII-AGV,37,5,37,42
Bordetella hinzii,LMG 13501,1,36,37,37
Bordetella muralis,,30,10,30,40
Bordetella muralis,T6220-3-2b,30,10,25,40
Bordetella trematum,LMG 13506,1,36,37,37
Bordetella tumbae,,30,10,25,40
Bordetella tumbae,T6713-1-3b,30,10,25,40
Bordetella tumulicola,T6517-1-4b,27,10,25,37
Borrelia turcica,IST7T,5,34,35.5,39
Bosea minatitlanensis,DSM 13099T,27,15,37,42
Bosea thiooxidans,BI-42,2,30,30,32
Both micro-organisms,DSM 24923T,37,20,45,57
Both strains,DSM 14006T,25,40,55,65
Botryobacter ruber,KCTC 52794T,35,15,28,50
Bounagaea algeriensis,H8,20,20,28,40
Bowmanella denitrificans,BD1T,30,10,32.5,40
Bowmanella denitrificans,BD1,30,10,30,40
Bowmanella dokdonensis,UDC354,36,4,30,40
Bowmanella pacifica,W3-3A,32,10,25,42
Brachybacterium aquaticum,KWS-1T,32,10,30,42
Brachybacterium aquaticum,KWS-1,17,20,30,37
Brachybacterium atlanticum,DSM 114113T,35,10,35,45
Brachybacterium endophyticum,M1HQ-2T,33,4,30,37
Brachybacterium fresconis,,35,5,25,40
Brachybacterium fresconis,LMG 20336,35,5,20,40
Brachybacterium ginsengisoli,DCY80,30,4,25,34
Brachybacterium hainanense,NR2,17,20,30,37
Brachybacterium horti,THG-S15-4T,19,18,25,37
Brachybacterium horti,THG-S15-4,19,18,25,37
Brachybacterium huguangmaarense,M1T,41,4,28,45
Brachybacterium huguangmaarense,M1,22,18,28,40
Brachybacterium muris,DSM 14560T,12,25,37,37
Brachybacterium muris,C3H-21,27,15,25,42
Brachybacterium phenoliresistens,phenol-A,36,4,28,40
Brachybacterium sacelli,,35,5,25,40
Brachybacterium sacelli,LMG 20345,35,5,20,40
Brachybacterium saurashtrense,JG 06,35,10,30,45
Brachybacterium squillarum,M-6-3T,12,25,28,37
Brachybacterium zhongshanense,JBT,15,25,30,40
Brachymonas chironomi,AIMA4T,19,18,30,37
Brackiella oedipodis,LMG 19451,7,30,37,37
Bradymonas sediminis,FA350T,17,20,33,37
Bradyrhizobium arachidis,CCBAU 051107,10,20,28,30
Bradyrhizobium cajani,AMBPC1010,33,4,28,37
Bradyrhizobium cajani,LMG 29967T,22,15,28,37
Bradyrhizobium centrosematis,CMVU44,20,15,28,35
Bradyrhizobium cytisi,CTAW11T,16,14,28,30
Bradyrhizobium daqingense,CCBAU 15774,9,28,28,37
Bradyrhizobium erythrophlei,CCBAU 53325,56,4,28,60
Bradyrhizobium ferriligni,,41,4,28,45
Bradyrhizobium ganzhouense,RITF806,33,4,28,37
Bradyrhizobium guangdongense,CCBAU 51649,31,4,28,35
Bradyrhizobium guangdongense,CGMCC 1,13,15,28,28
Bradyrhizobium guangxiense,,31,4,28,35
Bradyrhizobium guangxiense,CGMCC 1,13,15,28,28
Bradyrhizobium huanghuaihaiense,CCBAU 23303,27,10,28,37
Bradyrhizobium ingae,BR 10250,17,15,29,32
Bradyrhizobium ingae,HAMBI 3600T,17,15,28,32
Bradyrhizobium jicamae,LMG 24556T,27,5,28,32
Bradyrhizobium lablabi,CCBAU 23086,27,10,28,37
Bradyrhizobium liaoningense,2281,5,25,28,30
Bradyrhizobium lupini,USDA 3051,33,4,28,37
Bradyrhizobium manausense,BR 3351,17,15,28,32
Bradyrhizobium manausense,HAMBI 3596T,17,15,28,32
Bradyrhizobium namibiense,5-10T,9,28,30,37
Bradyrhizobium neotropicale,BR 10247,22,15,30,37
Bradyrhizobium pachyrhizi,PAC48,32,5,28,37
Bradyrhizobium retamae,Ro19,16,14,28,30
Bradyrhizobium rifense,CTAW71,16,14,28,30
Bradyrhizobium valentinum,LmjM3,16,14,28,30
Bradyrhizobium vignae,7-2T,12,28,28,40
Bradyrhizobium yuanmingense,CCBAU 10071,15,15,28,30
Branchibius hedensis,NBRC 106121T,22,15,25,37
Branchiibius hedensis,Mer 29717,22,15,27.5,37
Branchiibius hedensis,NBRC 106121T,22,15,25,37
Branson sonifier,DSM 12178T,30,10,30,40
Brassicibacter mesophilus,JCM 16868T,28,16,37,44
Brassicibacter thermophilus,Cel2fT,40,30,55,70
Brenneria populi,D9-5T,37,4,30,41
Breoghania corrubedonensis,UBF-P1,25,15,30,40
Brevibacillus agri,ATCC 51663,35,5,28,40
Brevibacillus antibioticus,TGS2-1,20,20,28,40
Brevibacillus aydinogluensis,PDF25T,35,30,55,65
Brevibacillus aydinogluensis,PDF25,30,35,55,65
Brevibacillus borstelensis,ATCC 51668,30,20,30,50
Brevibacillus centrosporus,ATCC 51661,30,10,28,40
Brevibacillus fluminis,CJ71T,25,20,30,45
Brevibacillus formosus,F12,35,10,30,45
Brevibacillus fulvus,K2814,35,20,42.5,55
Brevibacillus fulvus,JCM 18162T,35,20,40,55
Brevibacillus gelatini,PDF4T,30,20,40,50
Brevibacillus ginsengisoli,Gsoil 3088,22,20,30,42
Brevibacillus halotolerans,LAM0312T,25,20,30,45
Brevibacillus humidisoli,KCTC 43333T,25,25,45,50
Brevibacillus invocatus,LMG 18962,20,15,30,35
Brevibacillus laterosporus,ATCC 4517,35,15,30,50
Brevibacillus levickii,Logan B-1657T,40,15,42.5,55
Brevibacillus levickii,LMG 22481,40,15,40,55
Brevibacillus limnophilus,,25,20,32.5,45
Brevibacillus limnophilus,DSM 6472,25,20,30,45
Brevibacillus massiliensis,phR,15,30,37,45
Brevibacillus migulae,DSM 29940T,30,20,28,50
Brevibacillus nitrificans,DA2,28,16,36,44
Brevibacillus panacihumi,DCY35T,27,15,30,42
Brevibacillus reuszeri,H.W. Reuszer Army strain 39,35,10,30,45
Brevibacillus ruminantium,KACC 22663T,20,25,40,45
Brevibacillus sediminis,YIM 78300,28,37,52.5,65
Brevibacillus sediminis,YIM 78300T,28,37,50,65
Brevibacillus thermoruber,BT2,24,34,45,58
Brevibacterium album,YIM 90718,17,28,37,45
Brevibacterium ammoniilyticum,JCM 17537T,22,20,30,42
Brevibacterium anseongense,Gsoil 188,19,18,30,37
Brevibacterium avium,CCUG 43455,15,22,37,37
Brevibacterium daeguense,2C6-41,32,10,30,42
Brevibacterium iodinum,ATCC 49514,17,20,25,37
Brevibacterium jeotgali,SJ5-8T,27,10,30,37
Brevibacterium koreense,KACC 23387T,20,10,25,30
Brevibacterium lutescens,CF87T,17,20,30,37
Brevibacterium marinum,HFW-26T,36,4,30,40
Brevibacterium marinum,HFW-26,20,10,30,30
Brevibacterium massiliense,CIP 109422T,20,25,30,45
Brevibacterium oceani,BBH7T,25,10,27,35
Brevibacterium oceani,BBH7,25,10,26,35
Brevibacterium paucivorans,CF62T,7,30,37,37
Brevibacterium picturae,LMG 22061,22,15,28,37
Brevibacterium pityocampae,Tp12T,15,25,30,40
Brevibacterium profundi,JCM 33845T,41,4,30,45
Brevibacterium ravenspurgense,5401308,20,25,30,45
Brevibacterium salitolerans,JCM 15900T,35,15,28,50
Brevibacterium sandarakinum,01-Je-003T,32,4,28,36
Brevibacterium sandarakinum,01-Je-003,32,4,25,36
Brevibacterium sediminis,FXJ8.269T,43,2,28,45
Brevibacterium sediminis,FXJ8.269,29,8,25,37
Brevibacterium siliguriense,MB18T,27,10,28,37
Brevibacterium siliguriense,MB18,17,20,28,37
Brevibacterium spongiae,WHS-Z9T,30,10,20,40
Brevibacterium yomogidense,MN-6-aT,33,4,30,37
Brevifollis gellanilyticus,NBRC 108608T,27,10,26,37
Brevifollis gellanilyticus,DC2c-G4,27,10,26,37
Brevinema andersonii,CT11616,4,30,30,34
Brevirhabdus pacifica,22DY15,31.5,4,30,40
Brevitalea aridisoli,Ac_11_E3T,41.5,11,42,52.5
Brevitalea aridisoli,Ac_11_E3,41.5,11,35.4,52.5
Brevitalea deliciosa,,12,25,37,37
Brevitalea deliciosa,Ac_16_C4,12.2,25,32.9,37.2
Brevundimonas abyssalis,TAR-001T,39,2,20,41
Brevundimonas albigilva,NHI-13T,36,4,29,40
Brevundimonas albigilva,NHI-13,36,4,28,40
Brevundimonas aveniformis,KCTC 12609T,20,15,30,35
Brevundimonas balnearis,DSM 29841T,35,10,20,45
Brevundimonas basaltis,J22T,32,10,30,42
Brevundimonas canariensis,LMG 29500T,22,15,30,37
Brevundimonas denitrificans,NBRC 110107T,22,8,25,30
Brevundimonas faecalis,CS20.3,17,20,30,37
Brevundimonas halotolerans,MCS24T,20,20,30,40
Brevundimonas halotolerans,MSC24,30,10,20,40
Brevundimonas humi,CA-15T,20,15,27.5,35
Brevundimonas humi,CA-15,20,15,25,35
Brevundimonas kwangchunensis,KSL-102T,26,10,30,36
Brevundimonas lenta,DS-18,30,4,25,34
Brevundimonas lutea,CGMCC 1,17,20,28,37
Brevundimonas mediterranea,V4.BO.10T,22,15,30,37
Brevundimonas naejangsanensis,BIO-TAS2-2,36,4,30,40
Brevundimonas poindexterae,,10,20,25,30
Brevundimonas poindexterae,FWC40,20,20,20,40
Brevundimonas staleyi,,20,20,30,40
Brevundimonas staleyi,FWC43,30,10,20,40
Brevundimonas terrae,KSL-145T,33,4,30,37
Brevundimonas viscosa,F3,31,4,29,40
Brevundimonas viscosa,F3T,26,10,28,36
Breznakia blatticola,ErySL,25,15,15,40
Breznakia pachnodae,Pei061,25,15,20,40
Brochothrix thermosphacta,ATCC 11509,30,0,20,30
Brockia lithotrophica,Kam1851T,32,46,60,78
Brooklawnia cerclae,BL-34T,30,10,37,40
Brooklawnia propionicigenes,SH051T,30,10,35,40
Broth medium,"of Xinfangfangia soli , 95",12,20,28,32
Brucella ceti,NCTC 12891,20,20,37,40
Brucella papii,F8/08-60T,7,30,37,37
Brucella pinnipedialis,NCTC 12890,20,20,37,40
Brucella vulpis,F60T,7,30,37,37
Brumimicrobium aurantiacum,N62T,36,4,29,40
Brumimicrobium aurantiacum,N62,36,4,28,40
Brumimicrobium glaciale,,25,0,17.5,25
Brumimicrobium glaciale,IC156,27,-2,16,25
Brumimicrobium mesophilum,YH207,25,11,26,36
Brumimicrobium salinarum,LHR20T,25,15,33,40
Bryobacter aggregatus,DSM 18758T,29,4,22,33
Bryocella elongata,SN10,26,6,22,32
Bryocella elongata,LMG 25276T,26,6,20,32
Budvicia diplopodorum,D9T,30,4,28,34
Burkholderia acidipaludis,SA33,20,17,30,37
Burkholderia acidipaludis,NBRC 101816T,20,17,28,37
Burkholderia agricolaris,BaQS159,15,22,30,37
Burkholderia alba,AD18,30,10,35,40
Burkholderia alpina,PO-04-17-38,30,5,25,35
Burkholderia arboris,,14,28,30,42
Burkholderia bannensis,E25T,20,17,30,37
Burkholderia bonniea,BbQS859,8,22,30,30
Burkholderia contaminans,LMG23361,12,30,37,42
Burkholderia cordobensis,MMP81,9,28,28,37
Burkholderia dabaoshanensis,GIMN1.004,35,5,30,40
Burkholderia diazotrophica,LMG 26031T,25,15,37,40
Burkholderia diffusa,,14,28,30,42
Burkholderia dilworthii,WSM3556,22,15,28,37
Burkholderia dipogonis,LMG 28415T,27,10,30,37
Burkholderia eburnea,RR11T,27,15,20,42
Burkholderia ginsengisoli,KMY03T,17,25,25,42
Burkholderia hayleyella,BhQS11,8,22,30,30
Burkholderia heleia,SA41T,20,17,32,37
Burkholderia humisilvae,,45,10,28,55
Burkholderia humisilvae,KACC 17601T,45,10,30,55
Burkholderia insecticola,NCIMB 15023T,20,15,30,35
Burkholderia insulsa,DSM 28142T,36,4,37,40
Burkholderia jiangsuensis,MP-1T,30,15,30,45
Burkholderia jirisanensis,JRM2-1T,20,10,25,30
Burkholderia kururiensis,KP23,27,15,37,42
Burkholderia latens,,14,28,30,42
Burkholderia mallei,ATCC 23344,27,15,37,42
Burkholderia megalochromosomata,JC2949,17,20,25,37
Burkholderia metallica,,12,30,37,42
Burkholderia mimosarum,PAS44T,9,28,30,37
Burkholderia monticola,JC2948,33,4,30,37
Burkholderia nodosa,Br3437T,9,28,30,37
Burkholderia novacaledonica,STM10272,22,15,28,37
Burkholderia oklahomensis,C6786,17,25,37,42
Burkholderia plantarii,ATCC 43733,34,4,32,38
Burkholderia rhizosphaerae,,45,10,30,55
Burkholderia rhizosphaerae,KACC 17603T,45,10,28,55
Burkholderia sabiae,Br3407,9,28,30,37
Burkholderia sacchari,IPT101T,12,25,29,37
Burkholderia sartisoli,RP007T,5,25,28,30
Burkholderia sediminicola,HU2-65WT,15,15,30,30
Burkholderia soli,KACC 11589T,30,10,28,40
Burkholderia solisilvae,,45,10,28,55
Burkholderia solisilvae,KACC 17602T,45,10,30,55
Burkholderia susongensis,L226T,25,15,30,40
Burkholderia symbiotica,LMG 26032T,28,15,35,43
Burkholderia telluris,,15,15,28,30
Burkholderia terrestris,,15,15,28,30
Burkholderia udeis,,15,15,28,30
Burkholderia unamae,MTl-641T,8,29,29,37
Burkholderia vietnamiensis,TVV75,21,20,28,41
Burkholderia zhejiangensis,OP-1,34.5,4,30,40
Burmese star,B1,12,30,39,42
Buttercup yellow,of M,35,15,28,50
Butyratibacter algicola,B15T,22,15,33,37
Butyricicoccus porcorum,BB10T,25,25,39,50
Butyricimonas faecalis,H184T,17,25,37,42
Butyricimonas faecihominis,JCM 18676T,15,25,37,40
Butyricimonas muris,GBG-M4T,15,30,40,45
Butyricimonas paravirosa,JCM 18677T,15,25,37,40
Butyrivibrio crossotus,ATCC 29175,15,30,37,45
Butyrivibrio fibrisolvens,ATCC 19171,15,30,37,45
Butyrivibrio hungatei,,20,25,39,45
Byssovorax cruenta,By c2,12,26,30,38
Caballeronia arationis,LMG 29324,13,15,28,28
Caballeronia arvi,LMG 29317,22,15,28,37
Caballeronia calidae,LMG 29321,22,15,28,37
Caballeronia catudaia,LMG 29318,22,15,28,37
Caballeronia concitans,LMG 29315,22,15,28,37
Caballeronia fortuita,LMG 29320,22,15,28,37
Caballeronia glebae,LMG 29325,13,15,28,28
Caballeronia grimmiae,R27,30,10,28,40
Caballeronia hypogeia,LMG 29322,22,15,28,37
Caballeronia jiangsuensis,MP-1,30,15,30,45
Caballeronia megalochromosomata,JC2949,17,20,25,37
Caballeronia mineralivorans,PML1(12),20,10,25,30
Caballeronia pedi,LMG 29323,13,15,28,28
Caballeronia peredens,LMG 29314,22,15,28,37
Caballeronia ptereochthonis,LMG 29326,22,15,28,37
Caballeronia temeraria,LMG 29319,22,15,28,37
Caballeronia turbans,LMG 29316,22,15,28,37
Caballeronia zhejiangensis,OP-1,36,4,30,40
Caecibacterium sporoformans,LMG 27730T,23,25,37,48
Caenibacillus caldisaponilyticus,NBRC 111400T,25,40,50,65
Caenibacterium thermophilum,N2-680T,32,25,47,57
Caenimicrobium hargitense,CGII-59m2,17,20,28,37
Caenimonas koreensis,KCTC 12616T,25,10,30,35
Caenimonas terrae,SGM1-15,30,10,28,40
Caenispirillum bisanense,K92T,32,15,37,47
Caenispirillum deserti,JC232,15,25,30,40
Caenispirillum humi,MAH-8,15,20,28,35
Caenispirillum salinarum,JCM 17360T,30,15,30,45
Caldalkalibacillus thermarum,HA6T,20,45,60,65
Caldalkalibacillus uzonensis,DSM 17740T,22,42,50,64
Caldanaerobacter subterraneus,ATCC BAA乚225,30,50,75,80
Caldanaerobacter uzonensis,K67T,25,50,69,75
Caldanaerobacter uzonensis,K67,25,50,68,75
Caldanaerobius fijiensis,DSM 17918T,27,40,60,67
Caldanaerobius polysaccharolyticus,KMTHCJ,27,45,65,72
Caldanaerobius zeae,mel2,17,55,65,72
Caldanaerovirga acetigignens,JW/SA-NV4T,34,42,64,76
Calderihabitans maritimus,KKC1,13,55,65,68
Caldibacillus debilis,Tf,20,50,60,70
Caldicellulosiruptor acetigenus,DSM 7040T,28,50,65,78
Caldicellulosiruptor bescii,DSM 6725,48,42,79,90
Caldicellulosiruptor changbaiensis,DSM 26941T,50,40,75,90
Caldicellulosiruptor hydrothermalis,DSM 18901T,30,50,70,80
Caldicellulosiruptor hydrothermalis,108,30,50,65,80
Caldicellulosiruptor kristjanssonii,I77R1B,37,45,78,82
Caldicellulosiruptor kronotskyensis,DSM 18902T,37,45,70,82
Caldicellulosiruptor lactoaceticus,6A,28,50,68,78
Caldicellulosiruptor obsidiansis,OB47,30,55,78,85
Caldicellulosiruptor owensensis,ATCC700167T,30,50,75,80
Caldicellulosiruptor saccharolyticus,Tp8T,35,45,70,80
Caldichromatium japonicum,DSM 110881,16,40,50,56
Caldicoprobacter algeriensis,TH7C1,20,55,65,75
Caldicoprobacter faecalis,DSM 20678,15,60,71.5,75
Caldicoprobacter faecalis,DSM 20678T,15,60,70,75
Caldicoprobacter guelmensis,D2C22,40,45,65,85
Caldicoprobacter oshimai,JW/HY-331T,33,44,70,77
Caldilinea aerophila,STL-6-O1,28,37,55,65
Caldilinea tarbellica,D1-25-10-4,22,43,55,65
Caldimicrobium rimae,DSM 19393T,30,52,75,82
Caldimicrobium thiodismutans,TF1T,37,40,75,77
Caldimonas hydrothermale,HAN-85,30,30,55,60
Caldimonas taiwanensis,Onl,25,35,55,60
Caldinitratiruptor microaerophilus,CA62N,25,50,65,75
Caldisalinibacter kiritimatiensis,L21-TH-D2,20,45,50,65
Caldisericum exile,NBRC 104410T,15,55,65,70
Caldisphaera draconis,18U65,19,60,70,79
Caldisphaera lagunensis,IC-154T,35,45,74,80
Caldisphaera lagunensis,IC-154,35,45,70,80
Calditerricola satsumensis,JCM 14719T,27,56,78,83
Calditerricola yamamurae,JCM 14720T,25,56,72,81
Calditerrivibrio nitroreducens,Yu37-1T,35,30,55,65
Caldithrix abyssi,DSM 13497T,30,40,60,70
Caldithrix palaeochoryensis,DSM 21940T,25,40,60,65
Caldivirga maquilingensis,IC-167T,32,60,85,92
Caldovatus sediminis,YIM 72346,13,37,45,50
Calidifontibacter terrae,R161T,27,10,26,37
Calidifontibacter terrae,,41,4,28,45
Calidifontibacter terrae,R161,27,10,20,37
Calidifontimicrobium sediminis,KCTC 52671T,13,37,45,50
Caloramator australicus,JCM 1508T,25,45,60,70
Caloramator boliviensis,45BT,20,45,60,65
Caloramator coolhaasii,Z,28,37,50,65
Caloramator indicus,IndiB4,38,37,62.5,75
Caloramator mitchellensis,VF08T,23,37,55,60
Caloramator proteoclasticus,UT,38,30,55,68
Caloramator quimbayensis,DSM 22093T,18,37,50,55
Caloramator viterbensis,MS-VS5T,31,33,58,64
Caloramator viterbiensis,JW/MS-VS5,31,33,58,64
Caloranaerobacter azorensis,MV1087T,20,45,65,65
Caloranaerobacter ferrireducens,DY22619,30,40,60,70
Caloranaerobacter ferrireducens,DY22619T,33,37,60,70
Caloribacterium cisternae,DSM 23830T,37,28,50,65
Calorimonas adulescens,KCTC 15839T,21,47,60,68
Calorithrix insularis,DSM 101605T,25,35,55,60
Camelimonas fluminis,XZ2T,17,20,30,37
Camelliibacillus cellulosilyticus,THG-YT1,30,10,25,40
Camelliibacillus cellulosilyticus,KACC 19471T,30,10,30,40
Caminibacter hydrogeniphilus,AM1116T,20,50,60,70
Caminibacter mediatlanticus,TB-2,25,45,55,70
Caminibacter mediatlanticus,DSM 16658T,40,40,55,80
Caminibacter profundus,CRT,20,45,55,65
Caminicella sporogenes,AM1114,20,45,57.5,65
Caminicella sporogenes,DSM 14501T,20,45,55,65
Campylobacter blaseri,17S00004-5T,17,25,37,42
Campylobacter cuniculorum,150B,17,25,37,42
Campylobacter fetus,03-427T,17,25,37,42
Campylobacter geochelonis,RC20T,12,25,37,37
Campylobacter hepaticus,HV10T,5,37,37,42
Campylobacter iguaniorum,1485E,24,18,37,42
Campylobacter insulaenigrae,NCTC 12927,17,25,37,42
Campylobacter lanienae,LMG21527,5,37,37,42
Campylobacter novaezeelandiae,B423bT,17,25,37,42
Campylobacter ornithocola,WBE38T,5,37,37,42
Can grow,ATCC 8288T,15,20,30,35
Candida coleopterorum,,12,25,25,37
Candida margitis,,12,25,25,37
Candida parachauliodis,,10,25,25,35
Candida xiaguanensis,,10,25,25,35
Candidatus nitrospira,,20,28,42,48
Candidimonas bauzanensis,BZ59T,44,1,27.5,45
Candidimonas bauzanensis,BZ59,36,1,25,37
Candidimonas humi,SC-092,25,15,30,40
Candidimonas nitroreducens,SC-089T,25,15,30,40
Capnocytophaga endodontalis,ChDC OS43,10,30,35,40
Caproicibacterium argilliputei,ZCY20-5T,25,20,35,45
Caproiciproducens galactitolivorans,BS-1T,10,35,45,45
Caproiciproducens lactatisolvens,R2T,20,25,30,45
Caproiciproducens puteiluti,KCTC 25972T,20,25,30,45
Capsulimonas corticalis,DSM 105890T,27,10,30,37
Carbohydrates including,JCM 16476T,25,15,35,40
Carboxydocella manganica,DSM 23132T,44,26,58,70
Carboxydocella sporoproducens,DSM 16521T,20,50,60,70
Carboxydocella thermautotrophica,41,28,40,58,68
Carboxydothermus ferrireducens,DSM 11255T,24,50,65,74
Carboxydothermus hydrogenoformans,Z-2901,38,40,70,78
Carboxydothermus islandicus,DSM 21830T,20,50,65,70
Carboxydothermus pertinax,Ug1T,23,50,65,73
Carboxydothermus pertinax,Ug1,20,50,65,70
Carboxydothermus siderophilus,1315,18,52,65,70
Carboxydothermus siderophilus,DSM 21278T,20,50,65,70
Carboxylicivirga flava,Q15T,17,20,30,37
Carboxylicivirga linearis,FB218T,25,15,30,40
Carboxylicivirga mesophila,MEBiC 07026,19.9,18.2,30.3,38.1
Carboxylicivirga mesophila,JCM 18290T,19.9,18.2,30,38.1
Carboxylicivirga sediminis,JR1T,27,15,33,42
Carboxylicivirga taeanensis,,26,15,30,41
Carideicomes alvinocaridis,SCR17,24,16,37,40
Carlo searches,TRO-001DR8T,12,28,35,40
Carnimonas nigrificans,CTCBS1T,2,28,30,30
Carnobacterium alterfunditum,,30,0,22.5,30
Carnobacterium antarcticum,CP1T,32,4,30,36
Carnobacterium antarcticum,CP1,32,4,28,36
Carnobacterium funditum,DSM 5970,23,0,22.5,23
Carnobacterium inhibens,K1,30,0,20,30
Carnobacterium jeotgali,MS3,33,4,30,37
Carnobacterium maltaromaticum,DSM 20342T,41,4,32,45
Carnobacterium maltaromaticum,ATCC 27865,40,0,30,40
Carnobacterium pleistocenium,FTR1T,28,0,24,28
Casamino acids,DSM 14954T,19,19,30,38
Casamino acids,JCM 16476T,25,15,35,40
Castellaniella caeni,Ho-11T,27,10,30,37
Castellaniella daejeonensis,MJ06,17,25,30,42
Castellaniella denitrificans,NKNTAU,38,4,30,42
Castellaniella fermenti,CC-YTH191T,25,15,27.5,40
Castellaniella fermenti,YTH191,25,15,25,40
Castellaniella ginsengisoli,DCY36,17,25,30,42
Castellaniella hirudinis,E103T,22,15,25,37
Catalase activity,was 44,40,4,28,44
Catalase reaction,DSM 12178T,30,10,30,40
Catalase reaction,"of Xinfangfangia soli , 95",12,20,28,32
Catalinimonas alkaloidigena,,15,15,25,35
Catalinimonas alkaloidigena,CNU-914,15,15,25,30
Catalinimonas locisalis,KCTC 102105T,25,20,40,45
Catalinimonas niigatensis,A6F-52,20,20,28,40
Catellatospora aurea,NEAU-SH16,20,15,28,35
Catellatospora citrea,6183-E,17,20,31,37
Catellatospora sichuanensis,JCM 32394T,20,15,28,35
Catellibacterium aquatile,A1-9T,30,10,25,40
Catellibacterium caeni,CGMCC 1,20,15,25,35
Catellibacterium nanjingense,Y12T,30,10,28,40
Catellibacterium nectariphilum,AST4T,17,20,30,37
Catelliglobosispora koreensis,LM 042T,17,20,28,37
Catenisphaera adipataccumulans,GK12T,20,30,40,50
Catenococcus thiocycli,TG 5乚3,25,10,25,35
Catenovulum agarivorans,YM01T,32,10,28,42
Catenovulum agarivorans,YM01,35,10,28,45
Catenovulum maritimum,Q1,27,10,30,37
Catenovulum sediminis,D2,32,10,37,42
Catenulispora acidiphila,ID139908T,21,11,25,32
Catenulispora acidiphila,ID139908,26,11,22,37
Catenulispora fulva,SA-246,27,15,28,42
Catenulispora subtropica,TT 99-48,27,10,25,37
Catenulispora yoronensis,NBRC 103397T,27,10,25,37
Catenuloplanes japonicus,N381-16,7,21,28,28
Caulobacter daechungensis,H-E3-2T,28,4,30,32
Caulobacter daechungensis,H-E3-2,28,4,28,32
Caulobacter flavus,RHGG3T,27,10,29,37
Caulobacter flavus,RHGG3,27,10,28,37
Caulobacter ginsengisoli,Gsoil 317,10,20,25,30
Caulobacter hibisci,THG-AG3.4T,20,15,35,35
Caulobacter hibisci,THG-AG3.4,20,15,25,35
Caulobacter mirabilis,FWC 38,30,10,25,40
Caulobacter mirabilis,LMG 24261T,10,20,30,30
Caulobacter profunda,DS48-5-2T,26,4,25,30
Caulobacter profundus,DS48-5-2,26,4,25,30
Caulobacter radicis,410,30,10,30,40
Cavicella subterranea,W2.09-231T,35,10,30,45
Cavicella subterranea,W2.09-231,25,15,30,40
Caviibacter abscessus,CCUG 39713,2,35,37,37
Cavy grass,,15,25,37,40
Cecembia calidifontis,RQ-33,37.5,15,45,52.5
Cecembia calidifontis,DSM 21411T,30,20,45,50
Cecembia lonarensis,LW9,30,10,33.5,40
Cecembia lonarensis,LW9T,30,10,30,40
Cecembia rubra,YIM 78110T,20,30,37,50
Celeribacter baekdonensis,L-6,33,4,30,37
Celeribacter halophilus,ZXM137,41,4,28,45
Celeribacter indicus,P73T,31,10,28,41
Celeribacter manganoxidans,DY2-5T,37,0,28,37
Celeribacter marinus,IMCC12053,33,4,30,37
Celeribacter naphthalenivorans,EMB201T,22,15,30,37
Celeribacter neptunius,CIP 109922T,30,5,25,35
Celeribacter persicus,SBU1T,51,4,28,55
Celeribacter persicus,SBU1,35,10,28,45
Celerinatantimonas diazotrophica,S-G2-2T,32,17,31,49
Celerinatantimonas yamalensis,DSM 21888T,34,0,18,34
Cell growth,None__15,25,12,28,37
Cell growth,DSM 107278T,25,40,60,65
Cell lysate,NBRC 110391T,37,13,42,50
Cell morphology,DSM 12178T,30,10,30,40
Cell morphology,"by the ability to degrade xylan, starch and some other polysaccharides, by greater tolerance of acidic pH and by the inability to reduce nitrate",33,4,25,37
Cell morphology,JCM 16476T,25,15,35,40
Cell morphology,DSM28579T,30,20,37,50
Cell morphology,JCM 30603T,22,20,30,42
Cell morphology,JCM 31555T,25,10,30,35
Cell motility,JCM 30603T,22,20,30,42
Cell shape,JCM 30603T,22,20,30,42
Cells containing,DSM 12178T,30,10,30,40
Cells cultivated,JCM 16476T,25,15,35,40
Cells cultivated,JCM 31555T,25,10,30,35
Cells exhibited,Z-1001T,37,20,45,57
Cells formed,ED7T,22,20,30,42
Cells grown,DSM 12178T,30,10,30,40
Cells grown,NBRC 110391T,37,13,42,50
Cells stain,KHALHBd91T,30,20,37,50
Cells stained,DSM28579T,30,20,37,50
Cells were,ATCC 12775T,40,4,28,44
Cells were,WS4937T,27,12,33,39
Cellulomonas aerilata,5420S-23T,30,5,28,35
Cellulomonas alba,KACC 23260T,20,20,35,40
Cellulomonas algicola,NBRC 112905T,25,15,30,40
Cellulomonas aurantiaca,THG-SMD2.3,22,20,28,42
Cellulomonas bogoriensis,DSM 16987T,17,20,30,37
Cellulomonas carbonis,T26,41,4,28,45
Cellulomonas chitinilytica,X.bu-bT,26,4,25,30
Cellulomonas citrea,KACC 19069T,17,20,28,37
Cellulomonas edaphi,KACC 23261T,20,20,35,40
Cellulomonas endophytica,KCTC 49025T,26,4,28,30
Cellulomonas marina,FXJ8.089,33,4,26.5,37
Cellulomonas marina,FXJ8.089T,33,4,25,37
Cellulomonas massiliensis,JC225,7,30,37,37
Cellulomonas olei,P4T,20,20,30,40
Cellulomonas oligotrophica,DSM 24482T,22,15,25,37
Cellulomonas pakistanensis,NCCP-11T,27,10,30,37
Cellulomonas pakistanensis,NCCP-11,27,10,28,37
Cellulomonas phragmiteti,DSM 22512T,22,15,25,37
Cellulomonas rhizosphaerae,JCM 32383T,27,10,28,37
Cellulomonas shaoxiangyii,CGMCC 1,15,20,28,35
Cellulomonas soli,Kc1T,22,15,25,37
Cellulomonas telluris,DSM 105430T,22,15,28,37
Cellulomonas terrae,DB5T,27,10,30,37
Cellulomonas xylanilytica,LMG 21723T,33,4,30,37
Cellulomons edaphi,KACC 23261T,20,20,35,40
Cellulophaga algicola,IC166,30,-2,20,28
Cellulophaga baltica,NN015840T,28,2,28,30
Cellulophaga baltica,LMG 18535,10,20,26,30
Cellulophaga fucicola,LMG 18536,10,20,26,30
Cellulophaga geojensis,M-M6,36,4,25,40
Cellulophaga lytica,ATCC 23178,38,2,22,40
Cellulophaga tyrosinoxydans,EM41,20,15,25,35
Cellulosibacter alkalithermophilus,A6T,15,50,55,65
Cellulosilyticum lentocellum,,31.5,15,40,46.5
Cellulosilyticum lentocellum,RHM5,20,25,38,45
Cellulosilyticum ruminicola,H1T,20,25,38,45
Cellulosilyticum ruminicola,H1,31.5,15,40,46.5
Cellulosimicrobium aquatile,3bp,39,16,30,55
Cellulosimicrobium arenosum,CAU 1455,17,20,30,37
Cellulosimicrobium marinum,RS-7-4,22,15,28,37
Cellulosimicrobium terreum,DS-61T,30,4,25,34
Cellvibrio chitinivorans,NN19T,22,15,30,37
Cellvibrio fontiphilus,MVW-40T,25,15,25,40
Cellvibrio fontiphilus,MVW-40,25,15,20,40
Cellvibrio fulvus,,30,5,25,35
Cellvibrio japonicus,NCIMB 10462,30,17,25,47
Cellvibrio vulgaris,,30,5,25,35
Cellvibrio zantedeschiae,TPY-10,20,15,25,35
Cellvibrio zantedeschiae,BCRC 80525T,20,15,30,35
Centipeda periodontii,LL2383,5,32,35,37
Cephaloticoccus capnophilus,NCIMB 15005T,14,23,30,37
Cephaloticoccus capnophilus,CV41,14,23,37,37
Cerasibacillus quisquiliarum,DSM 15825T,25,30,50,55
Cerasicoccus arenae,YM26-026T,20,10,25,30
Cerasicoccus arenae,YM26-026,20,10,25,30
Cerasicoccus frondis,YM31-066,27,10,30,37
Cerasicoccus maritimus,YM31-114,27,10,25,37
Cereibacter changlensis,JA139,27,5,28,32
Cereibacter flavus,M79828T,33,4,28,37
Cesiribacter andamanensis,AMV16,19,18,33.5,37
Cesiribacter andamanensis,DSM 22818T,19,18,30,37
Cesiribacter roseus,311T,33,4,30,37
Cetia pacifica,TB-6T,25,45,57.5,70
Cetia pacifica,TB-6,25,45,55,70
Chainia kunmingensis,80-3024,27,10,28,37
Chakrabartia godavariana,PRB40T,30,10,30,40
Chakrabartia godavariana,PRB40,25,15,30,40
Chakrabartyella piscis,BP5GT,8,20,28,28
Changchengzhania lutea,SM1355T,31,4,20,35
Chania multitudinisentens,RB-25T,17,20,28,37
Chaplino hot,3753OT,18,42,50,60
Chelativorans composti,Nis3,34,23,50,57
Chelativorans intermedius,CC-MHSW-5T,55,5,37,60
Chelativorans intermedius,CC-MHSW-5,40,15,30,55
Chelativorans multitrophicus,DSM 9103,10,25,30,35
Chelativorans oligotrophicus,,10,25,30,35
Chelativorans oligotrophicus,LPM-4,28,7,32,35
Chelatococcus albus,G07232T,25,25,37,50
Chelatococcus caeni,EBR-4-1,35,15,30,50
Chelatococcus caeni,KCTC 32487T,35,15,30,50
Chelatococcus composti,DSM 101465T,40,20,35,60
Chelatococcus daeguensis,KCTC 12979T,31,20,30,51
Chelatococcus reniformis,B2974,35,5,25,40
Chelatococcus reniformis,JCM 30308T,35,5,30,40
Chelatococcus sambhunathii,DSM 18167T,30,20,37,50
Chemotrophic representatives,3753OT,18,42,50,60
Chenggangzhangella methanolivorans,CHL1,35,5,29,40
Chenggangzhangella methanolivorans,KCTC 42661T,35,5,28,40
Chengkuizengella marina,KCTC 43019T,30,10,28,40
Chengkuizengella sediminis,J15A17T,36,4,33,40
Chimaereicella boritolerans,T-22T,21,16,29,37
Chishuiella changwenlii,BY4,23,10,28,33
Chitinibacter alvei,LMG 25206T,25,10,20,35
Chitinibacter fontanus,STM-7,22,15,25,37
Chitinibacter suncheonensis,SK16,22,15,30,37
Chitinibacter tainanensis,S1,30,10,30,40
Chitinibacter tainanensis,BCRC 17254T,7,30,30,37
Chitinilyticum aquatile,c14T,25,15,32.5,40
Chitinilyticum aquatile,c14,25,15,30,40
Chitinilyticum litopenaei,DSM 21440T,25,15,30,40
Chitinimonas arctica,R3-44T,26,4,28,30
Chitinimonas lacunae,H2T,15,20,30,35
Chitinimonas prasina,LY03,24,15,37,39
Chitinimonas taiwanensis,cf,35,4,25,39
Chitinimonas viridis,HMD2169T,17,20,30,37
Chitiniphilus eburneus,HX-2-15,22,15,25,37
Chitiniphilus shinanonensis,SAY3,30,15,30,45
Chitinirhabdus sediminis,HSL-7T,22,15,20,37
Chitinivorax tropicus,KL-9,25,15,30,40
Chitinolyticbacter meiyuanensis,SYBC-H1,31,10,30,41
Chitinopha ginsengihumi,SR18T,30,15,28,45
Chitinophaga alhagiae,KCTC 62518T,25,20,28,45
Chitinophaga arvensicola,DSM 3695T,33,4,25,37
Chitinophaga aurantiaca,THG-SD5.5,9,24,24,33
Chitinophaga barathri,YLT18,17,15,28,32
Chitinophaga caeni,CICC 24262T,24,10,30,34
Chitinophaga caseinilytica,S-52,17,20,25,37
Chitinophaga costaii,CIP 110584T,30,15,26,45
Chitinophaga cymbidii,R156-2T,30,15,28,45
Chitinophaga deserti,KCTC 62443T,27,10,30,37
Chitinophaga dinghuensis,DHOC24T,27,10,30.5,37
Chitinophaga dinghuensis,DHOC24,27,10,28,37
Chitinophaga eiseniae,YC6729,27,15,30,42
Chitinophaga flava,K3CV102501T,35,7,35,42
Chitinophaga ginsengihumi,SR18T,30,15,28,45
Chitinophaga ginsengisegetis,,27,15,30,42
Chitinophaga ginsengisoli,,27,15,30,42
Chitinophaga humicola,Ktm-2,25,15,30,40
Chitinophaga jiangningensis,JN53,27,15,30,42
Chitinophaga longshanensis,Z29T,36,4,30,40
Chitinophaga lutea,KCTC 72039T,40,5,28,45
Chitinophaga niabensis,,35,5,29,40
Chitinophaga niabensis,KACC 12952T,35,5,28,40
Chitinophaga niastensis,KACC 12954T,25,5,28,30
Chitinophaga nivalis,KACC 22893T,22,15,30,37
Chitinophaga oryziterrae,YC7001,25,15,25,40
Chitinophaga parva,KCTC 62444T,25,20,35,45
Chitinophaga parva,LY-1,25,20,30,45
Chitinophaga pinensis,ATCC 43595,30,10,23,40
Chitinophaga pollutisoli,KACC 23415T,25,15,30,40
Chitinophaga polysaccharea,MRP-15T,41,4,28,45
Chitinophaga qingshengii,JN246T,27,15,28,42
Chitinophaga rhizosphaerae,T16R-86,27,10,28,37
Chitinophaga sedimenti,TFL-3T,30,10,30,40
Chitinophaga tropicalis,ysch24T,25,15,25,40
Chitinophaga varians,10-7W-9003T,32,10,28,42
Chitinophaga were,DSM 3695T,33,4,25,37
Chloracidobacterium thermophilum,B,14,44,51,58
Chloracidobacterium validum,BV2-CT,15,35,45,50
Chloroflexi available,3753OT,18,42,50,60
Chloroflexi genomes,3753OT,18,42,50,60
Chloroflexi phylum,3753OT,18,42,50,60
Chloroflexi possess,3753OT,18,42,50,60
Chloroflexi representatives,3753OT,18,42,54,60
Chloroflexus aggregans,MD-66,10,50,55,60
Chloroflexus aurantiacus,J-10-fl,26,40,52,66
Chloroflexus islandicus,isl-2T,13,46,55,59
Chloroflexus islandicus,isl-2,26,33,55,59
Chloroherpeton thalassium,GB-78,15,15,25,30
Chondromyces apiculatus,Cm a14,19,18,28,37
Chondromyces crocatus,Cm c5,19,18,28,37
Chondromyces lanuginosus,Sy t2,19,18,28,37
Chondromyces pediculatus,Cm p51,19,18,28,37
Christensenella minuta,DSM 22607T,18,25,37,43
Chromatium tepidum,MCT,23,34,49,57
Chromatocurvus halotolerans,EG19,33,7,37,40
Chromobacte riumrhizoryzae,JCM 31180T,25,15,30,40
Chromobacterium alkanivorans,IITR-71T,25,12,30,37
Chromobacterium amazonense,CBMAI 310,35,10,28,45
Chromobacterium aquaticum,CC-SEYA-1T,15,25,32,40
Chromobacterium aquaticum,CC-SEYA-1,40,10,32,50
Chromobacterium paludis,JCM 33770T,25,15,30,40
Chromobacterium phragmitis,JCM 31884T,25,15,35,40
Chromobacterium piscinae,,2,30,32,32
Chromobacterium pseudoviolaceum,,2,30,32,32
Chromobacterium rhizoryzae,LAM1188T,25,15,30,40
Chromobacterium sphagni,IIBBL 14B-1T,25,15,30,40
Chromobacterium subtsugae,PRAA4-1T,30,10,26.5,40
Chromobacterium subtsugae,,30,10,25,40
Chromobacterium subtsugae,PRAA4-1,30,10,25,40
Chromohalobacter beijerinckii,DSM 7218T,38,4,30,42
Chromohalobacter canadensis,ATCC 43984,40,5,30,45
Chromohalobacter israelensis,ATCC 43985,30,15,30,45
Chromohalobacter japonicus,CECT 7219T,27,15,37,42
Chromohalobacter japonicus,43,27,15,28,42
Chromohalobacter marismortui,ATCC 17056,40,5,37,45
Chromohalobacter nigrandesensis,CECT 5315T,30,15,32,45
Chromohalobacter salarius,CG4.1T,30,15,35,45
Chromohalobacter salexigens,Chromohalobacter salexigens,30,15,37,45
Chromohalobacter salexigens,of Pseudomonas halophila and transferred to the genus Halomonas as Halomonas utahensis nom,15,20,28,35
Chromohalobacter sarecensis,LV4,45,0,30,45
Chryseobacterium angstadtii,KM,32,5,30,37
Chryseobacterium antarcticum,AT1013,24,4,18.9,28
Chryseobacterium anthropi,NF 1366T,17,20,30,37
Chryseobacterium aquaticum,10-46,32,5,27.5,37
Chryseobacterium aquifrigidense,KCTC 12894T,22,15,25,37
Chryseobacterium arachidiradicis,91A-612T,41,4,30,45
Chryseobacterium arothri,P2K6,17,20,30,37
Chryseobacterium arothri,CIP 109575T,17,20,37,37
Chryseobacterium artocarpi,UTM-3,10,20,30,30
Chryseobacterium aurantiacum,KCTC 62135T,25,10,28,35
Chryseobacterium aureum,KACC 19920T,27,10,37,37
Chryseobacterium bovis,H9T,30,7,31,37
Chryseobacterium bovis,H9,30,7,30,37
Chryseobacterium caeni,KCTC 12506T,32,5,30,37
Chryseobacterium caeni,N4,32,5,28,37
Chryseobacterium camelliae,,33,4,25,37
Chryseobacterium camelliae,KACC 16985T,33,4,30,37
Chryseobacterium candidae,KCTC 52928T,30,10,30,40
Chryseobacterium carnipullorum,9_R23581T,25,5,25,30
Chryseobacterium carnipullorum,9_R23581,25,5,25,30
Chryseobacterium carnis,,32,5,37,37
Chryseobacterium chaponense,Sa 1147-06,33,4,30,37
Chryseobacterium cucumeris,GSE06,28,10,25,38
Chryseobacterium culicis,,33,4,30,37
Chryseobacterium daeguense,K105,31,10,30,41
Chryseobacterium echinoideorum,CC-CZW010T,22,15,30,37
Chryseobacterium elymi,RHA3-1,27,10,30,37
Chryseobacterium endophyticum,CC-YTH209T,25,15,30,40
Chryseobacterium flavum,CW-E 2,37,5,30,42
Chryseobacterium formosense,,17,20,30,37
Chryseobacterium frigidisoli,PB4T,25,0,20,25
Chryseobacterium frigidum,D07T,33,4,29,37
Chryseobacterium frigidum,D07,33,4,28,37
Chryseobacterium gambrini,,17,25,37,42
Chryseobacterium ginsengisoli,DCY 63,33,4,25,37
Chryseobacterium ginsengiterrae,DCY78,20,10,28,30
Chryseobacterium ginsenosidimutans,THG 15T,27,10,25,37
Chryseobacterium ginsenosidimutans,THG 15,27,10,25,37
Chryseobacterium greenlandense,UMB34,36,1,30,37
Chryseobacterium gregarium,P 461/12T,26,4,21,30
Chryseobacterium gwangjuense,THG-A18,31,4,25,35
Chryseobacterium hagamense,RHA2-9,27,10,30,37
Chryseobacterium haifense,H38T,37,4,32,41
Chryseobacterium halperniae,H1,28,5,25,33
Chryseobacterium hispalense,AG13,30,10,15,40
Chryseobacterium hispanicum,VP48T,25,5,26.5,30
Chryseobacterium hominis,NF802T,17,20,30,37
Chryseobacterium humi,ECP37,33,4,25,37
Chryseobacterium hungaricum,CHB-20p,37,5,29,42
Chryseobacterium hungaricum,DSM 19684T,32,5,30,37
Chryseobacterium jejuense,,30,5,29,35
Chryseobacterium jejuense,JS17-8,30,5,28,35
Chryseobacterium jeonii,AT1047,27,4,21.5,31
Chryseobacterium kwangjuense,KJ1R5,28,10,28,38
Chryseobacterium lineare,XC0022T,38,4,30,42
Chryseobacterium luteum,P 456/04,33,4,21,37
Chryseobacterium marinum,IMCC3228,22,3,15,25
Chryseobacterium montanum,WG4T,38,4,37,42
Chryseobacterium mulctrae,KACC 21234T,27,10,30,37
Chryseobacterium nepalense,C-5-3,35,10,20,45
Chryseobacterium oncorhynchi,701B-08,15,15,25,30
Chryseobacterium oranimense,LMG 24030T,32,5,33,37
Chryseobacterium oranimense,H8,32,5,30,37
Chryseobacterium palustre,3A10,27,10,30,37
Chryseobacterium panacis,DCY107,17,20,25,37
Chryseobacterium piscicola,VQ-6316sT,24,4,15,28
Chryseobacterium polytrichastri,YG4-6,26,4,28,30
Chryseobacterium profundimaris,DY46,33,4,30,37
Chryseobacterium psychrotolerans,TSBY 57,30,0,20,30
Chryseobacterium reticulitermitis,Ra1T,30,15,30,45
Chryseobacterium rhizosphaerae,RSB3-1,27,10,30,37
Chryseobacterium rigui,CJ16T,32,5,30,37
Chryseobacterium salipaludis,JC490T,35,15,35,50
Chryseobacterium sediminis,IMT-174T,33,4,30,37
Chryseobacterium shandongense,YF-3T,12,25,30,37
Chryseobacterium shigense,NCIMB 14047T,25,5,20,30
Chryseobacterium solani,THG-EP9,31,4,25,35
Chryseobacterium soldanellicola,KCTC 12382T,37,5,30,42
Chryseobacterium soli,,25,5,29,30
Chryseobacterium soli,KACC 12502T,25,5,28,30
Chryseobacterium solincola,1YB-R12T,33,4,29,37
Chryseobacterium solincola,1YB-R12,10,20,28,30
Chryseobacterium taihuense,CGMCC 1,30,15,30,45
Chryseobacterium taiwanense,BCRC 17412T,37,5,30,42
Chryseobacterium takakiae,AG1-2T,33,4,28,37
Chryseobacterium takakiae,AG1-2,17,25,28,42
Chryseobacterium taklimakanense,X-65,19,18,30,37
Chryseobacterium treverense,IMMIB L-1519,25,5,20,30
Chryseobacterium tructae,1084-08,25,5,25,30
Chryseobacterium ureilyticum,,33,4,25,37
Chryseobacterium vietnamense,GIMN1.005T,32,5,30,37
Chryseobacterium viscerum,687B-08T,22,15,22,37
Chryseobacterium viscerum,687B-08,15,15,25,30
Chryseobacterium wanjuense,R2A10-2T,32,5,28,37
Chryseobacterium xinjiangense,TSBY 67,33,4,22,37
Chryseobacterium xinjiangense,TSBY 67T,33,4,20,37
Chryseobacterium xixisoli,S31,27,10,32,37
Chryseobacterium yonginense,HMD1043,26,4,30,30
Chryseoglobus frigidaquae,CW1T,20,20,30,40
Chryseolinea flava,CGMCC 1,24,13,25,37
Chryseolinea serpens,DSM 24574T,24,13,30,37
Chryseolinea serpens,RYG,24,13,25,37
Chryseomicrobium amylolyticum,DSM 23442T,15,25,30,40
Chryseomicrobium aureum,BUT-2T,38,4,30,42
Chryseomicrobium aureum,BUT-2,15,20,30,35
Chryseomicrobium deserti,THG-T1.18,15,20,29,35
Chryseomicrobium deserti,KACC 18929T,15,20,28,35
Chryseomicrobium excrementi,ET03T,20,20,35,40
Chryseomicrobium imtechense,MW 10,36,4,30,40
Chryseomicrobium palamuruense,PU1,22,18,37,40
Chryseotalea sanaruensis,Ys,25,10,30,35
Chrysiogenes arsenatis,BAL-1T,5,25,28,30
Chthonobacter albigriseus,ED7,22,20,30,42
Chthonomonas calidirosea,T49T,23,50,68,73
Chukotka hot,3753OT,18,42,54,60
Chungangia koreensis,CAU 9163T,15,30,30,45
Ciceribacter azotifigens,A.slu09T,27,10,30,37
Ciceribacter lividus,MSSRFBL1T,12,25,28,37
Ciceribacter thiooxidans,F43bT,22,20,37,42
Citreicella aestuarii,AD8T,25,15,25,40
Citreicella marina,CK-I3-6T,34,4,25,38
Citreimonas salinaria,JCM 13036T,25,15,30,40
Citreitalea marina,A4O-5,22,15,30,37
Citricoccus alkalitolerans,YIM 70010,27,10,28,37
Citricoccus zhacaiensis,CGMCC 1,27,10,25,37
Citrimicrobium luteum,CBA4602,32,10,30,42
Citrobacter europaeus,97/79,30,20,37,50
Citromicrobium bathyomarinum,JF-1,41,4,20,45
Clavibacter xyli,,10,26,28,36
Cloacibacillus evryensis,158T,30,20,37,50
Cloacibacillus porcorum,CL-84T,25,20,39,45
Cloacibacterium caeni,B6,20,20,37,40
Cloacibacterium haliotis,WB5T,22,15,30,37
Cloacibacterium normanense,NRS1,18,18,30,36
Cloacibacterium rupense,R2A-16T,19,18,37,37
Clostridia such,JCM 16476T,25,15,35,40
Clostridiisalibacter paucivorans,37HS60T,25,25,42,50
Clostridiisalibacter paucivorans,37HS60,30,20,40,50
Clostridium aceticum,ATCC 35044,20,25,30,45
Clostridium acetireducens,30A,15,30,39,45
Clostridium acidisoli,,32,5,30,37
Clostridium acidisoli,CK74,32,5,25,37
Clostridium aciditolerans,JW/YJL-B3T,25,20,35,45
Clostridium aestuarii,HY-45-18T,15,15,30,30
Clostridium akagii,CK58,25,5,20,30
Clostridium aldrichii,P-1,25,20,35,45
Clostridium algidicarnis,DSM 15099,36,4,37,40
Clostridium algidixylanolyticum,DSM 12273T,29.7,2.5,30,32.2
Clostridium algifaecis,CGMCC 1,25,20,37,45
Clostridium algifaecis,MB9-7,25,20,30,45
Clostridium algoriphilum,14D1,25,-5,5,20
Clostridium amazonense,NE08V,17,30,37,47
Clostridium amygdalinum,DSM 12857T,40,20,45,60
Clostridium amylolyticum,JCM 14823T,21,24,37,45
Clostridium aquiflavi,N-1T,25,15,37,40
Clostridium arbusti,SL206T,20,20,37,40
Clostridium autoethanogenum,JA1-1,24,20,37,44
Clostridium beihaiense,CICC 24109T,25,20,37,45
Clostridium beijerinckii,ATCC 25752,20,25,37,45
Clostridium bornimense,M2/40T,25,20,35,45
Clostridium bovifaecis,JCM 32382T,25,20,30,45
Clostridium bowmanii,,16,4,14,20
Clostridium budayi,ATCC 25541,20,25,37,45
Clostridium butyricum,ATCC 19398,27,10,30,37
Clostridium cadaveris,ATCC 25783,20,25,30,45
Clostridium caenicola,,20,50,60,70
Clostridium caldaquaticum,NBRC 115040T,18,37,45,55
Clostridium caminithermale,DVird3,29,20,45,65
Clostridium caminithermale,DSM 15212T,38,20,45,58
Clostridium cavendishii,BL-28,31,15,37,46
Clostridium celatum,ATCC 27791,20,25,37,45
Clostridium cellulolyticum,ATCC 35319,20,25,32,45
Clostridium cellulosi,AS 1.1777,25,40,55,65
Clostridium cellulovorans,743B,20,20,37,40
Clostridium chromiireducens,GCAF-1T,5,30,30,35
Clostridium clariflavum,,20,45,55,65
Clostridium clostridiiforme,ATCC 29084,20,25,37,45
Clostridium coccoides,CLC-1,20,25,37,45
Clostridium cocleatum,I50,30,15,37,45
Clostridium colicanis,3WC2T,15,30,37,45
Clostridium colicanis,3WC2,15,30,37,45
Clostridium composti,YH-tan31T,25,20,37,45
Clostridium cylindrosporum,DSM 605,26,19,42.5,45
Clostridium diolis,SH1,17,25,37,42
Clostridium disporicum,DS1,22,22,25,44
Clostridium estertheticum,,7,6,8,13
Clostridium fermenticellae,JN500901T,20,20,37,40
Clostridium fervidus,ATCC 43204,43,37,68,80
Clostridium formicaceticum,ATCC 27076,16,28,37,44
Clostridium frigidicarnis,DSM 12271T,36.7,3.8,30,40.5
Clostridium frigidicarnis,SPL77A,36.5,4,30,40.5
Clostridium frigoris,,12,4,6,16
Clostridium ganghwense,HY-42-06,25,15,35,40
Clostridium gasigenes,DB1A,27.5,-1.5,21,26
Clostridium gasigenes,DSM 12272T,27.5,-1.5,22,26
Clostridium geopurificans,MJ1,19,18,30,37
Clostridium grantii,A-1,28,17,30,45
Clostridium guangxiense,CICC 24070T,25,20,37,45
Clostridium haemolyticum,ATCC 9650,12,25,37,37
Clostridium hiranonis,TO-931T,20,30,37,50
Clostridium homopropionicum,LuHBu1,28,4,28,32
Clostridium huakuii,LAM1030T,20,25,35,45
Clostridium hydrogeniformans,BL-20T,25,15,35,40
Clostridium hydrogeniformans,BL-20,25,15,30,40
Clostridium hydroxybenzoicum,JW/Z-1T,29,12,33,41
Clostridium indicum,DSM 24996T,25,20,30,45
Clostridium isatidi,Wv6T,25,30,50,55
Clostridium isatidis,Wv6T,25,30,49,55
Clostridium jejuense,HY-35-12T,30,10,30,40
Clostridium josui,FERM P-9684,35,25,45,60
Clostridium kluyveri,ATCC 8527,18,19,35,37
Clostridium lactatifermentans,G17,17,30,41,47
Clostridium lacusfryxellense,,12,4,10,16
Clostridium lavalense,CCRI-9842,2,35,37,37
Clostridium liquoris,DSM 100320T,25,22,37,47
Clostridium ljungdahlii,ATCC 49587,10,30,37,40
Clostridium lundense,R1T,22,25,37,47
Clostridium luticellarii,FW431T,22,20,37,42
Clostridium magnum,Wo Bd P1,30,15,30,45
Clostridium malenominatum,ATCC 25776,20,25,37,45
Clostridium moniliforme,ATCC 25546,20,25,30,45
Clostridium neonatale,LCDC 99A005,12,25,37,37
Clostridium neuense,CICC 24069T,30,15,37,45
Clostridium nexile,,20,25,37,45
Clostridium nitritogenes,ATCC 25547,15,30,37,45
Clostridium nitrophenolicum,1DT,25,20,30,45
Clostridium oryzae,KC3,30,20,37,50
Clostridium papyrosolvens,NCIB 11394,30,15,25,45
Clostridium paradoxum,JW-YL-7,33,30,56,63
Clostridium pascui,Cm19,33,10,38.5,43
Clostridium pascui,Cm,33,10,37,43
Clostridium peptidivorans,TMC4,22,20,37,42
Clostridium perfringens,ATCC 3626,30,20,37,50
Clostridium pfennigii,V5-2,16,23,39,39
Clostridium phytofermentans,ISDgT,27,15,37,42
Clostridium polyendosporum,PS-1,30,15,25,45
Clostridium populeti,ATCC 35295,20,20,35,40
Clostridium prolinivorans,PYR-10T,25,30,45,55
Clostridium psychrophilum,,12,4,4,16
Clostridium punense,BLPYG-8T,20,20,37,40
Clostridium puniceum,BL 70/20,32,7,23,39
Clostridium purinolyticum,WA-1,24,18,36,42
Clostridium quinii,BS1,35,15,40,50
Clostridium roseum,ATCC 17797,27,20,37,47
Clostridium saccharolyticum,WM1 (= NRC 2533),26,17,37,43
Clostridium sartagoforme,ATCC 25778,20,25,30,45
Clostridium schirmacherense,AP15,30,5,5,35
Clostridium sediminicola,NBRC 116030T,25,15,35,40
Clostridium sordelli,ATCC 9714,20,25,30,45
Clostridium spiroforme,,30,15,37,45
Clostridium sporogenes,ATCC 3584,20,25,30,45
Clostridium stercorarium,,5,60,65,65
Clostridium subterminale,ATCC 25774,20,25,37,45
Clostridium sufflavum,JCM 14807T,13,20,33,33
Clostridium sulfidigenes,SGB2,30,18,34,48
Clostridium swellfunianum,S11.3.10,25,20,37,45
Clostridium tagluense,DSM 17763T,24,4,15,28
Clostridium tepidiprofundi,DSM 19306T,38,22,50,60
Clostridium tepidum,IEH 97212T,25,30,47.5,55
Clostridium tepidum,IEH 97212,25,30,45,55
Clostridium thermoalcaliphilum,JW/YL23-2,30.5,27,49.5,57.5
Clostridium thermobutyricum,JW171K,35.5,26,55,61.5
Clostridium thermocopriae,JT3-3,27,47,60,74
Clostridium thermopapyrolyticum,UBA 305,21,45,59,66
Clostridium thiosulfatireducens,Lup 21T,27,18,37,45
Clostridium tunisiense,E1,25,18,37,43
Clostridium tyrobutyricum,ATCC 25755,12,25,30,37
Clostridium uliginosum,DSM 12992T,20,10,25,30
Clostridium uliginosum,CK55,20,10,20,30
Clostridium vincentii,lac-1,18,2,12,20
Clostridium vulturis,YMB-57,15,30,37,45
Cnuella takakiae,RG1-1T,36,4,28,40
Cnuella takakiae,RG1-1,10,20,28,30
Cnuibacter physcomitrellae,XAT,22,15,30,37
Cnuibacter physcomitrellae,XA,22,15,28,37
Cobetia amphilecti,KMM 1561,38,4,37,42
Cobetia crustatorum,JO1T,26,4,25,30
Cobetia litoralis,KMM 3880,38,4,35,42
Cobetia marina,of Pseudomonas halophila and transferred to the genus Halomonas as Halomonas utahensis nom,15,20,28,35
Cobetia pacifica,KMM 3879,38,4,35,42
Cocleimonas flava,KMM 3898,36,4,25,40
Cocleimonas flava,JCM 16494T,29,4,25,33
Coenonia anatina,LMG 14382,1,36,37,37
Coetzeea brasiliensis,Braz8T,2,28,28,30
Cognatishimia coralii,D5M38T,30,10,37,40
Cognatishimia maritima,GSW-M6,27,10,30,37
Cognatiyoonia sediminum,S3B03,36,10,28,46
Cohaesibacter celericrescens,H1304T,33,4,33,37
Cohaesibacter gelatinilyticus,CL-GR15T,30,5,25,35
Cohaesibacter gelatinilyticus,CL-GR15,16,15,25,31
Cohaesibacter haloalkalitolerans,JC131T,25,15,25,40
Cohaesibacter intestini,KCTC 62716T,27,10,28,37
Cohaesibacter marisflavi,CGMCC 1,28,10,25,38
Cohnella abietis,HS21,26,4,25,30
Cohnella algarum,Pch-40T,30,20,40,50
Cohnella algarum,Pch-40,30,20,37,50
Cohnella arctica,M9-62T,26,4,25,30
Cohnella baijiui,REN36T,25,20,37,45
Cohnella capsici,YN-59,41,4,30,45
Cohnella cellulolytica,,40,10,30,50
Cohnella cellulosilytica,FCN3-3,50,10,30,60
Cohnella collisoli,NKM-5,25,5,25,30
Cohnella endophytica,KCTC 43011T,27,10,30,37
Cohnella faecalis,CGMCC 1,22,15,30,37
Cohnella fermenti,BCRC 81147T,35,15,30,50
Cohnella ferri,HIO-4,27,15,37,42
Cohnella fontinalis,YT-1101,30,25,40,55
Cohnella formosensis,CC-Alfalfa-35T,40,10,30,50
Cohnella formosensis,CC-Alfalfa-35,30,20,30,50
Cohnella ginsengisoli,KACC 11771T,30,10,30,40
Cohnella kolymensis,20.16T,51,4,28,55
Cohnella kolymensis,20.16,37,6,28,43
Cohnella laeviribosi,RI-39T,30,30,45,60
Cohnella lubricantis,KSS-154-50,25,20,28,45
Cohnella luojiensis,HY-22R,27,10,30,37
Cohnella lupini,RLAHU4B,28,10,28,38
Cohnella nanjingensis,D45T,27,15,30,42
Cohnella phaseoli,GSPC1T,35,10,28,45
Cohnella plantaginis,YN-83,35,10,30,45
Cohnella rhizosphaerae,CSE-5610,30,15,28,45
Cohnella saccharovorans,CJ22T,17,20,30,37
Cohnella soli,YM2-7,22,15,30,37
Cohnella suwonensis,WD2-19,25,10,30,35
Cohnella terrae,,35,10,40,45
Cohnella thailandensis,S1-3T,40,10,37,50
Cohnella thailandensis,S1-3,30,20,37,50
Cohnella xylanilytica,,40,10,40,50
Cohnella yongneupensis,KACC 11768T,30,10,30,40
Collimonas antrihumi,C3-17,26,4,20,30
Collimonas fungivorans,Ter6,31,4,25,35
Collimonas rhizosphaerae,DSM 117599T,15,15,20,30
Colonial morphology,of Pseudomonas halophila and transferred to the genus Halomonas as Halomonas utahensis nom,15,20,28,35
Colonies grown,NBRC 14566T,27,15,35,42
Colonies grown,DSM 17897T,27,15,30,42
Colony colour,DSM28579T,30,20,37,50
Colony colour,JCM 30603T,22,20,30,42
Colony morphology,DSM 12178T,30,10,30,40
Colwellia aestuarii,SMK-10T,28,4,25,32
Colwellia aestuarii,SMK-10,28,4,25,32
Colwellia agarivorans,QM50T,33,4,29,37
Colwellia agarivorans,QM50,33,4,28,37
Colwellia aquaemaris,S1T,26,4,25,30
Colwellia arctica,435,21,4,18,25
Colwellia asteriadis,KMD 002T,21,4,15,25
Colwellia beringensis,KCTC 52554T,25,0,10,25
Colwellia chukchiensis,BCw111T,30,0,24,30
Colwellia chukchiensis,BCw111,30,0,23,30
Colwellia echini,A3T,20,5,20,25
Colwellia marinimaniae,MTCD1,4,4,6,8
Colwellia maris,ABE-1T,22,0,15,22
Colwellia meonggei,MA1-3,20,10,25,30
Colwellia mytili,RA2-7T,21,4,20,25
Colwellia polaris,537T,22,4,20.5,26
Colwellia polaris,537,22,4,20,26
Colwellia sediminilitoris,YSM-23,26,4,30,30
Colwellia subclass,DSM 12178T,30,10,30,40
Comamonas aquatilis,SB30-Chr27-3T,26,10,30,36
Comamonas badia,IAM 14839,10,20,27,30
Comamonas composti,YY287,20,15,30,35
Comamonas composti,BCRC 17659T,20,15,35,35
Comamonas denitrificans,123T,17,20,30,37
Comamonas guangdongensis,,35,10,31,45
Comamonas guangdongensis,CY01T,35,10,30,45
Comamonas humi,GAU11T,15,15,25,30
Comamonas humi,GAU11,15,15,25,30
Comamonas jiangduensis,YW1T,38,4,37,42
Comamonas kerstersii,LMG 3475,14,30,35,44
Comamonas koreensis,YH12,27,10,30,37
Comamonas nitrativorans,23310T,5,30,35,35
Comamonas odontotermitis,BCRC 17576T,22,15,35,37
Comamonas phosphati,WYH 22-41,31,4,30,35
Comamonas piscis,CN1T,20,10,25,30
Comamonas sediminis,S3,33,12,30,45
Comamonas serinivorans,SP-35T,17,20,30,37
Comamonas trifloxystrobinivorans,KCTC 8781T,20,15,30,35
Comamonas zonglianii,DSM 22523T,28,15,25,43
Commensalibacter intestini,A911,16,18,25,34
Comparative sequence,DSM 12178T,30,10,30,40
Comparative sequence,DSM 3695T,33,4,25,37
Compostibacillus humi,DX-3T,60,10,50,70
Compostibacillus humi,DX-3,30,30,50,60
Compostibacter hankyongensis,BS27,22,15,30,37
Compostimonas suwonensis,SMC46T,31.5,4,28,40
Compostimonas suwonensis,SMC46,27,10,28,37
Conexibacter stalactiti,YC2-25T,33,4,30,37
Conexibacter woesei,DSM 14684T,33,4,28,37
Conexivisphaera calidus,NAS-02,10,60,65,70
Confluentibacter citreus,XJNYT,33,4,33,37
Confluentibacter lentus,HJM-3,22,15,30,37
Confluentibacter sediminis,KCTC 62648T,33,4,35,37
Confluentimicrobium lipolyticum,SSK1-4,25,10,30,35
Confluentimicrobium naphthalenivorans,NS6,25,15,30,40
Conglomeromonas largomobilis,UQM 2041,33.5,10,28,43.5
Conserved marker,IA91T,20,25,40,45
Consotaella salsifontis,USBA 369T,20,20,30,40
Constrictibacter antarcticus,262-8T,25,5,25,30
Contain raeso-diaminopimelic,of Amycolatopsis rugosa was determined following direct sequencing of the amplified gene,35,10,34,45
Conyzicola lurida,HWE2-01T,26,4,25,30
Conyzicola nivalis,ZD5-4,40,0,14,40
Coprobacter secundus,,20,25,37,45
Coprococcus catus,ATCC 27761,20,25,37,45
Coprococcus comes,ATCC 27758,20,25,37,45
Coprococcus eutactus,ATCC 27759,20,25,37,45
Coprothermobacter platensis,3R,30,35,55,65
Coprothermobacter proteolyticus,BT,40,35,63,75
Coralibacter albidoflavus,04OKA-3-121,5,25,30,30
Coraliomargarita algicola,KACC 22590T,20,20,30,40
Corallibacterium pacifica,OS-11M-2,25,15,35,40
Corallincola holothuriorum,CICC 10839T,16,17,28,33
Corallincola platygyrae,JLT2006,17,20,20,37
Coralloluteibacterium thermophilus,B51-30,40,15,45,55
Corallomonas stylophorae,KTSW-6T,22,15,30,37
Corallomonas stylophorae,KTSW-6,22,15,25,37
Corroding activity,DSM 11002,25,20,42,45
Corrosion rates,DSM 11002,25,20,42,45
Corticibacter populi,17B10-2-12,30,10,30,40
Corticibacterium populi,16B10-2-7T,27,10,29,37
Corticibacterium populi,16B10-2-7,27,10,28,37
Corticicoccus populi,26D10-3-4T,27,10,29,37
Corticicoccus populi,26D10-3-4,27,10,28,37
Corticimicrobacter populi,KCTC 52807T,37,4,30,41
Corynebacterium alimapuense,VA37-3T,18,12,30,30
Corynebacterium ammoniagenes,ATCC 6871,27,10,30,37
Corynebacterium atrinae,PSPT56,27,10,30,37
Corynebacterium crudilactis,JZ16,35,10,28,45
Corynebacterium efficiens,YS-314,32,15,35,47
Corynebacterium faecale,YIM 101505T,35,10,28,45
Corynebacterium glyciniphilum,AJ 3170,11,30,37,41
Corynebacterium godavarianum,PRD07,15,25,37,40
Corynebacterium guangdongense,S01T,35.5,4,28,45
Corynebacterium guangdongense,S01,35,10,25,45
Corynebacterium hadale,NBT06-6T,19,22,35,41
Corynebacterium humireducens,MFC-5T,20,25,37,45
Corynebacterium ihumii,GD7,15,30,37,45
Corynebacterium jeddahense,JCB,15,30,37,45
Corynebacterium liangguodongii,CGMCC 1,22,20,37,42
Corynebacterium marinum,D7015,33,4,31,37
Corynebacterium marinum,CGMCC 1,33,4,32,37
Corynebacterium maris,Coryn-1T,11,26,35,37
Corynebacterium massiliense,5402485,14,30,37,44
Corynebacterium megadyptis,DSM 111184T,17,20,30,37
Corynebacterium michiganense,78181,18,10,25,28
Corynebacterium nebraskense,Fur-1,18,10,26,28
Corynebacterium nuruki,S6-4T,35,10,37,45
Corynebacterium pollutisoli,DSM 100104T,35,10,28,45
Corynebacterium stationis,ATCC 14403,17,25,35,42
Corynebacterium suranareeae,TBRC 5845T,31,9,30,40
Corynebacterium suranareeae,N24,33,9,30,42
Corynebacterium timonense,5401744,30,20,37,50
Corynebacterium trachiae,280/10T,45,10,30,55
Corynebacterium yudongzhengii,CGMCC 1,22,20,37,42
Costertonia aggregata,KOPRI 13342,25,10,26,35
Costertonia aggregata,JCM 13411T,25,10,32,35
Couchioplanes caeruleus,IFO 13939,6,22,28,28
Crabtreella saccharophila,,20,10,29,30
Crassaminicella indica,143-21T,30,30,50,60
Crassaminicella profunda,Ra1766HT,20,25,30,45
Craterilacuibacter sinensis,CGMCC 1,15,15,20,30
Crenalkalicoccus roseus,JCM 19657T,40,20,40,60
Crenobacter cavernae,CGMCC 1,20,10,20,30
Crenobacter luteus,YIM 78141,45,10,45,55
Crenobacter luteus,BCRC 80650T,45,10,40,55
Crenotalea thermophila,STH-1-Y1,25,35,55,60
Cribrihabitans marinus,CZ-AM5T,25,15,35,40
Cribrihabitans marinus,CZ-AM5,25,15,30,40
Cribrihabitans neustonicus,CC-AMHB-3T,30,10,30,40
Cribrihabitans neustonicus,CC-AMHB-3,20,20,30,40
Cribrihabitans pelagius,KMU-32T,33,4,30,37
Cribrihabitans pelagius,KMU-32,12,25,30,37
Croceibacter atlanticus,HTCC2559,18,10,25,28
Croceibacterium ferulae,CGMCC 1,41,4,28,45
Croceicoccus marinus,E4A9T,41,4,25,48
Croceicoccus mobilis,,33,4,30,37
Croceicoccus mobilis,Ery22,30,15,30,45
Croceicoccus naphthovorans,PQ-2T,35,15,32,50
Croceicoccus pelagius,,33,4,30,37
Croceicoccus pelagius,Ery9,30,15,30,45
Croceicoccus sediminis,KCTC 72146T,25,15,30,40
Croceifilum oryzae,ZYf1a3,17,20,30,37
Croceitalea dokdonensis,DOKDO 023,26,12,35,38
Croceitalea eckloniae,DOKDO 025T,24,10,29,34
Croceitalea litorea,CBA3205,22,15,27.5,37
Croceitalea litorea,CBA3205T,22,15,30,37
Croceitalea marina,H01-35T,35,10,28,45
Croceivirga litoralis,KCTC 72852T,15,25,33,40
Croceivirga radicis,HSG9,32,10,25,42
Crocinitomix algicola,0182T,27,10,30,37
Crocinitomix catalasitica,NCIMB 1418,30,0,25,30
Crossiella cryophila,NRRL B-16238,23,10,28,33
Cruoricaptor ignavus,IMMIB L-12475,15,22,35,37
Cryobacterium arcticum,SK1,34,-6,20,28
Cryobacterium aureum,NBRC 107882T,18,0,8,18
Cryobacterium breve,CGMCC 1,20,0,14,20
Cryobacterium levicorallinum,Hh34,18,0,8,18
Cryobacterium mesophilum,MSL-15T,8,20,26.5,28
Cryobacterium mesophilum,MSL-15,8,20,28,28
Cryobacterium psychrophilum,JCM 1463,9,9,12,18
Cryobacterium psychrotolerans,0549T,23,4,21,27
Cryobacterium psychrotolerans,549,23,4,20,27
Cryobacterium roopkundense,RuGl7T,18,0,16.5,18
Cryobacterium ruanii,CGMCC 1,18,0,10,18
Cryobacterium soli,JCM 32391T,22,4,18,26
Cryomorpha ignava,,25,0,15,25
Cryomorpha ignava,1寧22擔,27,-2,15,25
Cryptococcus lupi,MYSW 202Y252,21,4,17,25
Cryptosporangium arvum,,26,2,25,28
Cryptosporangium eucalypti,EURKPP3H10T,20,20,28,40
Cryptosporangium eucalypti,EURKPP3H10,20,20,28,40
Cryptosporangium mongoliense,MN08-A0264,15,15,25,30
Cucumibacter marinus,CL-GR60T,25,15,32.5,40
Cucumibacter marinus,CL-GR60,25,15,30,40
Cultures were,DSM28579T,30,20,37,50
Cultures were,WS4937T,27,12,33,39
Cumpylobucter pylori,,17,25,37,42
Cumulibacter manganitolerans,2-36T,33,4,28,37
Cumulibacter manganitolerans,2-36,22,15,28,37
Cumulibacter soli,KCTC 49258T,14,16,28,30
Cuniculiplasma divulgatum,S5T,48,0,38.5,48
Cuniculiplasma divulgatum,S-5,38,10,37,48
Cupriavidus metallidurans,"of Xinfangfangia soli , 95",12,20,28,32
Cupriavidus nantongensis,X1,38,4,30,42
Cupriavidus necator,N-1,22,15,27,37
Cupriavidus numazuensis,TE26,17,20,30,37
Cupriavidus pampae,CPDB6,27,10,30,37
Cupriavidus yeoncheonensis,DCY86,22,15,25,37
Curtobacterium ammoniigenes,B55T,22,15,30,37
Curtobacterium plantarum,CL63,5,25,26,30
Curved rods,WN011T,25,15,35,40
Curvibacter delicatus,IAM 14955,31,9,30,40
Curvibacter gracilis,,5,25,30,30
Curvibacter gracilis,7寧1擔,31,9,25,40
Cutibacterium equinum,CBA3108T,20,25,35,45
Cyclobacterium caenipelagi,HD-17T,33,4,25,37
Cyclobacterium halophilum,GASx41,33,4,25,37
Cyclobacterium jeungdonense,HMD3055,22,15,25,37
Cyclobacterium lianum,HY9T,27,15,33,42
Cyclobacterium marinum,Raj,10,20,25,30
Cyclobacterium qasimii,M12-11BT,26,4,18,30
Cyclobacterium sediminis,SD70,12,25,25,37
Cyclobacterium xiamenense,KD51T,36,4,28,40
Cysteiniphilum halobium,SYW-6T,19,18,35,37
Cysteiniphilum litorale,SYSU D3-2,19,18,28,37
Cytobacillus citreus,LMG 31580T,20,20,30,40
Cytobacillus spongiae,CY-GT,30,13,30,43
Cytophaga aquatilis,ATCC 29551,37,0,20,37
Cytophaga arvensicola,DSM 3695T,33,4,25,37
Cytophaga heparina,ATCC 13125,20,10,20,30
Dactylosporangium cerinum,NEAU-TPG4,20,15,28,35
Dactylosporangium darangshiense,DLS-44T,7,30,37,37
Dactylosporangium fulvum,SF-2113 (IFO 14381),18,20,26,38
Dactylosporangium luridum,BK63T,10,20,28,30
Dactylosporangium luteum,BK51,15,15,28,30
Dactylosporangium maewongense,MW2-25T,17,25,30,42
Dactylosporangium roseum,SF-2186,22,20,28,42
Dactylosporangium salmoneum,NRRL B-16294,17,20,28,37
Dactylosporangium siamense,MW4-36T,12,28,30,40
Dactylosporangium solaniradicis,NEAU-FJL2,25,15,28,40
Dactylosporangium sucinum,RY35-23,17,20,25,37
Dactylosporangium tropicum,KB2-4T,5,25,30,30
Dactylosporangium vinaceum,SF-2127,12,25,28,37
Daeguia caeni,K107,40,15,30,55
Daejeonia ginsenosidivorans,NP5T,19,18,30,37
Dankookia rubra,WS-10,20,20,28,40
Danxiaibacter flavus,DXS3180T,22,15,28,37
Data obtained,JCM 14987T,25,15,35,40
Data were,SW-11T,35,10,35,45
Dechloromonas denitrificans,,31,5,30,36
Dechloromonas denitrificans,DSM 15892T,35,5,30,40
Deefgea chitinilytica,BCRC 17934T,22,15,25,37
Deefgea rivuli,WB 3.4-79,28,4,23,32
Deferribacter abyssi,DSM 14873T,20,45,60,65
Deferribacter autotrophicus,SL50,50,25,60,75
Deferribacter desulfuricans,SSM1,30,40,62.5,70
Deferribacter desulfuricans,JCM 11476T,30,40,60,70
Deferribacter thermophilus,BMAT,15,50,60,65
Deferrisoma camini,DSM 24185T,26,36,50,62
Deferrisoma palaeochoriense,MAG-PB1T,40,30,60,70
Defluvicoccus vanus,NCIMB 13612T,10,20,30,30
Defluviimonas aestuarii,BS14T,35,5,30,40
Defluviimonas alba,cai42,17,20,30,37
Defluviimonas aquaemixtae,CDM-7,22,15,30,37
Defluviimonas denitrificans,D9-3,30,10,30,40
Defluviimonas indica,CGMCC 1,17,20,25,37
Defluviimonas nitratireducens,DL5-4T,32,8,29,40
Defluviimonas nitratireducens,DL5-4,32,8,28,40
Defluviimonas pyrenivorans,PrR001T,20,10,30,40
Defluviimonas pyrenivorans,PrR001,30,10,30,40
Defluviimonas sediminis,FT324T,20,20,37,40
Defluviitalea phaphyphila,Alg1,20,45,55,65
Defluviitalea raffinosedens,A6T,20,40,52.5,60
Defluviitalea raffinosedens,A6,20,40,50,60
Defluviitalea saccharophila,LIND6LT2T,20,40,50,60
Defluviitalea saccharophila,LIND6LT2,20,40,50,60
Defluviitoga tunisiensis,SulfLac1T,28,37,55,65
Dehalococcoides mccartyi,195T,20,15,30,35
Dehalococcoides mccartyi,195,20,15,25,35
Dehalogenimonas alkenigignens,IP3-3T,24,18,32,42
Dehalogenimonas alkenigignens,IP3-3,24,18,30,42
Dehalogenimonas formicexedens,NSZ-14,17,20,32,37
Dehalogenimonas lykanthroporepellens,JCM 15061T,17,20,28,37
Dehalogenimonas lykanthroporepellens,BL-DC-9,14,20,28,34
Deinobacterium chartae,K4.1,38,12,40,50
Deinobacterium chartae,DSM 21458T,38,12,37,50
Deinococcus actinosclerus,BM2T,12,25,25,37
Deinococcus aerius,JCM 11750T,25,20,25,45
Deinococcus aerolatus,5516T-9T,35,5,30,40
Deinococcus aerophilus,KACC 12746T,40,5,30,45
Deinococcus aetherius,ST0316,25,15,27.5,40
Deinococcus aetherius,JCM 11751T,25,15,25,40
Deinococcus alpinitundrae,ME-04-04-52,20,5,10,25
Deinococcus alpinitundrae,LMG 24283T,28,2,10,30
Deinococcus altitudinis,ME-04-01-32,20,5,10,25
Deinococcus altitudinis,LMG 24022T,28,2,10,30
Deinococcus aluminii,ID0501T,25,15,37,40
Deinococcus aquiradiocola,TDMA-uv53T,41,4,37,45
Deinococcus aquiradiocola,DMA-uv53,20,20,37,40
Deinococcus arcticus,KCTC 33972T,22,15,33,37
Deinococcus arenae,SA1,27,15,30,42
Deinococcus budaensis,FeSTC15-38T,17,20,28,37
Deinococcus carri,MA1003,25,15,28,40
Deinococcus cellulosilyticus,5516J-15T,40,5,30,45
Deinococcus cellulosilyticus,5516J-15,40,5,25,45
Deinococcus citri,NCCP-154,27,10,30,37
Deinococcus claudionis,PO-04-19-125,20,5,10,25
Deinococcus claudionis,LMG 24282T,28,2,10,30
Deinococcus daejeonensis,MJ27,22,15,30,37
Deinococcus depolymerans,TDMA-24T,22,18,30,40
Deinococcus deserti,VCD115T,22,23,30,45
Deinococcus enclensis,NIO-1023,20,25,30,45
Deinococcus fonticola,DSM 106917T,22,10,28,32
Deinococcus frigens,AA-692,24,1,9,25
Deinococcus geothermalis,AG-3a,25,30,47,55
Deinococcus gobiensis,I-0,20,15,30,35
Deinococcus hibisci,THG-AG1.5T,23,15,30,38
Deinococcus hibisci,THG-AG1.5,23,15,25,38
Deinococcus humi,MK03T,17,20,30,37
Deinococcus indicus,Wt/1aT,17,20,30,37
Deinococcus irradiatisoli,17bor-2T,19,18,28,37
Deinococcus knuensis,16F3H,32,10,25,42
Deinococcus koreensis,SJW1-2T,27,10,25,37
Deinococcus lacus,KCTC 52494T,20,10,25,30
Deinococcus malanensis,T93,32,10,30,42
Deinococcus marmoris,AA-63,21,4,9,25
Deinococcus metalli,1PNM-19T,27,10,30,37
Deinococcus metallilatus,KACC 17964T,25,20,40,45
Deinococcus misasensis,TDMA-25,28,20,40,48
Deinococcus murrayi,,22.5,30,47,52.5
Deinococcus peraridilitoris,LMG 22246T,45,5,30,50
Deinococcus peraridilitoris,KR-200,27,10,30,37
Deinococcus persicinus,KSY3-6,10,20,25,30
Deinococcus phoenicis,DSM 27173T,17,20,30,37
Deinococcus piscis,3axT,22,20,35,42
Deinococcus psychrotolerans,DSM 105285 T,26,4,20,30
Deinococcus radiomollis,PO-04-20-132,20,5,10,25
Deinococcus radiomollis,LMG 24019T,28,2,10,30
Deinococcus radioresistens,8A,32,10,25,42
Deinococcus reticulitermitis,TM-1,20,20,30,40
Deinococcus rhizophilus,MIMF12T,17,20,28,37
Deinococcus roseus,TDMA-uv51,22,18,30,40
Deinococcus ruber,JSH3-1T,33,4,25,37
Deinococcus rufus,W37T,33,4,28,37
Deinococcus saudiensis,CGMCC 1,30,15,30,45
Deinococcus saxicola,AA-1444,26,4,9,30
Deinococcus sedimenti,16F1L,27,10,25,37
Deinococcus seoulensis,16F1E,27,10,20,37
Deinococcus swuensis,DY59,22,15,30,37
Deinococcus taklimakanensis,X-121T,27,10,29,37
Deinococcus taklimakanensis,X-121,27,10,28,37
Deinococcus wulumuqiensis,CGMCC 1,45,10,37,55
Deinococcus xibeiensis,CGMCC 1,45,10,30,55
Deinococcus xinjiangensis,X-82T,27,10,30,37
Deinococcus yavapaiensis,KR-236,27,10,30,37
Deinococcus yunweiensis,YIM 007T,40,10,30,50
Deleya salina,F8-11,27,15,32,42
Delfovibrio biadhensis,DSM 28904T,20,25,37,45
Delftia deserti,YIMY792,25,20,30,45
Delftia lacustris,332T,34,3,25,37
Delftia litopenaei,wsw-7,36,4,25,40
Delftia rhizophaerae,LMG 29737T,26,4,28,30
Delftia rhizosphaerae,RA6T,26,4,28,30
Delftia tsuruhatensis,T7T,30,10,35,40
Dellaglioa kimchii,JCM 37383T,21,4,20,25
Demequina activiva,BS-12M,30,10,35,40
Demequina aestuarii,JC2054,45,5,33.5,50
Demequina aurantiaca,YM12-102,26,4,28,30
Demequina flava,HR08-7T,18,10,28,28
Demequina globuliformis,YM24-125,33,4,30,37
Demequina litorisediminis,GHD-1,35,10,30,45
Demequina lutea,LMG 24795T,26,4,25,30
Demequina oxidasica,YM05-1041,26,4,28,30
Demequina sediminicola,HR08-43T,18,10,28,28
Dendrosporobacter quercicolus,DSM 1736,25,20,25,45
Denitrobaculum tricleocarpae,R148T,22,15,25,37
Denitrovibrio acetiphilus,N2460,36,4,35,40
Dermabacter jinjuensis,DSM 101003T,25,20,30,45
Dermabacter vaginalis,AD1-86,20,25,37,45
Dermacoccus abyssi,DSM 17573T,27,10,28,37
Dermacoccus barathri,DSM 17574T,27,10,28,37
Dermacoccus profundi,MT2.2,27,10,28,37
Derxia lacustris,BCRC 80208T,25,15,25,40
Desertibacillus haloalkaliphilus,KJ1-10-99T,35,20,37,55
Desertibacter roseus,2622T,30,12,38.5,42
Desertibacter roseus,2622,30,12,37,42
Desertibacter xinjiangensis,M71T,27,10,30,37
Desertihabitans aurantiacus,KCTC 39977T,20,20,28,40
Desertihabitans brevis,KCTC 49116T,25,15,37,40
Desertimonas flava,D60003T,22,15,28,37
Desmospora profundinema,DSM 45903T,25,25,40,50
Desulfacinum hydrothermale,DSM 13146,27,37,60,64
Desulfacinum infernum,BαGlT,25,40,60,65
Desulfatibacillum alkenivorans,PF2803T,16,22,29,38
Desulfatibacillum alkenivorans,PF2803,16,22,28,38
Desulfatiferula berrensis,BE2801,15,20,31,35
Desulfatiferula berrensis,DSM 25524T,15,20,32,35
Desulfatiferula olefinivorans,LM2801,22,16,33,38
Desulfatiferula olefinivorans,DSM 18843T,22,16,30,38
Desulfatiglans parachlorophenolica,DST,21,14,30,35
Desulfatirhabdium butyrativorans,HB1,22,15,29,37
Desulfatirhabdium butyrativorans,DSM 18734T,22,15,28,37
Desulfatitalea tepidiphila,NBRC 107166T,18,25,34,43
Desulfatitalea tepidiphila,S28bF,32,13,34,45
Desulfitibacter alkalitolerans,JCM 12761T,21,23,35,44
Desulfitobacterium dehalogenans,JW/IU-DC1,32,13,38,45
Desulfitobacterium frappieri,PCP-1T,30,15,38,45
Desulfitobacterium metallireducens,853-15A,17,20,30,37
Desulfobacter halotolerans,,23,14,34,37
Desulfobacter vibriofomis,,33,5,33,38
Desulfobacter vibrioformis,B54T,33,5,33,38
Desulfobacula phenolica,Ph01,32,10,28,42
Desulfobaculum xiamenense,P1,22,22,35,44
Desulfobaculum xiamenensis,CGMCC 1,22,22,40,44
Desulfobotulus mexicanus,DSM 105758T,22,15,32,37
Desulfobulbus aggregans,SM40,45,10,35,55
Desulfobulbus japonicus,Pro1T,20,15,35,35
Desulfobulbus mediterraneus,86FS1,25,10,25,35
Desulfobulbus oligotophicus,DSM 103420T,17,20,35,37
Desulfobulbus oligotrophicus,Prop6T,17,20,35,37
Desulfobulbus rhabdoformis,M16T,30,10,31,40
Desulfocapsa sulfexigens,SB164P1,31,4,30,35
Desulfocarbo indianensis,SCBMT,21,16,30,37
Desulfocella halophila,GSL-But2T,23,14,34,37
Desulfoconvexum algidum,JHA1,20,0,15,20
Desulfoconvexum algidum,DSM 21856T,20,0,16,20
Desulfocucumis palustris,NAW-5T,30,18,34.5,48
Desulfocucumis palustris,NAW-5,30,18,32,48
Desulfocurvus thunnarius,Olac 40T,35,15,40,50
Desulfocurvus vexinensis,VNs36T,30,20,37,50
Desulfofaba fastidiosa,P2T,28,5,28,33
Desulfofaba gelida,,11.8,-1.8,7,10
Desulfofaba gelida,PSv29,12,-2,7,10
Desulfofrigus fragile,,28.8,-1.8,18,27
Desulfofrigus fragile,LSv21,29,-2,18,27
Desulfofrigus oceanense,ASv26T,17.8,-1.8,10,16
Desulfofrigus oceanense,ASv26,18,-2,10,16
Desulfofustis glycolicus,DSM 9705,22,15,28,37
Desulfoglaeba alkanexedens,ALDC,33,17,31,50
Desulfohalobium utahense,EtOH3,29,15,37,44
Desulfoluna butyratoxydans,MSL71T,25,10,30,35
Desulfoluna spongiiphila,AA1T,17,20,28,37
Desulfoluna spongiiphila,AA1,26,10,28,36
Desulfomicrobium macestii,M-9T,25,15,35,40
Desulfomicrobium orale,NY678,14,25,37,39
Desulfomicrobium salsuginis,ADR21,30,10,35,40
Desulfomicrobium thermophilum,P6-2,23,37,55,60
Desulfomusa hansenii,P1T,22,8,20,30
Desulfonatronovibrio hydrogenovorans,Z-7935,23,22,37,45
Desulfonatronovibrio hydrogenovorans,,18,22,37,40
Desulfonatronum buryatense,Ki5,20,20,34,40
Desulfonatronum cooperativum,Z-7999,25,15,36.5,40
Desulfonatronum cooperativum,DSM 16749T,25,15,35,40
Desulfonatronum lacustre,,23,22,40,45
Desulfonatronum parangueonense,PAR180T,25,15,35,40
Desulfonatronum thiodismutans,MLF1T,33,15,37,48
Desulfonatronum zhilinae,Al915-01,30,10,36,40
Desulfonauticus autotrophicus,TeSt,24,40,58,64
Desulfonauticus submarinus,6NT,30,30,45,60
Desulfonema limicola,5ac10,26,10,30,36
Desulfonema magnum,4beI3,22,15,32,37
Desulfopila aestuarii,MSL86T,30,10,35,40
Desulfopila inferna,DSM 19738T,25,10,28,35
Desulfoplanes formicivorans,Pf12B,37,13,42,50
Desulfoplanes formicivorans,NBRC 110391T,37,13,45,50
Desulfoprunum benzoelyticum,KoBa311T,10,20,30,30
Desulforegula conservatrix,Mb1PaT,7,25,27.5,32
Desulforhopalus singaporensis,T1,20,17,31,37
Desulfosalsimonas propionicica,PropA^T,25,15,40,40
Desulfosarcina alkanivorans,,19,18,32,37
Desulfosarcina alkanivorans,JCM 31728T,19,18,30,37
Desulfosarcina widdelii,JCM 31729T,17,20,28,37
Desulfosoma caldarium,USBA-053T,12,50,57,62
Desulfosoma profundi,SPDX02-08,20,40,55,60
Desulfosporosinus acididurans,M1,25,15,30,40
Desulfosporosinus acidiphilus,SJ4,20,25,30,45
Desulfosporosinus burensis,BSREI1T,25,5,25,30
Desulfosporosinus fructosivorans,63.6F,10,10,20,20
Desulfosporosinus fructosivorans,DSM 101609T,26,4,20,30
Desulfosporosinus hippei,,35,5,28,40
Desulfosporosinus nitroreducens,,20,10,25,30
Desulfosporosinus nitroreducens,DSM 101608T,26,4,25,30
Desulfosporosinus youngiae,JW/YJL-B18,31,8,33.5,39
Desulfosporosinus youngiae,DSM 17734T,31,8,32,39
Desulfotalea arctica,,19.8,-1.8,18,18
Desulfotalea arctica,LSv514,28,-2,18,26
Desulfotalea psychrophila,,20.8,-1.8,10,19
Desulfotalea psychrophila,LSv54,21,-2,10,19
Desulfothermobacter acidiphilus,3408-1T,28,42,55,70
Desulfothermus naphthae,TD3,19,50,60,69
Desulfothermus okinawensis,JCM 13304T,25,35,50,60
Desulfotignum balticum,SaxT,32,10,30,42
Desulfotignum balticum,Sax,32,10,28,42
Desulfotignum phosphitoxidans,FiPS-3,15,15,30,30
Desulfotignum toluenicum,DSM 18732T,38.3,9.9,34,48.2
Desulfotignum toluenicum,H3,19,16,34,35
Desulfotomaculum acetoxidans,"""G6ttingen"", 5575",20,20,36,40
Desulfotomaculum aeronauticum,9,22,20,37,42
Desulfotomaculum alcoholivorax,RE35E1,18,33,45,51
Desulfotomaculum alcoholivorax,DSM 16058T,18,33,44,51
Desulfotomaculum alkaliphilum,,21,37,53,58
Desulfotomaculum alkaliphilum,DSM 12257T,28,30,50,58
Desulfotomaculum aquiferis,Bs105T,15,30,42,45
Desulfotomaculum arcticum,15T,20.5,26,44,46.5
Desulfotomaculum australicum,AB33,34,40,68,74
Desulfotomaculum carboxydivorans,DSM 14880T,38,30,55,68
Desulfotomaculum defluvii,A5LFS102T,17,25,37,42
Desulfotomaculum ferrireducens,GSS09T,25,30,50,55
Desulfotomaculum gibsoniae,DSM 7213,20,20,36,40
Desulfotomaculum gibsoniae,Groll,22,20,35,42
Desulfotomaculum halophilum,SEBR 3139,10,30,35,40
Desulfotomaculum hydrothermale,Lam5T,20,40,55,60
Desulfotomaculum intricatum,SR45T,30,28,43.5,58
Desulfotomaculum intricatum,SR45,30,28,42,58
Desulfotomaculum kuznetsovii,17,35,50,60,85
Desulfotomaculum nigrificans,ATCC 19998,40,30,55,70
Desulfotomaculum peckii,LINDBHT1,15,50,57.5,65
Desulfotomaculum peckii,LINDBHT1T,15,50,55,65
Desulfotomaculum profundi,Bs107,30,30,45,60
Desulfotomaculum putei,TH-11,10,55,60,65
Desulfotomaculum salinum,435,30,45,60,75
Desulfotomaculum sapomandens,Pato,23,20,38,43
Desulfotomaculum solfataricum,V21T,17,48,60,65
Desulfotomaculum thermoacetoxidans,CAMZ,20,45,55,65
Desulfotomaculum thermobenzoicum,,30,40,62,70
Desulfotomaculum thermobenzoicum,TPO,17,45,55,62
Desulfotomaculum thermocistemum,ST90T,34,41,62,75
Desulfotomaculum thermocisternum,ST90,34,41,62,75
Desulfotomaculum thermosapovorans,MLF,25,35,50,60
Desulfotomaculum thermosubterraneum,RL50JIII,22,50,61,72
Desulfotomaculum tongense,TGB60-1,23,37,50,60
Desulfotomaculum varum,RH04-3,18,37,50,55
Desulfovermiculus halophilus,11寧6擔,22,25,37,47
Desulfovibrio aerotolerans,DvO5,34,3,29,37
Desulfovibrio aespoeensis,DSM 10631,31,4,30,35
Desulfovibrio africanus,,20,20,37,40
Desulfovibrio alaskensis,Al1,35,10,37,45
Desulfovibrio alkalitolerans,RT2,31,16,43,47
Desulfovibrio aminophilus,ALA-3,15,25,35,40
Desulfovibrio arcticus,DSM 21064T,30,-2,24,28
Desulfovibrio bastinii,SRL4225,30,20,35,50
Desulfovibrio bastinii,DSM 16055T,30,20,40,50
Desulfovibrio biadhensis,DSM 28904T,20,25,37,45
Desulfovibrio bizertensis,MB3T,30,15,40,45
Desulfovibrio butyratiphilus,BSYT,15,25,35,40
Desulfovibrio capillatus,MET2,25,20,40,45
Desulfovibrio carbinoliphilus,D41T,14,22,30,36
Desulfovibrio cuneatus,STL1,33,0,28,33
Desulfovibrio ferrireducens,DSM 16995T,32,-2,23,30
Desulfovibrio frigidus,18T,27,-2,22,25
Desulfovibrio frigidus,18,27,-2,20,25
Desulfovibrio gabonensis,SEBR 2840,25,15,30,40
Desulfovibrio gilichinskyi,DSM 100341T,38,-2,26,36
Desulfovibrio gracilis,,20,20,37,40
Desulfovibrio gracilis,DSM 16080T,20,20,40,40
Desulfovibrio hontreensis,ME,19,20,34,39
Desulfovibrio hydrothermalis,AM13T,20,20,35,40
Desulfovibrio hydrothermalis,AM13,25,20,35,45
Desulfovibrio idahonensis,DSM 15450T,33,4,28,37
Desulfovibrio inopinatus,HHQ 20,27,15,30,42
Desulfovibrio legallii,H1,21,22,35,43
Desulfovibrio litoralis,STL6,33,0,28,33
Desulfovibrio longreachensis,AB16910a,28,20,37,48
Desulfovibrio longus,SEBR 2582,30,10,35,40
Desulfovibrio magneticus,RS-1,18,20,30,38
Desulfovibrio marinisediminis,,25,15,37,40
Desulfovibrio marinus,E-2T,22.5,20,37,50
Desulfovibrio marinus,E-2,30,20,37,50
Desulfovibrio marrakechensis,EMSSDQ 4T,30,20,37,50
Desulfovibrio mexicanus,Lup1,20,20,37,40
Desulfovibrio oxamicus,Monticello 2,34,16,37,50
Desulfovibrio piezophilus,C1TLV30T,30,15,30,45
Desulfovibrio profundus,500-1,50,15,25,65
Desulfovibrio psychrotolerans,JCM 14597T,40,10,28,50
Desulfovibrio putealis,B7-43T,20,20,30,40
Desulfovibrio salinus,P1BSRT,30,15,40,45
Desulfovibrio senegalensis,BLaC1,30,15,40,45
Desulfovibrio senezii,CVL,20,25,37,45
Desulfovibrio tunisiensis,RB22T,30,15,37,45
Desulfovibrio zosterae,DSM 11974T,0,5,5,5
Desulfovirgula thermocuniculi,RL80JIVT,19,61,70.5,80
Desulfovirgula thermocuniculi,RL80JIV,19,61,69,80
Desulfurella acetivorans,Desulfurella acetivorans,31,42,52,73
Desulfurella amilsii,TR1,32,20,50,52
Desulfurella kamchatkensis,DSM 10409T,30,40,54,70
Desulfurella multipotens,RH-8,35,42,58,77
Desulfurella propionica,DSM 10410T,30,33,55,63
Desulfuribacillus alkaliarsenatis,,33,10,34,43
Desulfuribacillus stibiiarsenatis,MLFW-2T,33,10,34,43
Desulfurispora thermophila,RA50E1,27,40,60,67
Desulfurispora thermophila,DSM 16022T,27,40,59,67
Desulfurobacterium atlanticum,,30,50,72.5,80
Desulfurobacterium atlanticum,SL22,30,50,70,80
Desulfurobacterium indicum,K6013T,35,40,65,75
Desulfurobacterium pacificum,SL17,30,55,75,85
Desulfurobacterium thermolithotrophum,DSM 11699T,35,40,70,75
Desulfurococcus amylolyticus,Z-533,29,68,90,97
Desulfurococcus fermentans,Z-1312T,26,63,82,89
Desulfurococcus kamchatkensis,1221nT,22,65,85,87
Desulfuromonas carbonis,DSM 29759T,27,10,25,37
Desulfuromonas carbonis,ICBM,27,10,25,37
Desulfuromonas svalbardensis,112T,20,0,14,20
Desulfuromonas svalbardensis,112,22,-2,14,20
Desulfuromonas thiophila,NZ27T,29,10,28,39
Desulfuromonas thiophila,NZ27,29,10,26,39
Desulfuromusa bakii,Gyprop,24,8,25,32
Desulfuromusa ferrireducens,DSM 16956T,25,-2,14,23
Desulfuromusa kysingii,Kysw2,31,4,32,35
Desulfuromusa succinoxidans,Gylac,31,4,32,35
Dethiosulfatarculus sandiegensis,DSM 100305T,30,15,37,45
Dethiosulfatarculus sandiegensis,SPR,30,15,30,45
Dethiosulfatibacter aminovorans,C/G2T,22,15,29,37
Dethiosulfovibrio acidaminovorans,,30,10,28,40
Dethiosulfovibrio acidaminovorans,SR15,25,15,28,40
Dethiosulfovibrio marinus,,30,10,28,40
Dethiosulfovibrio marinus,WS100,25,15,28,40
Dethiosulfovibrio peptidovorans,SEBR 4207,25,20,42,45
Dethiosulfovibrio russensis,DSM 12538,30,10,28,40
Dethiosulfovibrio salsuginis,USBA 82,20,20,30,40
Dethiothermospora halolimnae,DSM 117405T,35,15,40,50
Dethosulfovibrio acidaminovorans,DSM 12590T,30,10,28,40
Dethosulfovibrio marinus,DSM 12537T,30,10,28,40
Devosia albogilva,,40,5,28,45
Devosia confluentis,HJR-2,31,4,30,35
Devosia crocina,,27,5,28,32
Devosia elaeis,TBRC 5145T,35,10,37,45
Devosia elaeis,S37,35,10,28,45
Devosia epidermidihirudinis,E84,26,4,25,30
Devosia geojensis,BD-c194T,30,15,32.5,45
Devosia geojensis,BD-c194,30,15,30,45
Devosia honganensis,NSL10,33,4,30,37
Devosia humi,THG-MM1T,12,18,28,30
Devosia indica,IO390501T,41,4,25,45
Devosia insulae,DS-56,21,10,25,31
Devosia marina,KCTC 72888T,37,4,28,41
Devosia mishustinii,17,31,4,30,35
Devosia nitrariae,1936/5/1,36,4,37,40
Devosia pacifica,NH131T,30,15,25,45
Devosia submarina,KMM 9415,36.5,4,29,44
Diaphorobacter aerolatus,8604S-37T,27,10,28,37
Diaphorobacter oryzae,KCTC 22225T,28,7,28,35
Diaphorobacter polyhydroxybutyrativorans,SL-205T,36,4,28,40
Diaphorobacter polyhydroxybutyrativorans,SL-205,33,7,28,40
Dichotomicrobium thermohalophilum,IFAM 954,52,13,61,65
Dickeya oryzae,ZYY5T,27,10,30,37
Dictyobacter alpinus,NBRC 113154T,26,11,20,37
Dictyobacter aurantiacus,S-27T,17,20,27.5,37
Dictyobacter aurantiacus,S-27,17,20,25,37
Dictyobacter halimunensis,S3.2.2.5T,22,15,30,37
Dictyobacter kobayashii,NBRC 113153T,17,20,20,37
Dictyobacter vulcani,NBRC 113551T,17,20,30,37
Dictyoglomus thermophilum,ATCC 35947,30,50,78,80
Dietzia aerolata,DSM 45334T,20,10,25,30
Dietzia alimentaria,72T,22,15,30,37
Dietzia aurantiaca,CCUG 35676,27,10,30,37
Dietzia aurantiaca,CCUG 35676T,33,4,30,37
Dietzia cercidiphylli,DSM 45140T,27,10,28,37
Dietzia kunjamensis,DSM 44907T,17,20,25,37
Dietzia lutea,YIM 80766,35,10,28,45
Dietzia papillomatosis,N 1280,9,28,30,37
Dietzia schimae,DSM 45139T,35,10,28,45
Dinghuibacter silviterrae,DHOA34T,21,16,29,37
Dinghuibacter silviterrae,DHOA34,21,16,28,37
Dinoroseobacter shibae,DFL 12T,23,15,33,38
Dissulfuribacter thermophilus,DSM 25762T,42,28,61,70
Dissulfurimicrobium hydrothermale,Sh68T,35,30,51,65
Dissulfurimicrobium hydrothermale,Sh68,35,30,50,65
Dissulfurirhabdus thermomarina,SH388T,33,25,50,58
Dokdonella ginsengisoli,Gsoil 191T,27,15,30,42
Dokdonella immobilis,LM2-5T,21,16,25,37
Dokdonella koreensis,DS-123T,29,10,30,39
Dokdonella koreensis,DS-123,36,4,30,40
Dokdonella kunshanensis,DC-3T,41,4,30,45
Dokdonella kunshanensis,DC-3,22,15,30,37
Dokdonella soli,KIS28-6,30,5,30,35
Dokdonia aurantiaca,ZOW29T,41,4,25,45
Dokdonia donghaensis,DSW-1T,31,4,30,35
Dokdonia flava,ZODW10,20,10,25,30
Dokdonia lutea,SFD34T,41,4,25,45
Dokdonia lutea,SFD34,20,15,25,35
Dokdonia pacifica,SW230T,27,10,28,37
Dokdonia pacifica,SW230,25,10,28,35
Dokdonia sinensis,KCTC 62962T,22,15,28,37
Domibacillus aminovorans,DSM 1314,29,10,30,39
Domibacillus antri,XD80,27,15,28,42
Domibacillus enclensis,NIO-1016T,20,25,28,45
Domibacillus epiphyticus,DSM 100929T,25,20,35,45
Domibacillus indicus,SD111,30,10,28,40
Domibacillus iocasae,S6,35,10,35,45
Domibacillus mangrovi,,40,10,30,50
Domibacillus mangrovi,DSM 100930T,25,15,30,40
Domibacillus robiginosus,WS 4628,32,13,30,45
Domibacillus tundrae,PAMC 80007,32,10,30,42
Donghaeana dokdonensis,DSW-6T,28,4,25,32
Donghicola eburneus,SW-277T,32,10,37,42
Donghicola tyrosinivorans,13-93-B1,25,15,30,40
Donghicola xiamenensis,Y-2T,19,18,25,37
Dongia mobilis,LM22T,20,20,32.5,40
Dongia mobilis,LM22,20,20,30,40
Dongia rigui,04SU4-P,22,15,25,37
Dongia soli,KACC 13941,25,15,37,40
Dorea formicigenerans,,15,30,37,45
Draconibacterium filum,F2,30,10,30,40
Draconibacterium orientale,FH5,20,20,30,40
Draconibacterium orientale,DSM 25947T,20,20,32,40
Draconibacterium orientale,MK-7,20,20,28,40
Draconibacterium sediminis,KCTC 42152T,25,15,30,40
Dryocola baronae,NCTC 15091T,7,30,35,37
Dryocola mayonis,NCTC 15089T,7,30,35,37
Dubosiella newyorkensis,,12,30,37,42
Duganella ginsengisoli,DCY83,36,4,30,40
Duganella margarita,KACC 21480T,30,4,24,34
Duganella phyllosphaerae,T54,22,15,28,37
Duganella radicis,,22,15,30,37
Duganella sacchari,,17,20,28,37
Dyadobacter alkalitolerans,AB 207176T,26,4,18,30
Dyadobacter arcticus,R-S7-29T,24,4,18,28
Dyadobacter beijingensis,A54T,31,4,28,35
Dyadobacter bucti,QTA69T,31,4,28,35
Dyadobacter crusticola,CP183-8T,25,5,25,30
Dyadobacter endophyticus,65T,40,5,30,45
Dyadobacter endophyticus,65,25,20,30,45
Dyadobacter fermentans,NS114T,22,15,28,37
Dyadobacter flavalbus,NS28T,25,10,28,35
Dyadobacter flavus,S-53,20,15,20,35
Dyadobacter hamtensis,HHS 11T,27,10,22,37
Dyadobacter jejuensis,AM1R11,22,15,25,37
Dyadobacter jiangsuensis,L-1T,26.5,4,25,37
Dyadobacter jiangsuensis,L-1,20,10,25,30
Dyadobacter jiangsunsis,DSM 29057T,20,10,25,30
Dyadobacter koreensis,WPCB159T,26,4,25,30
Dyadobacter luticola,KCTC 52981T,22,10,25,32
Dyadobacter pollutisoli,KACC 22210T,27,10,30,37
Dyadobacter psychrophilus,BZ26,29,1,10,30
Dyadobacter psychrophilus,BZ26T,29,1,5,30
Dyadobacter sediminis,Z12T,26,4,25,30
Dyadobacter sediminis,Z12,20,10,25,30
Dyadobacter soli,MJ20,15,15,25,30
Dyadobacter terricola,A27,22,15,20,37
Dyadobacter tibetensis,Y620-1,31,4,30,35
Dyella acidisoli,,32,10,28,42
Dyella aluminiiresistens,A6T,22,15,30,37
Dyella caseinilytica,CGMCC 1,32,10,25,42
Dyella choica,LMG 30267T,25,12,28,37
Dyella dinghuensis,KCTC 52129T,25,12,28,37
Dyella flagellata,,27,10,28,37
Dyella flava,NBRC 111979T,32,10,28,42
Dyella ginsengisoli,Gsoil 3046,27,15,30,42
Dyella halodurans,NBRC 111474T,25,12,28,37
Dyella humi,DHG40,27,10,26.5,37
Dyella humi,KCTC 42629T,27,10,28,37
Dyella japonica,XD53T,27,10,27.5,37
Dyella japonica,XD53,27,10,25,37
Dyella jejuensis,JP1,27,10,30,37
Dyella jiangningensis,KACC 16539T,27,10,30,37
Dyella koreensis,BB4T,27,10,30,37
Dyella kyungheensis,THG-B117T,27,10,25,37
Dyella lipolytica,DHOB07T,27,10,28,37
Dyella lutea,KACC 22690T,20,20,30,40
Dyella marensis,CS5-B2,17,20,30,37
Dyella mobilis,,27,10,26.5,37
Dyella mobilis,CGMCC 1,27,10,25,37
Dyella monticola,LMG 30268T,27,10,28,37
Dyella nitratireducens,,32,10,28,42
Dyella psychrodurans,KCTC 62280T,38,4,28,42
Dyella soli,,25,10,29,35
Dyella soli,KACC 12747T,25,10,28,35
Dyella solisilvae,LMG 30091T,25,12,28,37
Dyella tabacisoli,CGMCC 1,15,20,30,35
Dyella terrae,,25,10,29,35
Dyella terrae,KACC 12748T,25,10,28,35
Dyella thiooxydans,ATSB10,38,4,30,42
Dyella yeojuensis,R2A16-10T,32,5,28,37
Dysgonomonas alginatilytica,HUA-2,17,20,35,37
Dysgonomonas macrotermitis,Dys-CH1T,20,20,35,40
Dysgonomonas macrotermitis,Dys-CH1,20,20,35,40
Dysgonomons reticulitermitis,JCM 35194T,5,25,30,30
Each ribosomal,K32T,25,40,55,65
Echinicola jeungdonensis,HMD3054,27,15,20,42
Echinicola pacifica,KCTC 12368T,35,6,28,41
Echinicola pacifica,KMM6172,35,6,25,41
Echinicola rosea,JL3085T,43.5,4,30,50
Echinicola sediminis,001-Na2T,29,4,28,45
Echinicola sediminis,001-Na2,25,20,28,45
Echinicola shivajiensis,AK12,35,5,30,40
Echinicola soli,CGMCC 1,30,10,30,40
Echinicola strongylocentroti,MEBiC08714T,15,20,25,35
Echinicola strongylocentroti,MEBiC08714,10,20,25,30
Echinicola vietnamensis,DSM 17526T,38,6,32,44
Echinicola vietnamensis,KMM 6221,38,6,30,44
Echinimonas agarilytica,KMM 6351,36,4,28,40
Ectobacillus ponti,M60031T,12,25,28,37
Ectothiorhodospira magna,B7-7,25,20,30,45
Ectothiorhodospira variabilis,DSM 21381T,25,20,35,45
Ectothiorhodospira variabilis,WN22,25,20,30,45
Edaphobacter acidisoli,4G-K17,30,12,28,42
Edaphobacter bradus,4MSH08T,27,10,28,37
Edaphobacter dinghuensis,DHF9,23,10,30.5,33
Edaphobacter dinghuensis,DSM 29920T,23,10,28,33
Edaphobacter flagellatus,LMG 30085,27,10,28,37
Edaphobacter lichenicola,SBC68T,30,7,25,37
Edaphobacter lichenicola,SBC68,30,7,20,37
Edaphobacter paludis,DSM 109919T,32,4,27,36
Edaphobaculum flavum,1-116T,17,16,28,33
Edaphocola aurantiacus,H2,20,10,25,30
Edaphocola flava,HME-24,22,15,30,37
Edwardsiella anguillarum,ET080813,19,18,28,37
Edwardsiella piscicida,ET883,12,25,28,37
Effluviibacter roseus,SRC-1T,33,4,30,37
Effusibacillus consociatus,CCUG 53762,30,15,30,45
Effusibacillus lacus,skLN1,37,25,50,62
Effusibacillus pohliae,MP4,18,42,55,60
Egibacter rhizosphaerae,EGI 80759,25,25,30,50
Egicoccus halophilus,EGI 80432,20,20,30,40
Ehrlichia minasensis,UFMG-EVT,5,32,34,37
Eilatimonas milleporae,LMG 26586T,17,20,30,37
Eionea flava,IMCC1962,38,4,25,42
Eionea nigra,17X/A02/237T,34,10,30,44
Eisenbergiella tayi,B086562T,30,15,33.5,45
Eisenbergiella tayi,B086562,30,15,39,45
Ekhidna lutea,BiosLi39T,17,20,30,37
Electron micrograph,DSM 11002,25,20,42,45
Electron micrograph,"by the ability to degrade xylan, starch and some other polysaccharides, by greater tolerance of acidic pH and by the inability to reduce nitrate",33,4,25,37
Electron microphotographs,DSM 11002,25,20,42,45
Elioraea rosea,KACC 19985T,15,25,28,40
Elioraea thermophila,KCTC 62323T,15,45,55,60
Elizabethkingia endophytica,JM-87T,30,15,28,45
Elstera cyanobacteriorum,TH019T,17,20,28,37
Elstera litoralis,Dia-1,15,10,20,25
Elusimicrobium minutum,Pei191,12,20,30,32
Embleya hyalina,NBRC 13850T,18,10,25,28
Emcibacter congregatus,ZYLT,26,4,25,30
Emcibacter nanhaiensis,HTCJW17,30,15,37,45
Emended description,PL-12/M (= OCM 157),32,13,40,45
Emended description,DSM 3695T,33,4,25,37
Emended description,"of Marinicola seohaensis had a very close phylogenetic relationship with the recognized species of the genus Roseivirga, demonstrating 99",36,4,23,40
Emended description,DSM 19052T,35,10,37,45
Emeraude oil,DSM 11002,25,20,42,45
Empedobacter stercoris,990B6_12ER2A,21,15,28,36
Emticicia aquatica,HMF2925,33,4,25,37
Emticicia aquatica,HMF2925T,15,15,25,30
Emticicia aquatilis,KACC 18540T,38,4,25,42
Emticicia fontis,IMCC1731T,20,10,25,30
Emticicia ginsengisoli,KCTC 12588T,26,4,20,30
Emticicia oligotrophica,GPTSA100-15T,27,15,37,42
Emticicia paludis,HMF3850T,20,10,25,30
Emticicia sediminis,JBR12T,31,4,28,35
Emticicia soli,ZZ-4T,27,10,30,37
End products,DSM28579T,30,20,37,50
Endobacter medicaginis,M1MS02T,17,20,28,37
Endomicrobium proavitum,Rsa215,18,16,30,34
Endothiovibrio diazotrophicus,S-1,32,5,28,37
Endozoicomonas acroporae,Acr-14T,10,20,30,30
Endozoicomonas arenosclerae,Ab112,23,12,20,35
Endozoicomonas ascidiicola,AVMART05,22,5,23,27
Endozoicomonas atrinae,WP70,22,15,30,37
Endozoicomonas euniceicola,EF212,15,15,22,30
Endozoicomonas gorgoniicola,PS125,15,15,22,30
Endozoicomonas lisbonensis,DSM 118084T,22,15,32,37
Endozoicomonas montiporae,CL-33T,20,15,25,35
Endozoicomonas numazuensis,NBRC 108893T,22,15,25,37
Enhydrobacter aerosaccus,ATCC 27094,21,20,37,41
Enhygromyxa salina,SHK-1,29,5,28,34
Enorma massiliensis,phI,8,37,37,45
Enorma timonensis,GD5,8,37,37,45
Ensifer adhaerens,ATCC 33212,17,20,27,37
Ensifer soli,KCTC 8857T,17,20,30,37
Enteractinococcus coprophilus,YIM 100590,27,10,28,37
Enteractinococcus helveticum,UASWS1574,15,25,28,40
Enteractinococcus lamae,YIM 101617,15,25,28,40
Enteractinococcus viverrae,YIM 101632,20,20,28,40
Enterobacter amnigenus,CUETM 77-118,11,30,37,41
Enterobacter arachidis,Ah-143T,10,20,28,30
Enterobacter cloacae,DSM 30054T,40,4,28,44
Enterobacter mori,R18-2T,10,20,28,30
Enterobacter muelleri,JM-458T,37,8,30,45
Enterobacter oligotrophica,CCA6,35,10,20,45
Enterobacter radicincitans,LMG 2683T,40,4,28,44
Enterobacter sacchari,SP1T,4,28,28,32
Enterobacter siamensis,C2361,35,10,37,45
Enterobacter tabaci,YIM Hb-3,41,4,25,45
Enterobacter xiangfangensis,10-17T,15,30,37,45
Enterococcus alcedinis,L34T,27,15,37,42
Enterococcus aquimarinus,LMG 16607,17,25,37,42
Enterococcus asini,AS2T,8,37,40,45
Enterococcus asini,AS2,35,10,40,45
Enterococcus crotali,ETRF1,35,10,35,45
Enterococcus devriesei,LMG 14595,27,10,37,37
Enterococcus diestrammenae,ORL-24T,27,10,37,37
Enterococcus eurekensis,PC4B,35,10,37,45
Enterococcus florum,CIP 110956T,35,10,37,45
Enterococcus haemoperoxidus,CCM 4851,32,10,37,42
Enterococcus hermanniensis,LMG 12317,27,10,30,37
Enterococcus italicus,DSM 15952,35,10,37,45
Enterococcus massiliensis,CSUR P1927,12,25,37,37
Enterococcus montenegrensis,DSM 115843T,46,4,45,50
Enterococcus moraviensis,,32,10,37,42
Enterococcus mundtii,NCDO 2375,35,10,37,45
Enterococcus olivae,IGG16.11,27,10,30,37
Enterococcus porcinus,DS 1390-83,35,10,37,45
Enterococcus ratti,,35,10,37,45
Enterococcus saigonensis,VE80T,35,10,36,45
Enterococcus seriolicida,YT-3,35,10,37,45
Enterococcus silesiacus,W442T,27,10,37,37
Enterococcus termitis,,35,10,37,45
Enterococcus ureasiticus,CCRI-16986,15,30,30,45
Enterococcus wangshanyuanii,MN05,23,22,37,45
Enterococcus xinjiangensis,48,35,10,20,45
Enterorhabdus caecimuris,B7T,13,27,37,40
Enterorhabdus mucosicola,Mt1B8,10,30,37,40
Enterovibrio baiacu,A649,22,10,22,32
Enterovibrio coralii,,10,20,28,30
Enterovibrio norvegicus,LMG 19839,8,20,28,28
Enterovibrio pacificus,SW014T,27,10,28,37
Entomomonas moraniae,CGMCC 1,25,15,35,40
Entomoplasma ellychniae,ELCN乚1,14,18,30,32
Entomoplasma freundtii,ATCC 51999T,17,15,30,32
Entomoplasma freundtii,BARC 318,22,10,30,32
Entomoplasma lucivorax,PIPN乚2,22,10,30,32
Entomoplasma luminosum,PIMN乚1,32,0,32,32
Entomoplasma melaleucae,M1,20,10,23,30
Entomoplasma somnilux,PYAN乚1,22,10,30,32
Environmental distribution,None__8,20,25,40,45
Environmental sample,IA91T,20,25,40,45
Ephemeroptericola cinctiostellae,KCTC 62567T,26,4,25,30
Epibacterium mobile,MBIC01146,40,5,30,45
Epibacterium ulvae,U95,22,12,24,34
Epidermidibacterium keratini,EPI-7T,31,4,25,35
Epidermidibacterium keratini,EPI-7,20,15,25,35
Epilithonimonas ginsengisoli,DCY78T,20,10,28,30
Epilithonimonas lactis,LMG 24401T,28,5,30,33
Epilithonimonas psychrotolerans,TSBY 57T,30,0,21,30
Epilithonimonas xixisoli,S31T,27,10,32,37
Ercella succinigenes,ZWB^T,15,25,37,40
Eremococcus coleocola,CCUG 38207,32,10,37,42
Erwinia alni,PVFi 20T,11,25,27,36
Erwinia amylovora,None,45,-8,30,37
Erwinia billingiae,LMG 2613,33,4,28,37
Erwinia endophytica,BSTT30,30,5,35,35
Erwinia persicinus,HK 204,36,5,30,41
Erwinia typographi,Y1,14,22,28,36
Erysipelothrix inopinata,MF-EP02,20,20,25,40
Erysipelothrix larvae,LV19,20,20,37,40
Erythrobacter alti,KMU-34,36,4,30,40
Erythrobacter aquimaris,SW-110T,30,10,30,40
Erythrobacter aquimixticola,JSSK-14T,30,10,30,40
Erythrobacter aquimixticola,JSSK-14,27,10,30,37
Erythrobacter arachoides,RC4-10-4T,35,0,25,35
Erythrobacter atlanticus,s21-N3,33,4,28,37
Erythrobacter citreus,RE35F/1,33,4,25,37
Erythrobacter flavus,JCM 11808T,32,10,30,42
Erythrobacter fulvus,KACC 22865T,28,20,38,48
Erythrobacter gaetbuli,,28,15,30,43
Erythrobacter gangjinensis,K7-2,22,15,30,37
Erythrobacter jejuensis,CNU001T,21,10,30,37
Erythrobacter jejuensis,CNU001,22,15,30,37
Erythrobacter longus,OCh 101,10,20,25,30
Erythrobacter luteolus,KCTC 12311T,32,4,30,36
Erythrobacter luteus,KA37,33,4,28,37
Erythrobacter lutimaris,S-5T,30,10,30,40
Erythrobacter marinus,HWDM-33,30,4,25,34
Erythrobacter marinus,KCTC 23554T,30,10,30,40
Erythrobacter nanhaisediminis,T30T,41,4,30,45
Erythrobacter odishensis,KCTC 23981T,28,12,25,40
Erythrobacter pelagi,UST081027-248,32,10,28,42
Erythrobacter pelagi,UST081027-248T,28,12,28,40
Erythrobacter seohaensis,,30,10,30,40
Erythrobacter spongiae,HN-E23T,30,10,28,40
Erythrobacter suadae,GH3-15T,20,20,30,40
Erythrobacter suaedae,GH3-15T,20,20,30,40
Erythrobacter vulgaris,022-2-10T,30,10,29,40
Erythrobacter westpacificensis,JLT2008,25,15,37,40
Erythrobacter xanthus,SM1501,35,7,25,42
Erythrobacter zhengii,KCTC 62389T,30,10,37,40
Erythromicrobium ramosum,,5,25,30,30
Erythromonas ursincola,,5,25,30,30
Escherichia albertii,Albert 19982T,2,35,37,37
Escherichia coli,KCTC 2441T,22,20,30,42
Escherichia coli,K-12 MG1655,38,8,37,46
Escherichia marmotae,HT073016T,12,25,37,37
Ethanoligenens harbinense,YUAN-3T,24,20,35,44
Eubacterium aggregans,SR12,22,20,35,42
Eubacterium album,LFL-14T,15,30,37,45
Eubacterium barkeri,ATCC 25849,20,25,37,45
Eubacterium callanderi,FD,18,25,37,43
Eubacterium cylindroides,ATCC 27803,8,37,37,45
Eubacterium eligens,,15,30,37,45
Eubacterium formicigenerans,,20,25,37,45
Eubacterium limosum,ATCC 8486,15,30,37,45
Eubacterium maltosivorans,DSM 105863T,25,20,35,45
Eubacterium multiforme,ATCC 25552,20,25,37,45
Eubacterium nodatum,,20,25,37,45
Eubacterium oxidoreducens,G41,13,30,39,43
Eubacterium ramulus,ATCC 29099,15,30,37,45
Eubacterium ruminantium,ATCC 17233,15,30,37,45
Eubacterium suis,Soltys 50052,13,30,37,43
Eubacterium ventriosum,ATCC 27560,20,25,37,45
Eudoraea adriatica,AS06/20a T,18,15,30,33
Euryhalocaulis caribicus,JL2009,30,15,35,45
Euzebya rosea,DSW09T,30,15,25,45
Euzebya tangerina,F10,20,15,24,35
Euzebyella algicola,MEBiC 12267,27,10,30,37
Euzebyella algicola,JCM 32170T,27,10,33,37
Euzebyella marina,CY01T,22,15,30,37
Evolutionary relationships,"of Xinfangfangia soli , 95",12,20,28,32
Exiguobacterium aestuarii,KCTC 19035T,37,10,30,47
Exiguobacterium alkaliphilum,12寧1擔,35,5,35,40
Exiguobacterium antarcticum,H2,21,20,37,41
Exiguobacterium aquaticum,IMTB-3094,36,10,30,55
Exiguobacterium arabatum,RFL1109,37,10,30,47
Exiguobacterium artemiae,,21,20,28,41
Exiguobacterium aurantiacum,NCIB 11798,36,7,25,43
Exiguobacterium chiriqhucha,N139,48,2,30,50
Exiguobacterium enclense,NIO-1109,33,4,28,37
Exiguobacterium flavidum,HF60T,20,20,28,40
Exiguobacterium himgiriensis,K22-26T,35,10,30,45
Exiguobacterium himgiriensis,K22-26,27,15,30,42
Exiguobacterium indicum,HHS 31T,30,5,22,40
Exiguobacterium indicum,HHS 31,25,5,25,30
Exiguobacterium marinum,TF-80,33,10,30,43
Exiguobacterium mexicanum,,21,20,28,41
Exiguobacterium oxidotolerans,T-2-2T,36,4,34,40
Exiguobacterium profundum,10C,37,12,45,49
Exiguobacterium sibiricum,255-15,42.5,-2.5,36,40
Exiguobacterium soli,DVS 3YT,27.5,2.5,25,30
Exiguobacterium soli,DVS 3Y,27,3,25,30
Exilispira thermophila,RASENT,23,37,50,60
Extensimonas vulgaris,S4T,35,15,48,50
Ezakiella peruensis,M6.X2,7,30,37,37
Fabibacter halotolerans,UST030701-097T,24,12,29,36
Fabibacter halotolerans,UST030701-097,24,12,28,36
Fabibacter misakiensis,SK-8T,20,10,20,30
Fabibacter pacificus,DY53T,25,15,35,40
Fabivirga thermotolerans,A4T,25,25,30,50
Facilibium subflavum,DSM 103991T,19,18,35,37
Facklamia miroungae,CCUG 42728,17,25,37,42
Facultatively anaerobic,of Pseudomonas halophila and transferred to the genus Halomonas as Halomonas utahensis nom,15,20,28,35
Facultatively anaerobic,DSM 23818T,33,4,30,37
Faecalibaculum rodentium,ALO17,15,25,37,40
Faecalicatena contorta,,20,20,37,40
Faecalicatena fissicatena,JCM 31501T,20,20,37,40
Faecalicatena orotica,JCM 1429T,20,20,37,40
Faecalimonas umbilicata,EGH7,10,30,37,40
Faenia rectivirgula,VKM-A-810,27,33,52.5,60
Falcatimonas natans,WN011T,25,15,36,40
Falcatimonas natans,WN011,25,15,35,40
Falsibacillus albus,GY 10110T,22,15,28,37
Falsibacillus pallidus,CW7,27,15,30,42
Falsiporphyromonas endometrii,DSM 27210T,18,23,37,41
Falsirhodobacter algicola,PG104T,20,15,30,35
Falsirhodobacter deserti,W402T,30,10,30,40
Falsochrobactrum shanghaiense,JCM 32785T,25,15,30,40
Fangia hongkongensis,UST040201-002T,24,16,30,40
Fastidiosibacter lacustris,SYSU HZH-2,19,18,30,37
Fastidiosibacter lacustris,NBRC 112274T,19,18,28,37
Feifantangia zhejiangensis,NMD7,36,4,25,40
Fenollaria massiliensis,9401234,5,32,37,37
Fermentation products,JCM 16476T,25,15,37,40
Fermentation products,DSM28579T,30,20,37,50
Fermentibacillus polygoni,IEB3T,28,12,31.5,40
Fermentibacillus polygoni,IEB3,28,12,30,40
Fermentimonas caenicola,,30,15,38.5,45
Fermentimonas caenicola,DSM 28696T,30,15,37,45
Ferrigenium kumadai,An22T,25,12,30,37
Ferrigenium kumadai,An22,23,12,25,35
Ferrigenium straubiae,DSM 118991,10,20,25,30
Ferrimonas futtsuensis,NBRC 101558T,15,15,30,30
Ferrimonas gelatinilytica,CJ24T,27,15,30,42
Ferrimonas kyonanensis,Asr22-7,17.5,15,25,32.5
Ferrimonas marina,A4D-4T,22,15,27.5,37
Ferrimonas marina,A4D-4,22,15,25,37
Ferrimonas pelagia,CBA4601T,15,20,25,35
Ferrimonas sediminum,JYr13T,26,16,26.5,42
Ferrimonas sediminum,JYr13,26,16,25,42
Ferriphaselus amnicola,OYT1T,22,8,30,30
Ferriphaselus amnicola,OYT1,22,8,25,30
Ferroglobus placidus,AEDII12DO,30,65,85,95
Ferroplasma acidarmanus,fer1,23,23,42,46
Ferroplasma acidiphilum,YT,30,15,35,45
Ferroplasma acidiphilum,Y,25,20,35,45
Ferroplasma thermophilum,L1,30,30,45,60
Ferrovibrio denitrificans,Sp-1,40,5,35,45
Ferrovibrio soli,KACC 19102T,22,20,32,42
Ferrovibrio soli,A15,22,20,28,42
Ferrovibrio xuzhouensis,LM-6,30,10,28,40
Ferrovum myxofaciens,P3G,25,10,25,35
Ferruginibacter alkalilentus,HU1-GD23T,12,18,30,30
Ferruginibacter lapsinanis,,12,18,30,30
Ferruginibacter paludis,HME8881,33,4,30,37
Ferruginibacter profundus,DS48-5-3,22,8,25,30
Ferruginibacter yonginensis,HME8442T,20,10,30,30
Ferruginivarius sediminum,KCTC 52888T,25,20,40,45
Ferruginivarius sediminum,WD2A32,25,20,37,45
Fervidicella metallireducens,AeB,18,37,50,55
Fervidicoccus fontis,DSM 19380T,30,55,65,85
Fervidicola ferrireducens,KCTC 5610T,25,55,70,80
Fervidobacterium changbaicum,CBS-1,35,55,77,90
Fervidobacterium changbaicum,DSM 17883T,35,55,75,90
Fervidobacterium gondwanense,AB39,36,44,65,80
Fervidobacterium islandicum,H21,30,50,65,80
Fervidobacterium nodosum,Rt17乚B,38,41,70,79
Fervidobacterium pennivorans,Ven 5,50,50,80,100
Fervidobacterium riparium,DSM 21630T,34,46,65,80
Fervidobacterium thailandense,FC2004T,28,60,80,88
Fervidobacterium thailandense,FC2004,28,60,78,88
Fibrella aestuarina,BUZ 2,30,10,25,40
Fibrella aquatica,KACC 23817T,25,10,25,35
Fibrella arboris,KACC 23816T,25,10,25,35
Fibrella musci,KACC 23815T,27,10,30,37
Fibrisoma limi,BUZ 3T,31.5,4,25,40
Fibrisoma limi,BUZ 3,30,10,20,40
Fictibacillus aquaticus,GDSW-R2A3,12,25,30,37
Fictibacillus halophilus,AS8T,17,28,37,45
Fictibacillus macauensis,ZFHKF-1,20,20,30,40
Fictibacillus nanhaiensis,JSM 082006,30,15,30,45
Fictibacillus phosphorivorans,Ca7,21,15,29,36
Fictibacillus rigui,WPCB074,35,10,20,45
Fictibacillus solisalsi,YC1,38,15,35,53
Fidelibacter multiformis,IA91T,20,25,40,45
Filimonas aquilariae,CC-YHH650T,22,15,30,37
Filimonas aurantiibacter,B-65305T,22,15,25,37
Filimonas endophytica,SR 2-06,15,15,30,30
Filimonas endophytica,SR 2-06T,22,15,30,37
Filimonas endophytica,BCRC 80935T,22,15,25,37
Filimonas lacunae,YT21T,25,10,29,35
Filimonas lacunae,YT21,25,10,28,35
Filimonas zeae,772T,22,15,29,37
Filimonas zeae,772,22,15,28,37
Filled circles,JCM 30603T,22,20,30,42
Filobacterium rodentium,JCM 19453T,33,4,37,37
Filomicrobium insigne,SLG5B-19T,41,4,29,45
Filomicrobium insigne,SLG5B-19,41,4,28,45
Fimbriiglobus ruber,LMG 29572T,20,10,20,30
Fimbriiglobus ruber,,20,10,22.5,30
Fimbriimonas ginsengisoli,Gsoil 348,15,15,30,30
Final isolate,None__51,27,17,42,44
Firmicutes has,"of a novel species of a novel genus, named Crassaminicella profunda",20,25,30,45
Firmicutes required,DSM 107278T,25,40,55,65
Firmicutes revealed,SK-G1T,25,40,55,65
Firmicutes supported,DSM 14006T,25,40,55,65
Five milliliters,DSM 11002,25,20,42,45
Flagellimonas algicola,AsT0115,22,15,25,37
Flagellimonas eckloniae,JCM 13831T,19,17,29,36
Flagellimonas eckloniae,DOKDO 007,19,17,26,36
Flagellimonas halotolerans,M86414T,33,4,28,37
Flagellimonas maritima,HME9304T,25,10,30,35
Flagellimonas pacifica,SW169,25,10,28,35
Flammeovirga agarivorans,KCTC 82075T,15,20,28,35
Flammeovirga kamogawensis,YS10T,15,15,30,30
Flammeovirga pacifica,WPAGA1,38,4,32,42
Flammeovirga yaeyamensis,IR25-3,20,15,30,35
Flaviaesturariibacter amylovorans,GCR0105,15,15,25,30
Flaviaesturariibacter luteus,DSM 100282T,25,15,33,40
Flaviaesturariibacter terrae,KCTC 52511T,27,10,25,37
Flavicella marina,2A-7T,26,4,26.5,30
Flavicella marina,2A-7,26,4,25,30
Flavicella sediminum,ALS 84T,22,8,28,30
Flaviflexus ciconiae,H23T48T,22,15,37,37
Flaviflexus huanghaiensis,H5T,17,20,29,37
Flaviflexus huanghaiensis,H5,17,20,28,37
Flaviflexus salsibiostraticola,EBR4-1-2,17,20,30,37
Flavihumibacter cheonanensis,WS16,22,15,28,37
Flavihumibacter fluminis,RY-1T,25,20,37,45
Flavihumibacter petaseus,T41T,17,20,28,37
Flavihumibacter sediminis,CJ663T,17,20,30,37
Flavihumibacter solisilvae,3-3T,17,20,28,37
Flavihumibacter stibioxidans,YS-17T,21,16,28,37
Flavimaricola marinus,MDM-7,33,4,30,37
Flavimarina flava,KCTC 52527T,31,4,25,35
Flavimarina flava,MBLN091,31,4,20,35
Flavipsychrobacter stenotrophus,RB1R16,12,10,18,22
Flaviramulus aestuariivivens,OITF-51,20,10,30,30
Flaviramulus aquimarinus,KYW499T,38,4,25,42
Flaviramulus aquimarinus,KYW499,26,4,25,30
Flaviramulus basaltis,CIP 109091T,36,-2,17.5,34
Flaviramulus ichthyoenteri,Th78T,33,4,28,37
Flavirhabdus iliipiscaria,Th68T,14,16,28,30
Flavisolibacter galbus,17J28-26,19,18,30,37
Flavisolibacter ginsengisoli,,22,15,30,37
Flavisolibacter ginsengisoli,KCTC 12657T,15,15,30,30
Flavisolibacter ginsengiterrae,Gsoil 492T,15,15,30,30
Flavisolibacter ginsenosidimutans,Gsoil 636,12,18,25,30
Flavisolibacter metallilatus,TX0661,9,28,37,37
Flavisolibacter nicotianae,KCTC 62326T,20,20,30,40
Flavisolibacter rigui,02SUJ3,15,15,25,30
Flavisolibacter swuensis,SR2-4-2,10,25,30,35
Flavisolibacter tropicus,LCS9,27,10,25,37
Flavitalea antarctica,AQ6-291T,24,4,20,28
Flavitalea gansuensis,JCN-23,22,15,30,37
Flavitalea populi,HY-50RT,22,15,30,37
Flavivirga amylovorans,JC2681,26,4,25,30
Flavivirga aquimarina,,25,10,25,35
Flavivirga aquimarina,EC2D5,25,10,25,35
Flavivirga eckloniae,,25,10,25,35
Flavivirga eckloniae,ECD14,25,10,25,35
Flavivirga jejuensis,JC2682,26,4,25,30
Flavivirga rizhaonensis,RZ03,23,7,25,30
Flavobacterium aciduliphilum,JJ013T,10,20,25,30
Flavobacterium adhaerens,KCTC 102268T,8,22,28,30
Flavobacterium aerium,DSM 116640T,26,4,22,30
Flavobacterium ahnfeltiae,10Alg 130,31,4,25,35
Flavobacterium algicola,NBRC 102673T,20,5,20,25
Flavobacterium alkalisoli,CGMCC 1,35,10,35,45
Flavobacterium alvei,KACC 19407T,25,5,20,30
Flavobacterium amniphilum,KYPY10T,10,20,25,30
Flavobacterium amylolyticum,CGMCC 1,23,0,14,23
Flavobacterium anatoliense,MK3,34,6,28,40
Flavobacterium anhuiense,D3,32,5,25,37
Flavobacterium anhuiense,KCTC 22128T,32,5,30,37
Flavobacterium anseonense,ARSA-111,27,10,25,37
Flavobacterium antarcticum,AT1026T,39.6,-14.5,21.2,25.1
Flavobacterium antarcticum,AT1026,40.1,-15,21.2,25.1
Flavobacterium aquaticum,JC164,30,10,30,40
Flavobacterium aquicola,TMd3a3,26,4,25,30
Flavobacterium aquidurense,WB 1.1-56,17,13,19,30
Flavobacterium aquimarinum,Dol 15-39,33,4,28,37
Flavobacterium araucananum,LM-19-Fp,26,4,25,30
Flavobacterium arcticum,SM1502T,30,10,25,40
Flavobacterium ardleyense,A2-1T,18,4,10,22
Flavobacterium arsenatis,Z^T,38,4,30,42
Flavobacterium arsenatis,Z,41,4,30,45
Flavobacterium arsenitoxidans,S2-3H,25,10,25,35
Flavobacterium artemisiae,SYP-B1015T,29,5,28,34
Flavobacterium arundinis,KACC 23722T,20,10,25,30
Flavobacterium aurantiibacter,TH167T,28,4,28,32
Flavobacterium banpakuense,15F3T,24,10,30,34
Flavobacterium beibuense,F44-8,33,4,28,37
Flavobacterium beibuense,LMG 25233T,37,4,28,41
Flavobacterium branchiarum,57B-2-09,10,15,20,25
Flavobacterium branchiicola,59B-3-09,10,15,20,25
Flavobacterium branchiophilum,Wakabayashi BGD-7721,25,5,18,30
Flavobacterium brevivitae,TTM-43T,15,15,20,30
Flavobacterium buctense,T7,15,15,25,30
Flavobacterium caeni,LM5,25,10,22.5,35
Flavobacterium caeni,CGMCC 1,25,10,25,35
Flavobacterium calami,KACC 23723T,25,10,25,35
Flavobacterium cauense,R2A-7,17,20,28,37
Flavobacterium cerinum,1E403T,33,4,28,37
Flavobacterium ceti,454-2T,38,4,37,42
Flavobacterium ceti,454-2,15,22,35,37
Flavobacterium cheniae,CGMCC 1,14,18,28,32
Flavobacterium cheonanense,ARSA-108,33,4,25,37
Flavobacterium cheonhonense,ARSA-15,27,10,25,37
Flavobacterium chilense,,26,4,26.5,30
Flavobacterium chilense,LM-09-Fp,26,4,25,30
Flavobacterium chuncheonense,IMCC26013,15,15,25,30
Flavobacterium chungangense,CJ7T,30,5,25,35
Flavobacterium chungangensis,MAH-10,25,10,28,35
Flavobacterium chungbukense,CS100,26,4,25,30
Flavobacterium chungnamense,ARSA-103,20,10,25,30
Flavobacterium circumlabens,,39,1,20,40
Flavobacterium cloacae,JCM 31173T,30,15,40,45
Flavobacterium cloacae,wh15,30,15,25,45
Flavobacterium collinsense,4-T-2,24,4,19,28
Flavobacterium collinsense,T-2T,24,4,18,28
Flavobacterium collinsii,983-08,10,15,22,25
Flavobacterium columnare,1-S-2cl,22,15,25,37
Flavobacterium commune,PK15T,36,4,30,40
Flavobacterium compostarboris,15C3,24,9,25,33
Flavobacterium crassostreae,LPB0076,26,4,25,30
Flavobacterium croceum,KCTC 12611T,35,10,35,45
Flavobacterium croceum,EMB47,30,10,25,40
Flavobacterium cryophilum,CGMCC 1,21,0,14,21
Flavobacterium cucumis,KACC 11732T,32,5,30,37
Flavobacterium cupreum,,39,1,30,40
Flavobacterium cutihirudinis,E89T,20,10,25,30
Flavobacterium cutihirudinis,E89,20,10,25,30
Flavobacterium cyanobacteriorum,TH021T,28,4,28,32
Flavobacterium daemonense,THG-DJ7,31,2,25,33
Flavobacterium daemonensis,KACC 17651T,31,2,25,33
Flavobacterium dankookense,ARSA-19T,26,4,25,30
Flavobacterium dankookense,ARSA-19,33,4,25,37
Flavobacterium defluvii,KCTC 12612T,30,10,30,40
Flavobacterium defluvii,EMB117,30,10,25,40
Flavobacterium degerlachei,LMG 21915,25,5,20,30
Flavobacterium denitrificans,ED5,20,10,25,30
Flavobacterium denitrificans,DSM 15936T,35,5,30,40
Flavobacterium dispersum,MVW-23,15,15,22.5,30
Flavobacterium dongtanense,LW30,33,4,30,37
Flavobacterium eburneum,KACC 18743T,25,10,25,35
Flavobacterium effusum,BCRC 80973T,15,15,30,30
Flavobacterium endophyticum,522T,35,10,30,45
Flavobacterium enshiense,DK69T,28,4,28,32
Flavobacterium esculini,CGMCC 1,25,0,14,25
Flavobacterium facile,CECT 30410T,20,5,18,25
Flavobacterium faecale,WV33,20,10,16,30
Flavobacterium filum,KCTC 12610T,30,10,35,40
Flavobacterium filum,EMB34,30,10,25,40
Flavobacterium flavipallidum,KACC 23725T,20,15,25,35
Flavobacterium flevense,van der Meulen A-34,30,0,20,30
Flavobacterium fluminis,3R17T,26,4,25,30
Flavobacterium fluviatile,TAPY14T,15,15,25,30
Flavobacterium fluviatile,TAPY14,15,15,20,30
Flavobacterium fluvii,H7T,30,5,30,35
Flavobacterium fluvii,H7,20,15,25,35
Flavobacterium foetidum,CJ42T,22,15,30,37
Flavobacterium fontis,MIC3010T,27,15,25,42
Flavobacterium fontis,MIC3010,30,15,25,45
Flavobacterium frigidarium,A2iT,24,0,15,24
Flavobacterium frigidimaris,KUC-1,24,2,18,26
Flavobacterium frigidum,CGMCC 1,22,0,14,22
Flavobacterium fructosi,CGMCC 1,21,0,14,21
Flavobacterium fryxellicola,LMG 22022T,20,5,20,25
Flavobacterium gelidilacus,LMG 21477,20,5,20,25
Flavobacterium gillisiae,ACAM 601,27,0,20,27
Flavobacterium gilvum,EM1308T,26,4,28,30
Flavobacterium ginsengisoli,DCY54,31,4,25,35
Flavobacterium ginsengiterrae,DCY55,31,4,28,35
Flavobacterium ginsenosidimutans,KACC 14525T,27,10,37,37
Flavobacterium ginsenosidimutans,THG 01,27,10,25,37
Flavobacterium glaciei,0499T,21,4,21,25
Flavobacterium glucosi,CGMCC 1,25,0,14,25
Flavobacterium glycines,Gm-149T,25,10,28,35
Flavobacterium glycogeni,CGMCC 1,25,0,14,25
Flavobacterium gossypii,JM-222T,41,4,30,45
Flavobacterium granuli,Kw05T,22,15,30,37
Flavobacterium granuli,Kw05,22,15,25,37
Flavobacterium gyeonganense,HME7524T,33,4,30,37
Flavobacterium gyeonganense,HME7524,27,10,30,37
Flavobacterium hankyongi,KTCe-4,12,18,30,30
Flavobacterium haoranii,LQY-7T,22,15,30,37
Flavobacterium hauense,BX12T,37,0,28,37
Flavobacterium hauense,BX12,28,4,28,32
Flavobacterium helocola,KACC 23724T,35,15,25,50
Flavobacterium heparinum,ATCC 13125,20,10,20,30
Flavobacterium hercynium,WB 4.2-33,17,12,20,29
Flavobacterium hibernum,ATCC 51468T,38,-7,26,31
Flavobacterium hibisci,KACC 18852T,20,15,25,35
Flavobacterium humi,DS2-A,28,4,28,32
Flavobacterium humidisoli,KCTC 92256T,30,4,30,34
Flavobacterium hydatis,WBUAFS-KG3,30,5,20,35
Flavobacterium indicum,DSM 17447T,27,15,37,42
Flavobacterium inkyongense,KCTC 52244T,27,10,30,37
Flavobacterium jejuense,EC11,20,10,25,30
Flavobacterium johnsoniae,van Niel MYX 1.1.1,20,10,25,30
Flavobacterium jumunjinense,HME7102T,15,15,25,30
Flavobacterium keumense,K3R-10T,31,4,30,35
Flavobacterium kingsejongi,WV39T,27,10,25,37
Flavobacterium kochi,CGMCC 1,25,0,14,25
Flavobacterium koreense,ARSA-42,33,4,25,37
Flavobacterium kyungheense,THG-107,33,4,20,37
Flavobacterium labens,CGMCC 1,27,0,14,27
Flavobacterium lacicola,KCTC 52571T,20,10,20,30
Flavobacterium lacunae,AHQ-46,10,20,20,30
Flavobacterium lacunae,,10,20,22.5,30
Flavobacterium lacus,NP180T,21,4,20,25
Flavobacterium lacus,NP180,21,4,15,25
Flavobacterium laiguense,CGMCC 1,16,4,14,20
Flavobacterium limi,THG-AG6.4T,25,10,35,35
Flavobacterium limi,THG-AG6.4,25,10,25,35
Flavobacterium limicola,JCM 11473T,25,0,20,25
Flavobacterium limicola,ST-82,25,0,15,25
Flavobacterium limnosediminis,JC2902T,27,10,30,37
Flavobacterium lindanitolerans,IP-10T,27,10,37,37
Flavobacterium longum,,26.5,4,30,37
Flavobacterium longum,YIT 12745,27,10,30,37
Flavobacterium luteum,IMCC26026,33,4,20,37
Flavobacterium luticocti,JCM 31174T,25,15,37,40
Flavobacterium luticocti,xz20,25,15,25,40
Flavobacterium lutivivi,HQQ,19,18,25,37
Flavobacterium macacae,KCTC 52099T,26,4,28,30
Flavobacterium macrobrachii,an-8T,15,15,25,30
Flavobacterium maotaiense,T9T,17,20,25,37
Flavobacterium marinum,SW105T,30,15,35,45
Flavobacterium maris,KMM 9535,31,5,28,36
Flavobacterium maritimum,CGMCC 1,33,4,28,37
Flavobacterium microcysteis,MaA-Y11T,12,25,30,37
Flavobacterium multivorum,B5533,37,5,30,42
Flavobacterium myungsuense,,26,4,20,30
Flavobacterium myungsuense,HMD1033,21,4,20,25
Flavobacterium naphthae,Brt-MT,30,15,30,45
Flavobacterium naphthae,Brt-M,30,15,25,45
Flavobacterium nitratireducens,N1T,30,15,30,45
Flavobacterium nitrogenifigens,NXU-44,26,10,30,36
Flavobacterium niveum,TAPW14T,15,15,20,30
Flavobacterium noncentrifugens,R-HLS-17T,29,0,15,29
Flavobacterium noncentrifugens,R-HLS-17,29,0,10,29
Flavobacterium notoginsengisoli,SYP-B540,18,17,28,35
Flavobacterium oceanosedimentum,American Type Culture Collection (ATCC) strain 31317,30,5,23,35
Flavobacterium olei,R-10-9,32,0,10,32
Flavobacterium omnivorum,JCM 11313T,20,0,11,20
Flavobacterium orientale,SP3T,33,4,25,37
Flavobacterium orientale,SP3,26,4,25,30
Flavobacterium oryzae,Jyi-05,20,10,30,30
Flavobacterium ovatum,W201ET,25,0,20,25
Flavobacterium palustre,S44T,31,6,28,37
Flavobacterium panaciterrae,DCY69,26,4,25,30
Flavobacterium panici,CIP 111646T,26,4,28,30
Flavobacterium paronense,KNUS1T,26,4,25,30
Flavobacterium paronense,KNUS1,20,10,25,30
Flavobacterium parvum,HS916,25,10,30,35
Flavobacterium pasteuri,CGMCC 1,25,0,14,25
Flavobacterium petrolei,Kopri-42T,25,0,12.5,25
Flavobacterium phocarum,SE14T,21,4,20,25
Flavobacterium phragmitis,BLN2,20,15,30,35
Flavobacterium piscinae,BCRC 81122T,20,15,20,35
Flavobacterium piscis,,15,15,25,30
Flavobacterium plurextorum,1126-1H-08,15,15,25,30
Flavobacterium ponti,GSW-R14T,25,10,25,35
Flavobacterium procerum,T3,24,10,28,34
Flavobacterium profundi,KACC 18559T,31,4,25,35
Flavobacterium psychrolimnae,LMG 22018T,20,5,20,25
Flavobacterium psychrophilum,Ordal 3068,18,5,15,23
Flavobacterium psychroterrae,CCM 8827,24,1,20,25
Flavobacterium qiangtangense,F3,26,4,20,30
Flavobacterium quisquiliarum,EA-12T,22,15,25,37
Flavobacterium rakeshii,FCS-5,22,15,30,37
Flavobacterium reichenbachii,,24,6,23,30
Flavobacterium reichenbachii,WB 3.2-61,24,6,20,30
Flavobacterium resistens,KCTC 22078T,25,15,20,40
Flavobacterium rhamnosi,CGMCC 1,25,0,14,25
Flavobacterium riviphilum,TAPY6T,27,10,20,37
Flavobacterium rivuli,WB 3.3-2,25,4,16,29
Flavobacterium saccharophilum,024 Agbo and Moss,26,4,25,30
Flavobacterium saliperosum,S13T,14,20,28,34
Flavobacterium sangjuense,GS03,26,4,25,30
Flavobacterium sasangense,YC6274T,25,10,30,35
Flavobacterium sediminis,MEBiC07310T,26,17,32,43
Flavobacterium segetis,KCTC 12224T,48.6,-29.7,14.3,18.9
Flavobacterium segetis,AT1048,16.8,5,14.3,21.8
Flavobacterium seoulense,EM1321,31,4,30,35
Flavobacterium silvisoli,RD-2-33,25,15,28,40
Flavobacterium sinopsychrotolerans,0533T,21,4,21.5,25
Flavobacterium sinopsychrotolerans,533,21,4,21,25
Flavobacterium soli,DS-6,29,4,25,33
Flavobacterium soyangense,IMCC26223T,21,4,15,25
Flavobacterium squillarum,CMJ-5T,15,20,30,35
Flavobacterium suaedae,G16-7,25,15,31.5,40
Flavobacterium subsaxonicum,,36,2,26,38
Flavobacterium subsaxonicum,WB 4.1-42,36,2,24,38
Flavobacterium suzhouense,XIN-1T,33,4,28,37
Flavobacterium swingsii,,23,3,25,26
Flavobacterium swingsii,WB 2.3-68,23,3,24,26
Flavobacterium tegetincola,ACAM 602,27,0,20,27
Flavobacterium terrae,R2A1-13T,32,5,30,37
Flavobacterium terrigena,DS-20T,20,10,25,30
Flavobacterium terriphilum,CUG00004T,26,4,28,30
Flavobacterium thalpophilum,K-1173,24,18,30,42
Flavobacterium tiangeerense,563,22,4,22.5,26
Flavobacterium tiangeerense,CGMCC 1,22,4,22,26
Flavobacterium tibetense,CICC 24247T,27,10,30,37
Flavobacterium tilapiae,Ruye-71T,20,10,30,30
Flavobacterium tilapiae,Ruye-71,20,10,15,30
Flavobacterium tistrianum,GB 56.1,15,15,25,30
Flavobacterium tructae,,15,15,25,30
Flavobacterium tyrosinilyticum,THG-DN8.8,29,4,24,33
Flavobacterium ummariense,DS-12,12,25,28,37
Flavobacterium urocaniciphilum,,33,4,30,37
Flavobacterium urocaniciphilum,YIT 12746,27,10,30,37
Flavobacterium urumqiense,,15,2,14,17
Flavobacterium urumqiense,Sr25,15,2,14,17
Flavobacterium ustbae,KCTC 62874T,26,4,25,30
Flavobacterium verecundum,TTM-46,10,20,30,30
Flavobacterium vireti,THG-SM1,5,25,28,30
Flavobacterium weaverense,KCTC 12223T,49.6,-29.7,15.3,19.9
Flavobacterium weaverense,AT1042,14.9,5,15.3,19.9
Flavobacterium xinjiangense,ZF-6T,20,0,11,20
Flavobacterium xueshanense,Sr22,16,2,14,18
Flavobacterium xylosi,CGMCC 1,19,0,14,19
Flavobacterium yabuuchiae,F8081,19,18,30,37
Flavobacterium yanchengense,hgT,22,15,30,37
Flavobacterium yonginense,,26,4,20,30
Flavobacterium yonginense,HMD1001,15,15,20,30
Flavobacterium zhouii,CGMCC 1,23,0,14,23
Flectobacillus fontis,MIB-4T,15,15,25,30
Flectobacillus lacus,CL-GP79T,25,10,27.5,35
Flectobacillus lacus,CL-GP79,25,10,25,35
Flectobacillus pallidus,MVW-6,22,15,20,37
Flectobacillus pallidus,MVW-6T,22,15,15,37
Flectobacillus rhizosphaerae,JC289T,36,4,30,40
Flectobacillus roseus,GFA-11T,36,4,25,40
Flectobacillus roseus,GFA-11,30,10,30,40
Flexibacter canadensis,UASM 9D,30,10,24,40
Flexibacter columnaris,NCMB 2248,23,10,22.5,33
Flexibacter maritimus,R2 (= NCMB 2514),19,15,30,34
Flexibacter psychrophilus,,10,10,15,20
Flexilinea flocculi,TC1,18,25,37,43
Flexirubin pigments,"by the ability to degrade xylan, starch and some other polysaccharides, by greater tolerance of acidic pH and by the inability to reduce nitrate",33,4,25,37
Flexistipes sinusarabici,MAS10,23,30,45,53
Flexivirga caeni,KACC 19647T,30,10,37,40
Flexivirga endophytica,YIM 7505,25,20,28,45
Flexivirga lutea,TBS-100,27,10,30,37
Flexivirga oryzae,R1T,27,10,30,37
Flindersiella endophytica,EUM 378T,22,15,27,37
Flindersiella endophytica,EUM 378,22,15,27,37
Floricoccus penangensis,HibF3,25,15,30,40
Floricoccus tropicus,DF1T,38,7,30,45
Floricoccus tropicus,DF1,25,15,30,40
Fluviibacterium aquatile,KCTC 72045T,27,10,30,37
Fluviibacterium aquatile,SM1902,27,10,25,37
Fluviicoccus keumensis,4DR5,30,10,30,40
Fluviicola hefeinensis,MYL-8,33,4,30,37
Fluviicola kyonggii,CA-1,22,15,25,37
Fluviimonas pallidilutea,TQQ6T,20,20,25,40
Fodinibacter luteus,YIM C003T,22,15,28,37
Fodinibius alkaliphilus,KCTC 102228T,10,30,35,40
Fodinibius salinus,YIM D17T,20,25,37,45
Fodinibius salipaludis,WN023T,10,30,35,40
Fodinicola feengrottensis,HKI 0501,22,10,28,32
Fodinicurvata fenggangensis,DSM 21160T,27,15,28,42
Fodinicurvata halophila,BA45ALT,31,14,37,45
Fodinicurvata sediminis,DSM 21159T,27,15,28,42
Fontibacillus panacisegetis,P11-6,27,15,25,42
Fontibacillus phaseoli,BAPVE7B,35,10,30,45
Fontibacillus pullulanolyticus,DSHK107,22,20,30,42
Fontibacter ferrireducens,SgZ-2T,22,15,30,37
Fonticella tunisiensis,BELH25T,25,45,55,70
Fontimonas thermophila,HA-01,23,37,47.5,60
Fontimonas thermophila,HA-01T,23,37,45,60
Formate consumption,DSM 107278T,25,40,55,65
Formosa agariphila,KMM 3901,29,4,21,33
Formosa algae,KMM 3553,41,4,23,45
Formosa arctica,IMCC9485T,20,10,25,30
Formosa haliotis,LMG 28520,25,10,25,35
Formosa maritima,KCTC 72531T,33,4,30,37
Formosa spongicola,A2T,20,15,30,35
Formosa undariae,WS-MY3,26,4,25,30
Formosimonas limnophila,AHQ-12T,27,10,25,37
Formosimonas limnophila,AHQ-12,27,10,20,37
Fournierella massiliensis,AT2,17,28,37,45
Francisella guangzhouensis,08HL01032T,19,18,25,37
Francisella halioticida,Shimane-1,17,8,20,25
Francisella hispaniensis,FhSp1T,22,20,37,42
Francisella marina,E95-16,10,20,30,30
Francisella salimarina,CGMCC 1,24,16,32,40
Franconibacter daqui,LMG 29914T,40,10,45,50
Franconibacter daqui,DL503,40,10,20,50
Frankia coriariae,BMG5.1,5,25,28,30
Frateuria defendens,DHoT,27,15,28,42
Frateuria terrea,VA24T,17,19,33,36
French bean,ATCC 12775T,40,4,28,44
Fretibacter rubidus,JC2236,40,5,30,45
Fretibacterium fastidiosum,SGP1T,17,25,37,42
Friedmanniella aerolata,7515T-26T,23,10,29,33
Friedmanniella aerolata,7515T-26,23,10,28,33
Friedmanniella antarctica,AA-1042,16,9,22,25
Friedmanniella endophytica,4Q3S-3T,17,20,29,37
Friedmanniella endophytica,4Q3S-3,17,20,28,37
Friedmanniella flava,W6,23,9,26.5,32
Friedmanniella flava,CGMCC 4,23,9,28,32
Friedmanniella lacustris,EL-17A,40.5,3,26,43.5
Friedmanniella lucida,,14,18,25,32
Friedmanniella lucida,FA2,14,18,22,32
Friedmanniella luteola,,10,18,26,28
Friedmanniella luteola,FA1,10,18,25,28
Friedmanniella okinawensis,,14,18,25,32
Friedmanniella okinawensis,FB1,14,18,22,32
Friedmanniella sagamiharensis,,14,18,25,32
Friedmanniella sagamiharensis,FB2,14,18,25,32
Friedmanniella spumicola,ACM 5121T,22,15,25,37
Frigidibacter albus,SP32T,21,4,19,25
Frigidibacter albus,SP32,21,4,18,25
Frigoribacterium endophyticum,EGI 6500707,35,10,25,45
Frigoribacterium faeni,DSM 10309,23,2,8,25
Frigoribacterium mesophilum,MSL-08T,17,20,28,37
Frigoribacterium salinisoli,LAM9155,36,4,25,40
Frigoribacterium salinisoli,JCM 30848T,36,4,25,40
Frischella perrara,PEB0191,18,24,37,42
From one,3753OT,18,42,50,60
Frondibacter aureus,A5Q-67,5,25,28,30
Frondibacter mangrovi,02OK1/10-76T,33,4,30,37
Frondibacter mangrovi,02OK1/10-76,27,10,30,37
Frondicola australicus,E1HC-02T,22,15,25,37
Frondihabitans australicus,E1HC-02,22,15,25,37
Frondihabitans cladoniiphilus,CafT13,29,1,24,30
Frondihabitans peucedani,RS-15,33,4,20,37
Frondihabitans peucedani,,33,4,25,37
Frondihabitans sucicola,KACC 15521T,26,4,28,30
Fructobacillus ficulneus,FS-1,34,6,30,40
Fructobacillus fructosus,IFO 3516,34,6,30,40
Fructobacillus tropaeoli,F214-1T,35,10,30,45
Fuchsiella alkaliacetigena,Z-7100T,20,25,40,45
Fuchsiella ferrireducens,Z-7101T,20,25,30,45
Fuchsiella ferrireducens,Z-7101,20,25,30,45
Fudania jinshanensis,CGMCC 4,14,28,37,42
Fuerstia marisgermanicae,NH11,10,20,28,30
Fulvibacter tottoriensis,MTT-39T,33,4,25,37
Fulvibacter tottoriensis,MTT-39,27,10,25,37
Fulvimarina manganoxydans,CGMCC1,41,4,28,45
Fulvimarina pelagi,HTCC2506,36,4,30,40
Fulvimonas yonginensis,5GHs31-2,30,15,29,45
Fulvimonas yonginensis,5GHs31-2T,30,15,28,45
Fulvivirga imtechensis,AK7,20,20,30,40
Fulvivirga kasyanovii,KMM 6220T,30,14,35,44
Fulvivirga lutimaris,TM-6,23,10,30,33
Fundibacter jadensis,T9T,30,10,30,40
Fundidesulfovibrio terrae,JCM 35589T,17,20,30,37
Further differences,DSM28579T,30,20,37,50
Fusibacter bizertensis,LTF Kr01T,25,15,30,40
Fusibacter fontis,DSM 28450T,30,15,30,45
Fusibacter paucivorans,DSM 12116T,25,20,37,45
Fusibacter tunisiensis,BELH1T,25,15,30,40
Fusobacterium alocis,VPI D40B-5,20,25,37,45
Fusobacterium perfoetens,PVA B3/63,20,25,37,45
Fusobacterium pseudoperiodonticum,ChDC F213,7,30,35,37
Fusobacterium sulci,,20,25,37,45
Gabonia massiliensis,GM3,17,28,37,45
Gaetbulibacter aestuarii,KYW382,30,10,25,40
Gaetbulibacter aquiaggeris,KEM-8,28,4,30,32
Gaetbulibacter jejuensis,CNURIC014,22,15,30,37
Gaetbulibacter lutimaris,D1-y4,24,4,25,28
Gaetbulibacter marinus,IMCC1914,34,3,25,37
Gaetbulicola byunsanensis,SMK-114,30,10,25,40
Gaetbulimicrobium brevivitae,KCTC 12390T,31,10,37,41
Gaiella occulta,F2-233,30,15,35,45
Galactobacter valiniphilus,DSM 107699T,22,15,30,37
Galbibacter marinus,I2-15T,27,10,25,37
Galbibacter mesophilus,NBRC 101624T,32,10,25,42
Galbitalea soli,KIS82-1,27,10,29,37
Galbitalea soli,KACC 15520T,27,10,28,37
Galenea microaerophila,P2D,30,20,35,50
Gallaecimonas pentaromativorans,DSM 21945T,17,20,30,37
Gallaecimonas xiamenensis,LMG 25226T,32,10,25,42
Gallionella ferruginea,Johan,20,5,20,25
Galliscardovia ingluviei,RP51,34,15,39,49
Gandjariella thermophila,SL3-2-4T,25,30,45,55
Gangjinia marincola,GJ16T,10,20,25,30
Gangjinia marincola,GJ16,10,20,25,30
Gaoshiqia hydrogeniformans,Z1-71ᵀ,32,10,35,42
Gaoshiqia sediminis,KCTC 92029T,20,20,33,40
Garciella nitratireducens,MET79,35,25,55,60
Gardnerella vaginalis,ATCC 14018,17,25,36,42
Garicola koreensis,SJ5-4T,25,15,30,40
Garritya polymorpha,ATCC 27820,10,22,32,32
Gayadomonas joobiniege,G7,22,20,35,42
Gelatiniphilus marinus,KCTC 42903T,22,15,30,37
Gelidibacter algens,,18,0,16.5,18
Gelidibacter gilvus,IC158,27,-2,15,25
Gelidibacter japonicus,JCM 31967,41,4,35,45
Gellertiella hungarica,RAM11,30,15,20,45
Gelria glutamica,TGO T,23,37,52.5,60
Gelria glutamica,TGO,23,37,50,60
Geminicoccus roseus,D2-3,30,15,30,45
Geminisphaera colitermitum,TAV2,20,15,30,35
Gemmata massiliana,CSUR P189,12,25,30,37
Gemmatimonas aurantiaca,T-27T,10,25,30,35
Gemmatimonas phototrophica,AP64T,14,16,25,30
Gemmatimonas phototrophica,AP64,14,16,25,30
Gemmatirosa kalamazoonesis,KBS708,20,20,37,40
Gemmobacter aquaticus,A1-9,30,10,25,40
Gemmobacter aquatilis,ATCC 49971,22,17,31,39
Gemmobacter caeni,DCA-1,18,17,25,35
Gemmobacter caeruleus,N8T,15,20,28,35
Gemmobacter denitrificans,JM10B15T,25,15,25,40
Gemmobacter fontiphilus,JS43T,20,10,25,30
Gemmobacter intermedius,119/4T,35,15,25,55
Gemmobacter intermedius,starin 119/4,40,15,37,55
Gemmobacter lanyuensis,BCRC 80378T,25,15,30,40
Gemmobacter lanyuensis,Orc-4,25,15,25,40
Gemmobacter megaterium,CF17T,19,18,26.5,37
Gemmobacter megaterium,CF17,19,18,25,37
Gemmobacter nanjingensis,Y12,30,10,28,40
Gemmobacter nectariphilus,AST4,17,20,30,37
Gemmobacter straminiformis,CAM-8T,17,20,25,37
Gemmobacter tilapiae,Ruye-53,27,10,20,37
Genbank database,DSM28579T,30,20,37,50
Gene accession,3753OT,18,42,50,60
General laboratory,DSM 12178T,30,10,30,40
Generation times,AY486133,25,20,37,45
Genomes were,WS4937T,27,12,33,39
Genomic comparative,SK-G1T,25,40,55,65
Geoalkalibacter subterraneus,Red1T,20,30,40,50
Geobacillus caldoxylosilyticus,DSM 12041,28,42,57.5,70
Geobacillus debilis,TfT,20,50,60,70
Geobacillus galactosidasius,CF1B,25,50,70,75
Geobacillus gargensis,DSM 15378T,25,45,60,70
Geobacillus icigianus,G1w1T,25,50,62.5,75
Geobacillus icigianus,G1w1,25,50,60,75
Geobacillus jurassicus,DS-1,20,45,58,65
Geobacillus kaustophilus,ATCC 8005,32,40,60,72
Geobacillus lituanicus,DSM 15325T,15,55,60,70
Geobacillus lituanicus,N-3,15,55,55,70
Geobacillus proteiniphilus,1017T,28,40,60,68
Geobacillus stearothermophilus,B5,35,40,60,75
Geobacillus tepidamans,DSM 16325T,28,39,55,67
Geobacillus thermantarcticus,LMG 23032,43,37,60,80
Geobacillus thermocatenulatus,DSM 730,43,35,65,78
Geobacillus thermodenitrificans,DSM 465,25,45,50,70
Geobacillus thermoleovorans,ATCC 43513,25,45,55,70
Geobacillus toebii,DSM 14590,25,45,60,70
Geobacillus vulcani,3s-1,35,37,60,72
Geobacillus yumthangensis,JCM 32596,30,40,60,70
Geobacter anodireducens,CGMCC 1,27,15,30,42
Geobacter argillaceus,G12,26,10,30,36
Geobacter bemidjiensis,DSM 16622T,22,15,30,37
Geobacter bemidjiensis,Bem,26,4,30,30
Geobacter daltonii,FRC-32,15,20,30,35
Geobacter luticola,DSM 24905T,20,20,30,40
Geobacter pickeringii,G13,26,10,30,36
Geobacter psychrophilus,P35,26,4,17,30
Geobacter soli,GSS01T,24,16,30,40
Geobacter thiogenes,JCM 14045T,27,10,30,37
Geobacter toluenoxydans,TMJ1,26,16,25,42
Geodermatophilus africanus,CF11/1,17,20,25,37
Geodermatophilus amargosae,G12,15,25,25,40
Geodermatophilus aquaeductus,BMG801,35,10,25,45
Geodermatophilus arenarius,CF5/4,25,15,28,40
Geodermatophilus brasiliensis,Tü 6233,10,20,27,30
Geodermatophilus brasiliensis,DSM 44526T,20,15,20,35
Geodermatophilus bullaregiensis,BMG841,30,10,25,40
Geodermatophilus chilensis,B12,33,10,35,43
Geodermatophilus daqingensis,WT-2-1,25,15,35,40
Geodermatophilus dictyosporus,G-5,30,10,25,40
Geodermatophilus maliterrae,DSM 116197T,4,28,30,32
Geodermatophilus nigrescens,YIM 75980,17,28,37,45
Geodermatophilus normandii,CF5/3,25,15,25,40
Geodermatophilus poikilotrophus,G18,20,15,25,35
Geodermatophilus pulveris,CECT 9003T,30,10,35,40
Geodermatophilus ruber,CPCC 201356,30,10,20,40
Geodermatophilus ruber,DSM 45317T,30,10,32,40
Geodermatophilus sabuli,BMG 8133,20,25,37.5,45
Geodermatophilus soli,KCTC 19880T,26,4,30,30
Geodermatophilus taihuensis,CGMCC 1,33,4,28,37
Geodermatophilus telluris,CF9/1/1,25,15,20,40
Geodermatophilus terrae,KCTC 19881T,26,4,30,30
Geofilum rhodophaeum,KCTC 42595T,41,4,33,45
Geofilum rubicundum,JAM-BA0501T,25,10,33,35
Geofilum rubicundum,JAM-BA0501,26,10,33,36
Geogemma barossii,121,36,85,106,121
Geoglobus acetivorans,SBH6,35,50,81,85
Geoglobus ahangari,234,25,65,88,90
Geojedonia litorea,YCS-16,27,10,30,37
Geomicrobium halophilum,BH1T,20,20,30,40
Geomicrobium sediminis,YIM M13075,41,4,28,45
Geomonas edaphica,Red53,32,10,30,42
Geomonas ferrireducens,S62,29,13,30,42
Geomonas oryzae,S43,29,13,30,42
Geomonas terrae,Red111,32,10,30,42
Geopsychrobacter electrodiphilus,A1,26,4,22,30
Georgenia daeguensis,2C6-43,32,10,25,42
Georgenia deserti,CGMCC 1,41,4,28,45
Georgenia halophila,YIM 93316,35,10,37,45
Georgenia halotolerans,10Sc9-8T,29,8,30,37
Georgenia ruanii,YIM 004T,27,10,29,37
Georgenia ruanii,YIM 004,27,10,28,37
Georgenia satyanarayanai,JLT1488,36,4,35,40
Georgenia sediminis,SCSIO 15020,36,24,50,60
Georgenia subflava,Y32,36,4,32.5,40
Georgenia subflava,Y32T,36,4,30,40
Georgenia thermotolerans,TT02-04T,35,10,28,45
Georgfuchsia toluolica,G5G6,24,21,25,45
Georhizobium profundi,KCTC 62439T,10,20,28,30
Geosporobacter ferrireducens,IRF9,20,25,40,45
Geosporobacter subterraneus,VNs68T,25,30,42,55
Geothermobacter ehrlichii,SS015,30,35,55,65
Geothermomicrobium terrae,YIM 77562,30,30,52.5,60
Geothermomicrobium terrae,JCM 18057T,30,30,50,60
Geotoga petraea,CC-1,25,30,50,55
Geotoga subterranea,T5,30,30,45,60
Geovibrio thiophilus,AAFu3T,36,4,37,40
Geovibrio thiophilus,AAFu3,36,4,37,40
German bulk,WS4937T,27,12,33,39
Gibbsiella dentisursi,DSM 23818T,33,4,30,37
Gibbsiella dentisursi,LEN-33,33,4,37,37
Gibbsiella greigii,FRB 224,30,10,28,40
Gibbsiella papilionis,LEN33T,33,4,37,37
Giesbergeria kuznetsovii,D-412,29,7,28,36
Giesbergeria voronezhensis,D-419T,29,7,30,36
Gilliamella apis,NO3T,12,30,36,42
Gillisia hiemivivida,,24,1,15,25
Gillisia hiemivivida,IC154,27,-2,1,25
Gillisia illustrilutea,IC157,22,-2,1,20
Gillisia limnaea,LMG 21470,20,5,20,25
Gillisia lutea,CECT 30308T,33,4,23,37
Gillisia marina,CBA3202T,26,4,25,30
Gillisia myxillae,UST050418-085,24,4,12,28
Gillisia sandarakina,IC148,22,-2,1,20
Gilvibacter sediminis,,22,15,30,37
Gilvibacter sediminis,Mok-1-36,22,15,25,37
Gilvimarinus agarilyticus,M5c,27,10,25,37
Gilvimarinus algae,SDUM040014T,36,4,28,40
Gilvimarinus chinensis,QM42,36,4,29,40
Gilvimarinus chinensis,CGMCC 1,36,4,28,40
Gilvimarinus gilvus,SDUM040013T,37,0,30,37
Gilvimarinus japonicus,12-2T,25,10,29,35
Gilvimarinus japonicus,12寧2擔,25,10,28,35
Gilvimarinus polysaccharolyticus,YN3T,28,4,29,32
Gimesia benthica,CGMCC 1,34,6,30,40
Glaciecola amylolytica,THG-3.7T,20,10,25,30
Glaciecola arctica,BSs20135T,24,4,25,28
Glaciecola lipolytica,E3T,32,4,30,36
Glaciecola mesophila,DSM 15026T,28,7,25,35
Glaciecola nitratireducens,FR1064,15,15,25,30
Glaciecola pallidula,,22,-2,10,20
Glaciecola pallidula,IC079,22,-2,10,20
Glaciecola psychrophila,170T,11,4,12,15
Glaciecola punicea,IC067,27,-2,15,25
Glaciibacter superstes,AHU1791,30,-5,20,25
Glaciihabitans arcticus,RP-3-7,24,4,15,28
Glaciihabitans arcticus,KACC 21151T,24,4,20,28
Glaciihabitans tibetensis,MP203,25,0,15,25
Glaciimonas frigoris,N1-38,30,-5,1,25
Glaciimonas singularis,A2-57,20,10,25,30
Glaciimonas soli,GS1T,21,4,12.5,25
Gliding motility,"by the ability to degrade xylan, starch and some other polysaccharides, by greater tolerance of acidic pH and by the inability to reduce nitrate",33,4,25,37
Gliding motility,JCM 30603T,22,20,30,42
Gloeomargarita lithophora,Alchichica-D10 (Culture Collection of Algae and Protozoa CCAP strain 1437/1; Collections de Cyanobactéries et Microalgues Vivantes of the Museum National d’Histoire Naturelle in Paris strain PMC 919.15),15,15,25,30
Glucerabacter canisensis,NATH-2371,15,30,37,45
Gluconacetobacter aggeris,T6203-4-1a,15,15,20,30
Gluconacetobacter asukensis,,15,15,25,30
Gluconacetobacter asukensis,JCM 17772T,15,15,20,30
Gluconacetobacter azotocaptans,,8,29,30,37
Gluconacetobacter johannae,CFN-Cf55T,8,29,30,37
Gluconacetobacter kombuchae,RG3T,7,30,30,37
Gluconacetobacter sacchari,SRI 1794T,2,28,28,30
Gluconacetobacter sucrofermentans,LMG 18788,9,28,28,37
Gluconacetobacter takamatsuzukensis,T61213-20-1a,15,15,20,30
Gluconacetobacter tumulicola,K5929-2-1b,15,15,25,30
Gluconacetobacter tumulicola,JCM 17774T,15,15,20,30
Gluconacetobacter tumulisoli,JCM 19097T,15,15,20,30
Gluconoacetobacter aggeris,JCM 19092T,15,15,30,30
Gluconobacter morbifer,G707,24,13,25,37
Gluconobacter nephelii,RBY-1,10,25,25,35
Glutamicibacter ardleyensis,An25,30,0,25,30
Glutamicibacter halophytocola,KLBMP 5180,33,4,25,37
Glycocaulis abyssi,MCS 33,25,15,30,40
Glycocaulis abyssi,MCS 33T,20,15,30,35
Glycocaulis albus,LMG 27741T,25,15,25,40
Glycocaulis alkaliphilus,6B-8T,17,20,30,37
Glycocaulis profundi,ZYF765T,21,16,28,37
Glycomyces albidus,JCM 33458T,35,10,28,45
Glycomyces albus,KACC 17681T,15,25,37,40
Glycomyces anabasis,EGI 6500139,25,15,30,40
Glycomyces arizonensis,,17,20,28,37
Glycomyces artemisiae,IXS4T,20,20,28,40
Glycomyces buryatensis,18,20,15,28,35
Glycomyces dulcitolivorans,CGMCC 4,20,20,28,40
Glycomyces endophyticus,KCTC 19152T,22,15,28,37
Glycomyces fuscus,KACC 17682T,22,18,37,40
Glycomyces halotolerans,TRM 40137,55,5,37,60
Glycomyces lacisalsi,XHU 5089,30,20,32.5,50
Glycomyces lacisalsi,KCTC 39688T,30,20,30,50
Glycomyces luteolus,NEAU-A15,30,10,28,40
Glycomyces mayteni,KCTC 19527T,22,15,28,37
Glycomyces paridis,CPCC 204357,15,15,29,30
Glycomyces paridis,DSM 102295T,15,15,28,30
Glycomyces rhizosphaerae,NEAU-C11T,25,15,28,40
Glycomyces scopariae,KCTC 19158T,17,20,28,37
Glycomyces tarimensis,TRM 45387,24,18,37,42
Glycomyces tritici,NEAU-C2,25,15,28,40
Glycomyces xiaoerkulensis,TRM 41368T,20,20,35,40
Glycomyces xinjiangensis,XHU 5301,20,25,37,45
Goodfellowia coeruleoviolacea,DSM 43935T,30,15,30,45
Gordona aichiensis,DSM 43978,14,28,37,42
Gordonia alkaliphila,CJ10T,23,4,28,40
Gordonia alkaliphila,CJ10,10,20,28,30
Gordonia alkanivorans,HKI 0136T,27,13,28,40
Gordonia aurantiaca,KACC 23739T,35,15,40,50
Gordonia caeni,MJ32,22,20,30,42
Gordonia didemni,B204,35,10,28,45
Gordonia hankookensis,KCTC 19599T,27,10,30,37
Gordonia insulae,KCTC 49257T,27,10,25,37
Gordonia iterans,IFM 10348,25,15,37,40
Gordonia jinhuaensis,ZYR 51,30,10,28,40
Gordonia kroppenstedtii,NP8-5,20,10,25,30
Gordonia kroppenstedtii,KCTC 19360T,20,10,30,30
Gordonia mangrovi,KCTC 49383 T,20,20,28,40
Gordonia nitida,LE31T,38,7,30,45
Gordonia oryzae,TBRC 8485T,20,17,25,37
Gordonia paraffinivorans,HD321,25,20,30,45
Gordonia phosphorivorans,Ca8T,5,25,30,30
Gordonia phthalatica,QH-11T,32,10,30,42
Gordonia phthalatica,QH-11,25,15,30,40
Gordonia soli,CC-AB07T,7,28,30,35
Gordonibacter faecihominis,CAT-2,25,25,37,50
Gorillibacterium massiliense,G5,12,25,37,37
Gracilibacillus aidingensis,YIM 98001,27,18,37,45
Gracilibacillus alcaliphilus,SG103T,35,13,39,48
Gracilibacillus bigeumensis,BH097T,42,10,37,52
Gracilibacillus boraciitolerans,T-16XT,21,16,26.5,37
Gracilibacillus boraciitolerans,T-16X,21,16,25,37
Gracilibacillus halophilus,YIM-C55.5,32,28,45,60
Gracilibacillus halotolerans,NN,44,6,47,50
Gracilibacillus kekensis,K170T,46,4,37,50
Gracilibacillus kekensis,K170,46,4,40,50
Gracilibacillus lacisalsi,BH312T,35,15,40,50
Gracilibacillus massiliensis,Awa-1,20,25,37,45
Gracilibacillus orientalis,XH-63,41,4,37,45
Gracilibacillus oryzae,CICC 24889T,27,10,30,37
Gracilibacillus quinghaiensis,YIM-C229,41,4,37,45
Gracilibacillus saliphilus,YIM 91119,41,4,28,45
Gracilibacillus saliphilus,DSM 19802T,41,4,37,45
Gracilibacillus thailandensis,TP2-8,40,15,37,55
Gracilibacillus ureilyticus,MF38,35,10,36,45
Gracilibacillus ureilyticus,CGMCC 1,35,10,35,45
Gracilibacter thermotolerans,JW/YJL-S1T,29,25,44.5,54
Gracilibacter thermotolerans,JW/YJL-S1,29,25,42.5,54
Gracilimonas amylolytica,LA399T,20,20,37,40
Gracilimonas halophila,WDS2C40T,22,20,37,42
Gracilimonas mengyeensis,YIM J14T,17,20,28,37
Gracilimonas rosea,CL-KR2,25,15,35,40
Gracilimonas sediminicola,KCTC 82454T,12,25,30,37
Gracilimonas tropica,CL-CB462,20,20,35,40
Gram reaction,DSM 12178T,30,10,30,40
Gram staining,JCM 30603T,22,20,30,42
Gramella aestuarii,BS12,35,5,25,40
Gramella aestuariivivens,BG-MY13,33,4,30,37
Gramella antarctica,R17H11T,32,4,25,36
Gramella antarctica,R17H11,32,4,25,36
Gramella aquimixticola,HJM-19,30,10,30,40
Gramella bathymodioli,JCM 33424T,24,16,37,40
Gramella echinicola,KMM 6050T,33,4,23,37
Gramella flava,JLT2011T,25,10,30,35
Gramella forsetii,DSM 17595T,3,22,22,25
Gramella forsetii,KT0803,28,2,22,30
Gramella gaetbulicola,RA5-111T,38,4,30,42
Gramella jeungdoensis,HMD3159,27,15,25,42
Gramella lutea,YJ019,17,20,30,37
Gramella marina,KCTC 12366T,33,4,30,37
Gramella marina,KMM 6048,33,4,28,37
Gramella oceani,CC-AMSZ-TT,20,20,30,40
Gramella oceani,CC-AMSZ-T,20,20,30,40
Gramella planctonica,CC-AMWZ-3,20,20,30,40
Gramella portivictoriae,UST040801-001,32,4,28,36
Gramella portivictoriae,JCM 13192T,32,4,30,36
Gramella salexigens,LPB0144,36,4,30,40
Gramella sediminilitoris,GHTF-27,36,4,30,40
Granulibacter bethesdensis,CGDNIH1,12,25,36,37
Granulibacter bethesdensis,DSM 17861T,12,25,35,37
Granulicella aggregans,LMG 25274T,31,2,18,33
Granulicella arctica,DSM 23128T,24,4,21,28
Granulicella cerasi,Sakura1T,20,10,30,30
Granulicella mallensis,DSM 23137T,24,4,24,28
Granulicella paludicola,DSM 22464T,31,2,18,33
Granulicella pectinivorans,DSM 21001T,31,2,18,33
Granulicella rosea,DSM 18704T,31,2,18,33
Granulicella sapmiensis,LMG 26174T,22,4,21,26
Granulicella sibirica,DSM 104461T,28,2,20,30
Granulicella tundricola,DSM 23138T,22,4,21,26
Granulicella tundricola,MP5ACTX9,24,4,21,28
Granulicoccus phenolivorans,DSM 17626T,22,15,30,37
Granulosicoccus antarcticus,IMCC3135,22,3,20,25
Granulosicoccus marinus,IMCC3490,26,4,20,30
Granulosicoccus undariae,W-BA3,31,4,28,35
Greyish like,JCM 30603T,22,20,30,42
Grimontia indica,AK16,32,10,25,42
Grimontia marina,IMCC5001,38,4,30,42
Grow optimally,of Amycolatopsis rugosa was determined following direct sequencing of the amplified gene,35,10,34,45
Grows between,DSM 5366T,30,40,60,70
Grows mixotrophically,NBRC 14566T,27,15,35,42
Grows mixotrophically,DSM 17897T,27,15,30,42
Grows sparsely,DSM 5366T,30,40,60,70
Growth can,BGSC 93T,43,37,60,80
Growth media,DSM 12178T,30,10,30,40
Growth occurred,ATCC 12775T,40,4,28,44
Growth occurs,DSM 11002,25,20,42,45
Growth occurs,ATCC 35265T,25,45,60,70
Growth occurs,DSM 3695T,33,4,25,37
Growth occurs,6017T,36,4,23,40
Growth occurs,DSM 17897T,27,15,30,42
Growth occurs,"sensitive to vancomycin (50 mg) and resistant to bacitracin (10 mg), gentamicin (30 mg), kanamycin (30 mg), nalidixic acid (30 mg), nitrofurantoin (300 mg), nystatin (100 IU) and streptomycin (10 mg",25,10,28,35
Growth occurs,DSM 23818T,33,4,30,37
Growth occurs,DSM28579T,30,20,37,50
Growth occurs,JCM 30603T,22,20,30,42
Growth occurs,KCTC 52369T,35,10,28,45
Growth occurs,JLT354-WT,46,4,25,50
Growth occurs,DSM 14006T,30,35,55,65
Growth occurs,KCTC 62428T,40,10,35,50
Growth occurs,DSM 107278T,25,40,55,65
Growth occurs,WS4937T,27,12,33,39
Growth occurs,"of such clade, to investigate in detail its phylogenetic placement",18,15,30,33
Growth only,ED7T,22,20,30,42
Growth requirements,"ACAM 188, which was isolated by McGuire (32) from the pycnocline of Burton Lake, Vestfold Hills, Antarctica",20,0,10,20
Growth studies,DSM 11002,25,20,42,45
Growth under,was 44,40,4,28,44
Growth will,of B,20,20,37,40
Gryllotalpicola daejeonensis,KCTC 13809T,12,25,25,37
Gryllotalpicola ginsengisoli,DCY26,17,25,30,42
Gryllotalpicola koreensis,KCTC 13810T,22,15,25,37
Gryllotalpicola kribbensis,,22,15,25,37
Gryllotalpicola kribbensis,KCTC 13808T,22,15,25,37
Gryllotalpicola protaetiae,KACC 19316T,27,10,30,37
Gryllotalpicola protaetiae,DFW100M-13T,30,10,28,40
Gryllotalpicola reticulitermitis,TS-56T,15,20,30,35
Gryllotalpicola reticulitermitis,TS-56,10,25,30,35
Gryllotalpicola soli,KIS12-7T,27,10,28,37
Guaymas basin,DSM 27501T,20,25,30,45
Gudongella oleilytica,DSM 28124T,25,20,40,45
Gulbenkiania indica,DSM 17901T,30,15,37,45
Gulbenkiania indica,HT27,30,15,30,45
Gulosibacter chungangensis,CAU 9625T,25,15,37,40
Gulosibacter molinativorax,ON4,31,10,36,41
Gulosibacter molinativorax,DSM 13405T,31,10,35,41
Guyparkeria halophila,204T,10,26,31,36
Guyparkeria hydrothermalis,DSM 7121T,34,11,35,45
Gynuella sunshinyii,YC6258,30,10,25,40
Gynurincola endophyticus,CGMCC 1,25,15,30,40
Haemophilus massiliensis,FF7,20,25,37,45
Haemophilus seminalis,NBRC 113782T,12,28,32,40
Hafnia psychrotolerans,DJC1-1T,40,0,15,40
Hahella antarctica,NBRC 102683T,22,3,25,25
Hahella chejuensis,96CJ10356T,25,20,37,45
Hahella ganghwensis,KCTC 12277T,25,15,35,40
Hahyoungchilella caricis,GH2-2,30,10,30,40
Haladaptatus cibarius,D43T,35,15,37,50
Haladaptatus litoreus,RO1-28,30,25,38.5,55
Haladaptatus litoreus,CGMCC 1,30,25,40,55
Haladaptatus pallidirubidus,YIM93656,25,25,37,50
Haladaptatus paucihalophilus,DX253,20,25,40,45
Halalkalibacillus halophilus,JCM 14192T,20,20,30,40
Halalkalibacillus sediminis,KCTC 33093T,30,15,37,45
Halalkalicoccus jeotgali,KCTC 4019T,29,21,45,50
Halalkalicoccus jeotgali,B3,29,21,37,50
Halalkalicoccus paucihalophilus,YIM 93701,34,16,37,50
Halalkalicoccus tibetensis,DS12,24,23,40,47
Halanaerobacter chitinivorans,W5C8,27,23,35,50
Halanaerobacter jeridensis,DSM 23230T,40,20,45,60
Halanaerobacter lacunarum,Z-7888,47,5,35,52
Halanaerobacter salinarius,SG 3903,40,10,45,50
Halanaerobaculum tunisiense,6SANG,20,30,42,50
Halanaerobium acetethylicum,EIGI,30,15,34,45
Halanaerobium alcaliphilum,GSLS,25,25,37,50
Halanaerobium congolense,SEBR 4224,25,20,42,45
Halanaerobium fermentans,R-9,30,15,35,45
Halanaerobium kushneri,VS-751,25,20,35,45
Halanaerobium lacusrosei,H200,30,20,40,50
Halanaerobium praevalens,GSL,45,5,37,50
Halanaerobium saccharolyticum,Z-7787,32,15,37,47
Halanaerobium salsuginis,VS-752,29,22,40,51
Halanaerobium sehlinense,DSM 25582T,30,20,43,50
Halanaerocella petrolearia,S200,22,25,40,47
Halapricum salinum,CBA1105,15,30,37,45
Halarchaeum acidiphilum,JCM 16109T,30,15,37,45
Halarchaeum grantii,MH1-243-3,15,35,45,50
Halarchaeum grantii,JCM 19585T,15,35,35,50
Halarchaeum nitratireducens,JCM 16331T,35,20,45,55
Halarchaeum nitratireducens,MH1-136-2,37,18,45,55
Halarchaeum rubridurum,MH1-16-3,30,20,42,50
Halarchaeum rubridurum,JCM 16108T,30,20,40,50
Halarchaeum salinum,MH1-34-1,32.5,15,42,50
Halarchaeum salinum,JCM 16330T,30,15,40,45
Halarchaeum solikamskense,RS94,30,25,35,55
Halarsenatibacter silvermanii,SLAS-1,27,28,44,55
Halegenticoccus soli,SYSUA9-0,25,25,37,50
Haliangium ochraceum,SMP-2,20,20,30,40
Haliangium tepidum,SMP-10,18,27,37,45
Haliea alexandrii,KCTC 62344T,18,15,28,33
Haliea atlantica,SM1351T,41,4,35,45
Haliea rubra,CM41_15aT,29,15,30,44
Haliea salexigens,3X/A02/235T,27,10,25,37
Haliea salexigens,3X/A02/235,27,10,25,37
Halioglobus japonicus,NBRC 107739T,15,15,20,30
Halioglobus lutimaris,HF004T,22,15,28,37
Halioglobus pacificus,NBRC 107742T,15,15,20,30
Halioglobus sediminis,U0301T,17,20,33,37
Haliscomenobacter hydrossis,O,22,8,26,30
Haloactinobacterium album,YIM 93306,30,10,37,40
Haloactinobacterium glacieicola,T3246-1T,20,10,20,30
Haloactinomyces albus,AFM 10258,25,20,28,45
Haloactinopolyspora alba,YIM 93246,30,15,28,45
Haloactinopolyspora alkaliphila,EGI 80088,25,15,30,40
Haloactinospora alba,YIM 90648,25,20,37,45
Haloanaerobium congolense,DSM 11002,25,20,42,45
Haloanaerobium fermentans,R-9T,30,15,35,45
Haloanaerobium kushneri,VS-751T,25,20,40,45
Haloanaerobium lacusroseus,H200,30,20,40,50
Haloanaerobium salsugo,VS-752,29,22,40,51
Haloarchaeobius amylolyticus,XD48,25,25,37,50
Haloarchaeobius baliensis,NBRC 110517T,28,20,42,48
Haloarchaeobius iranensis,EB21T,30,25,40,55
Haloarchaeobius litoreus,GX1,25,25,37,50
Haloarchaeobius salinus,YC82,25,25,37,50
Haloarcula amylolytica,BD-3T,32,20,41,52
Haloarcula argentinensis,arg-1,30,20,45,50
Haloarcula hispanica,Y27,25,25,40,50
Haloarcula japonica,TR-1,21,24,45,45
Haloarcula mannanilytica,JCM 33835T,25,25,40,50
Haloarcula quadrata,801030/1,23,30,53,53
Haloarcula salaria,JCM 15759T,30,15,37,45
Haloarcula sebkhae,CIP 110583T,30,25,45,55
Haloarcula terrestris,S1AR25-5AT,25,25,37,50
Haloarcula tradensis,JCM 15760T,30,15,37,45
Haloarcula vallismortis,J.F. 54,25,20,40,45
Halobacillus aidingensis,,25,15,32,40
Halobacillus aidingensis,JCM 12771T,55,5,35,60
Halobacillus alkaliphilus,DSM 18525T,40,20,37,60
Halobacillus alkaliphilus,FP5,20,25,37,45
Halobacillus andaensis,NEAU-ST10-40T,56,4,30,60
Halobacillus campisalis,ASL-17,37,4,37,41
Halobacillus dabanensis,,35,15,35,50
Halobacillus dabanensis,JCM 12772T,55,5,35,60
Halobacillus hunanensis,JSM 071077,30,10,25,40
Halobacillus karajensis,DSM 14948T,39,10,34,49
Halobacillus kuroshimensis,IS-Hb7,39,9,25,48
Halobacillus litoralis,DSM 10405T,33,10,35,43
Halobacillus locisalis,MSS-155,32,10,35,42
Halobacillus mangrovi,CECT 7206T,40,10,33,50
Halobacillus marinus,KGW1,30,15,35,45
Halobacillus naozhouensis,JSM 071068,25,10,25,35
Halobacillus profundi,IS-Hb4,38,9,25,47
Halobacillus salicampi,TGS-15,15,20,28,35
Halobacillus salinus,HSL-3,35,10,30,45
Halobacillus salsuginis,JSM 078133,35,10,30,45
Halobacillus sediminis,NGS-2,20,10,28,30
Halobacillus seohaensis,ISL-50,34,4,37,38
Halobacillus trueperi,DSM 10404T,34,10,35,44
Halobacillus yeomjeoni,MSS-402T,33,15,37,48
Halobacteriovorax litoralis,JS5,20,15,15,35
Halobacterium bonnevillei,JCM 32472,40,15,40,55
Halobacterium cutirubrum,NCIMB 786,25,20,37,45
Halobacterium hubeiense,JI20-1,28,22,45,50
Halobacterium jilantaiense,CGMCC 1,33,22,40,55
Halobacterium litoreum,ZS-54-S2,30,20,35,50
Halobacterium noricense,A1,22,28,45,50
Halobacterium piscisalsi,JCM 14661T,40,20,37,60
Halobacterium rubrum,TGN-42-S1,30,20,35,50
Halobacterium salinarium,NCIMB 786,25,20,37,45
Halobacterium salinarum,NCR-1,35,20,50,55
Halobaculum magnesiiphilum,MGY-184T,30,25,45,55
Halobaculum roseum,D90T,25,25,40,50
Halobaculum saliterrae,JCM 32473,35,25,50,60
Halobellus clavatus,,27.5,20,37,50
Halobellus clavatus,CGMCC 1,30,20,37,50
Halobellus clavatus,TNN18,25,25,37,50
Halobellus inordinatus,CGMCC 1,30,20,37,50
Halobellus limi,CGMCC 1,30,25,45,55
Halobellus litoreus,GX31,25,25,37,50
Halobellus ramosii,S2FP14T,25,25,37,50
Halobellus rarus,YC21,30,20,37,50
Halobellus rufus,CBA1103,35,20,37,55
Halobellus salinus,DSM 18730T,20,25,37,45
Halobiforma lacisalsi,AJ5T,33,24,43.5,57
Halobiforma lacisalsi,AJ5,33,24,42,57
Halobiforma nitratireducens,135,18,26,36,44
Halobium palmae,NBRC 111368T,28,20,38,48
Halobium salinum,YJ-8-S,30,20,37,50
Halocalculus aciditolerans,JCM 19596T,40,20,40,60
Halocalculus aciditolerans,MH2-243-1,40,20,40,60
Halochromatium roseum,JA134T,15,20,27,35
Halococcus agarilyticus,JCM 19592T,25,22,42,47
Halococcus dombrowskii,H4,3,37,37,40
Halococcus qingdaonensis,CM5T,19,26,37.5,45
Halococcus qingdaonensis,CM5,19,26,35,45
Halococcus saccharolyticus,P-423,14,28,37,42
Halococcus salifodinae,Blp,22,28,40,50
Halococcus salsus,CGMCC 1,35,15,38,50
Halococcus salsus,ZJ1,25,20,38,45
Halococcus sediminicola,CBA1101,15,25,35,40
Halococcus thailandensis,JCM 13552T,30,15,37,45
Halocynthiibacter arcticus,PAMC 20958,17,10,21,27
Halodesulfovibrio aestuarii,Sylt3,25,15,30,40
Halodesulfovibrio spirochaetisodalis,JC271,25,15,32.5,40
Halodesulfovibrio spirochaetisodalis,KCTC 15474T,25,15,30,40
Haloechinothrix alba,DSM 45207T,25,20,37,45
Haloferax alexandrinus,TM,35,20,37,55
Haloferax chudinovii,RS75,28,23,40,51
Haloferax denitrificans,S1,25,30,50,55
Haloferax elongans,JCM 14791T,25,30,53,55
Haloferax gibbonsii,Ma 2.38,30,25,40,55
Haloferax larsenii,ZJ206T,30,25,43.5,55
Haloferax larsenii,ZJ206,30,25,42,55
Haloferax lucentense,Aa 2.2,35,10,37,45
Haloferax massiliensis,Arc-Hr,20,25,37,45
Haloferax mediterranei,R-4,35,20,47,55
Haloferax mucosum,,32,23,47.5,55
Haloferax mucosum,JCM 14792T,32,23,42,55
Haloferax namakaokahaiae,Mke2.3,15,25,30,40
Haloferax prahovense,TL6T,28,23,38,51
Haloferax prahovense,TL6,28,23,38,51
Haloferax sulfurifontis,M6T,44,4,37,60
Haloferax sulfurifontis,M6,32,18,32,50
Haloferax volcanii,DS2,35,20,45,55
Haloferula chungangensis,CAU 1074,33,4,30,37
Haloferula harenae,,17,20,25,37
Haloferula harenae,YM23-227,17,20,25,37
Haloferula helveola,05IJR53-1,17,20,25,37
Haloferula luteola,YC6886,28,4,26.5,32
Haloferula luteola,KCTC 22447T,28,4,25,32
Haloferula phyci,,17,20,25,37
Haloferula phyci,AK18-024,17,20,25,37
Haloferula rosea,06SJR1-1,17,20,25,37
Haloferula sargassicola,MN1-1037,33,4,20,37
Halofilum ochraceum,XJ16,25,20,35,45
Halofilum ochraceum,XJ16T,25,20,37,45
Haloflavibacter putidus,PLHSN227T,22,15,30,37
Halogeometricum borinquense,PR 3,28,22,40,50
Halogeometricum limi,RO1-6,30,20,37,50
Halogeometricum pallidum,BZ256,20,25,30,45
Halogeometricum rufum,RO1-4,30,25,41,55
Halogeometricum rufum,RO1-4T,30,25,40,55
Haloglycomyces albus,YIM 92370,51,4,37,55
Haloglycomyces albus,DSM 45210T,25,15,37,40
Halogranum amylolyticum,,30,20,37,50
Halogranum gelatinilyticum,,30,20,37,50
Halogranum rubrum,RO2-11,30,20,37,50
Halogranum salarium,B-1,35,15,37,50
Halohasta litchfieldiae,tADL,20,25,30,45
Halohasta litorea,R30,25,25,40,50
Haloimpatiens lingqiaonensis,ZC-CMC3T,23,25,43,48
Haloincola saccharolytica,H150,20,25,40,45
Halolactibacillus alkaliphilus,H-5T,30,15,28,45
Halolactibacillus halophilus,M2-2T,40,5,30,45
Halolactibacillus halophilus,M2-2,35,5,30,40
Halolactibacillus miurensis,,40,5,37,45
Halolactibacillus miurensis,M23-1,40,5,37,45
Halolamina litorea,YJ-4,30,20,37,50
Halolamina pelagica,TBN21,25,25,37,50
Halolamina rubra,CBA1107,30,20,37,50
Halolamina salifodinae,,25,20,37,45
Halolamina salifodinae,JCM 18548T,25,20,37,45
Halolamina salina,,30,20,39.5,50
Halolamina salina,JCM 18549T,30,20,37,50
Halolamina salina,WSY15-H3,30,20,37,50
Halolamina sediminis,halo-7T,20,25,37,45
Halolatibacillus miurensis,DSM 17074T,40,5,30,45
Halomarina oriensis,KeC-11T,22,20,37,42
Halomarina rubra,ZS-47-S,30,20,37,50
Halomarina salina,ZS-57-S,35,20,30,55
Halomicroarcula amylolytica,CGMCC 1,30,20,42,50
Halomicroarcula limicola,YGHS32,30,20,37,50
Halomicroarcula pellucida,BNERC31T,30,25,40,55
Halomicroarcula salina,YGHS18,30,20,37,50
Halomicrobium katesii,CECT 7257T,15,35,37,50
Halomicrobium zhouii,TBN51T,35,20,42,55
Halomicrococcus hydrotolerans,CGMCC 1,35,20,37,55
Halomonas aestuarii,Hb3T,40,5,30,45
Halomonas aestuarii,Hb3,40,5,25,45
Halomonas aidingensis,Ad-1,41,4,30,45
Halomonas alimentaria,YKJ-16,41,4,30,45
Halomonas alkaliantarctica,of Pseudomonas halophila and transferred to the genus Halomonas as Halomonas utahensis nom,15,20,28,35
Halomonas alkaliantarctica,CRSS,27,10,30,37
Halomonas alkalicola,56-L4-10aEnT,22,15,29,37
Halomonas alkalicola,56-L4-10aEn,22,15,28,37
Halomonas alkaliphila,of Pseudomonas halophila and transferred to the genus Halomonas as Halomonas utahensis nom,15,20,28,35
Halomonas alkaliphila,18bAG,45,5,37,50
Halomonas alkalitolerans,15-13,40,10,35,50
Halomonas andesensis,LC6,41,4,30,45
Halomonas anticariensis,FP35,25,20,35,45
Halomonas arcis,CGMCC 1,44,4,30,48
Halomonas avicenniae,CECT 7193T,28,12,35,40
Halomonas axialensis,Althf1,36,-1,30,35
Halomonas beimenensis,BCRC 17999T,40,15,40,55
Halomonas boliviensis,LC1,40,0,25,45
Halomonas boliviensis,DSM 15516T,45,0,30,45
Halomonas borealis,ATF5.2,15,15,22,30
Halomonas campaniensis,of Pseudomonas halophila and transferred to the genus Halomonas as Halomonas utahensis nom,15,20,28,35
Halomonas campaniensis,5AG,33,10,37,43
Halomonas campisalis,of Pseudomonas halophila and transferred to the genus Halomonas as Halomonas utahensis nom,15,20,28,35
Halomonas campisalis,4A,46,4,30,50
Halomonas caseinilytica,AJ261,44,4,30,48
Halomonas cerina,CECT 7282T,41,4,32,45
Halomonas cerina,SP4,41,4,20,45
Halomonas cibimaris,10-C-3,20,15,25,35
Halomonas daqiaonensis,CGMCC 1,35,5,28,40
Halomonas daqingensis,DQD2-30T,40,10,30,50
Halomonas denitrificans,M29,45,5,25,50
Halomonas dongshanensis,yzlin-01T,30,10,25,40
Halomonas elongata,1H9,41,4,30,45
Halomonas endophytica,MC28T,35,10,40,45
Halomonas flava,YIM 94343,20,20,37,40
Halomonas fontilapidosi,CECT 7341T,30,15,45,45
Halomonas garicola,JJ-M1T,17,20,30,37
Halomonas glaciei,of Pseudomonas halophila and transferred to the genus Halomonas as Halomonas utahensis nom,15,20,28,35
Halomonas gomseomensis,,40,5,27.5,45
Halomonas gomseomensis,KCTC 12662T,40,5,25,45
Halomonas gudaonensis,of Pseudomonas halophila and transferred to the genus Halomonas as Halomonas utahensis nom,15,20,28,35
Halomonas gudaonensis,LMG 23610T,32,10,30,42
Halomonas halocynthiae,KMM 1376,28,7,26.5,35
Halomonas halodenitrificans,ATCC 13511,27,5,25,32
Halomonas halophila,CCM3662,30,15,30,45
Halomonas hamiltonii,,30,10,32.5,40
Halomonas hamiltonii,W1025,30,10,30,40
Halomonas heilongjiangensis,9寧2擔,35,10,25,45
Halomonas huangheensis,BJGMM-B45T,35,10,30,45
Halomonas hydrothermalis,Slthf2,38,2,30,40
Halomonas ilicicola,SP8T,17,25,37,42
Halomonas indalinina,CG2.1T,41,4,35,45
Halomonas janggokensis,M24,40,5,25,45
Halomonas johnsoniae,,30,10,30,40
Halomonas johnsoniae,T68687,30,10,30,40
Halomonas kenyensis,AIR-2,45,10,36,55
Halomonas koreensis,SS20T,37,10,35,47
Halomonas korlensis,XK1,39,4,30,43
Halomonas kribbensis,BH843T,30,10,33.5,40
Halomonas kribbensis,BH843,30,10,32,40
Halomonas lionensis,RHS90,41,4,30,45
Halomonas litopenaei,NBRC 111829T,41,4,28,45
Halomonas lutea,KCTC 12847T,41,4,37,45
Halomonas lutescens,Q1U,35,2,30,37
Halomonas lysinitropha,LMG 29450T,20,15,30,35
Halomonas malpeensis,YU-PRIM-29T,26,10,28,36
Halomonas marisflavae,SW32,33,4,28,37
Halomonas maura,S-31,30,10,32,40
Halomonas mongoliensis,Z-7009,35,15,36,50
Halomonas muralis,LMG 20969,25,10,25,35
Halomonas neptunia,Eplume1,36,-1,30,35
Halomonas nigrificans,LMG 29097T,26,4,25,30
Halomonas niordiana,ATF5.4,33,4,22,37
Halomonas nitroreducens,CECT 7281T,41,4,20,45
Halomonas olivaria,DSM 19074T,46,4,35,50
Halomonas organivorans,G-16.1T,30,15,37,45
Halomonas pellis,CGMCC 1,35,10,30,45
Halomonas piezotolerans,KCTC 72680T,41,4,30,45
Halomonas qiaohouensis,YIM QH88,35,10,25,45
Halomonas qijiaojingensis,YIM 93003,20,20,37,40
Halomonas radicis,CECT 9077T,22,15,30,37
Halomonas ramblicola,CECT 7896T,37,4,37,41
Halomonas ramblicola,RS-16,37,4,32,41
Halomonas rifensis,HK31T,20,25,32,45
Halomonas rifensis,HK31,17,25,32,42
Halomonas rituensis,KCTC 62530T,30,10,30,40
Halomonas sabkhae,5-3T,20,30,38.5,50
Halomonas sabkhae,5寧3擔,20,30,37,50
Halomonas saccharevitans,AJ275T,44,4,30,48
Halomonas salicampi,BH103,45,10,28,55
Halomonas salifodinae,CGMCC 1,44,4,30,48
Halomonas saliphila,LCB169T,42,10,30,52
Halomonas sediminicola,CPS11T,27,10,28,37
Halomonas sediminis,YIM-C248,31,4,25,35
Halomonas shantousis,SWA25,35,10,37,45
Halomonas shengliensis,CGMCC 1,32,10,30,42
Halomonas sinaiensis,Sharm,30,20,35,50
Halomonas smyrnensis,DSM 21644T,35,5,37,40
Halomonas socia,NY-011,30,10,30,40
Halomonas songnenensis,NEAU-ST10-39T,36,4,35,40
Halomonas stenophila,CECT 7744T,22,15,20,37
Halomonas stevensii,,30,10,32.5,40
Halomonas stevensii,S18214,30,10,30,40
Halomonas subterranea,CGMCC 1,44,4,30,48
Halomonas sulfidaeris,Esulfide1,36,-1,20,35
Halomonas tabrizica,TBZ21,30,10,30,40
Halomonas taeanensis,BH539T,35,10,35,45
Halomonas tibetensis,pyc13,27,10,30,37
Halomonas titanicae,BH1,38,4,30,42
Halomonas urmiana,DSM 22871T,35,10,30,45
Halomonas urumqiensis,BZ-SZ-XJ27T,39,4,39,43
Halomonas utahensis,DSM 3051,15,20,28,35
Halomonas ventosae,Al12T,35,15,32,50
Halomonas vilamensis,DSM 21020T,35,5,30,40
Halomonas xianhensis,A-1T,32,10,30,42
Halomonas xiaochaidanensis,CUG 00002,36,4,30,40
Halomonas xinjiangensis,TRM 0175,35,15,37,50
Halomonas zhanjiangensis,JSM 078169,36,4,25,40
Halomonas zhaodongensis,NEAU-ST10-25,56,4,35,60
Halomonas zhuhanensis,KCTC 62531T,25,15,30,40
Halomonas zincidurans,B6,33,4,35,37
Halonotius aquaticus,CECT 9386T,22,28,37,50
Halonotius pteroides,1.15.5T,20,25,37,45
Halonotius pteroides,1.15.5,20,25,45,45
Halonotius roseus,F9-27,25,25,37,50
Halonotius terrestris,F15B,25,25,37,50
Haloparvum alkalitolerans,MK62-1T,35,20,47.5,55
Haloparvum alkalitolerans,MK62-1,35,20,45,55
Haloparvum sedimenti,DYS4T,25,25,42,50
Halopelagius fulvigenes,YIM 94188,35,20,37,55
Halopelagius fulvigenes,JCM 17506T,35,20,42,55
Halopelagius inordinatus,RO5-2T,30,20,37,50
Halopelagius longus,BC12-B1T,35,20,48,55
Halopenitus malekzadehii,CC65,20,30,40,50
Halopenitus persicus,DC30,25,25,40,50
Halopenitus salinus,SKJ47,30,20,37,50
Halopeptonella vilamensis,SV525,25,10,25,35
Halopiger djelfimassiliensis,IIH2,18,37,40,55
Halopiger goleimassiliensis,IIH3,20,40,55,60
Halopiger salifodinae,KCY07-B2T,25,25,37,50
Halopiger thermotolerans,JCM 19583T,25,35,45,60
Halopiger xanaduensis,SH-6T,17,28,37,45
Haloplanus aerogenes,TBN37,25,25,38.5,50
Haloplanus aerogenes,TBN37T,25,25,40,50
Haloplanus litoreus,GX21,25,25,37,50
Haloplanus natans,RE-101T,15,37,40,52
Haloplanus rallus,MBLA0036T,40,15,37,55
Haloplanus ruber,R35,20,25,37,45
Haloplanus salinarum,SP28T,25,25,37,50
Haloplanus salinus,YGH66,30,20,37,50
Haloplanus vescus,RO5-8,20,30,40,50
Haloplasma contractile,SSD-17B,34,10,30,44
Halopolyspora alba,AFM 10251,30,20,45,50
Halopolyspora algeriensis,H195,25,20,30,45
Haloprofundus halophilus,NK23,25,25,37,50
Haloprofundus marisrubri,SB9T,40,10,33,50
Haloprofundus marisrubri,SB9,30,15,33,45
Haloquadratum walsbyi,C23T,20,25,37,45
Haloquadratum walsbyi,C23,20,25,45,45
Halorhabdus rudnickae,WSM-64,37.5,20,40,57.5
Halorhabdus tiamatea,SARL4B,40,15,45,55
Halorhabdus utahensis,AX-2,38,17,50,55
Halorientalis brevis,YC89,25,25,37,50
Halorientalis persicus,D108,20,30,40,50
Halorientalis regularis,CGMCC 1,30,20,37,50
Halorubellus litoreus,GX26,25,25,37,50
Halorubellus salinus,GX3,25,25,37,50
Halorubrum aethiopicum,SAH-A6,25,30,37,55
Halorubrum aidingense,,27,25,41,52
Halorubrum aidingense,CGMCC 1,27,25,40,52
Halorubrum alkaliphilum,DZ-1,24,20,38,44
Halorubrum amylolyticum,ZC67,22,28,38,50
Halorubrum aquaticum,CECT 7174T,25,25,35,50
Halorubrum arcis,AJ201T,30,25,42,55
Halorubrum californiense,CECT 7256T,17,25,37,42
Halorubrum chaoviator,Halo-G*T,22,28,37,50
Halorubrum cibi,B31,28,17,30,45
Halorubrum coriense,Ch2,26,30,50,56
Halorubrum depositum,Y78,25,25,38,50
Halorubrum distributum,1m,24,26,45,50
Halorubrum ejinorense,CECT 7194T,25,25,37,50
Halorubrum ezzemoulense,CECT 7099T,28,22,40,50
Halorubrum ezzemoulense,5.1,28,22,37,50
Halorubrum gandharaense,MK13-1,35,15,45,50
Halorubrum glutamatedens,ZY8,25,20,42,45
Halorubrum halodurans,Cb34T,25,20,37,45
Halorubrum halophilum,B8,25,20,35,45
Halorubrum kocurii,BG-1,30,25,37,55
Halorubrum lacusprofundi,ACAM34,36,4,36,40
Halorubrum laminariae,R60,30,20,30,50
Halorubrum lipolyticum,,33,25,46.5,58
Halorubrum lipolyticum,CGMCC 1,33,25,48,58
Halorubrum lipolyticum,44077,33,25,45,58
Halorubrum litoreum,CGMCC 1,35,20,42,55
Halorubrum litoreum,Fa-1,35,20,37,55
Halorubrum luteum,CGSA15T,24,17,35,41
Halorubrum luteum,CGSA15,24,17,33,41
Halorubrum orientale,EJ-52T,25,25,40,50
Halorubrum orientale,EJ-52,25,25,35,50
Halorubrum pallidum,PJ61T,20,25,38,45
Halorubrum persicum,C49T,41,4,37,45
Halorubrum persicum,C49,25,20,37,45
Halorubrum rubrum,YC87,30,20,37,50
Halorubrum rutilum,YJ-18-S1,35,20,37,55
Halorubrum saccharovorum,M6,26,30,50,56
Halorubrum salinum,GX71,20,25,30,45
Halorubrum salsamenti,Y69,25,25,42,50
Halorubrum sfaxense,ETD6,35,20,37,55
Halorubrum sodomense,RD26,30,20,40,50
Halorubrum tebenquichense,ALT6-92,15,35,40,50
Halorubrum terrestre,4p,22,28,37,50
Halorubrum terrestre,JCM 10247T,22,28,45,50
Halorubrum tibetense,8W8T,23,22,38.5,45
Halorubrum tibetense,8W8,23,22,37,45
Halorubrum trueperi,Y73T,25,25,43.5,50
Halorubrum trueperi,Y73,25,25,42,50
Halorubrum vacuolatum,M24,30,20,40,50
Halorubrum xinjiangense,BD-1T,44,10,40,54
Halorubrum yunnanense,Q85,25,25,42,50
Halorubrum yunnanense,CGMCC 1,25,25,42,50
Halorussus amylolyticus,YC93T,25,25,37,50
Halorussus litoreus,CGMCC 1,17,25,30,42
Halorussus rarus,TBN4,25,25,37,50
Halorussus ruber,YC25,25,25,37,50
Halorussus salinus,YJ-37-H,30,20,37,50
Halosarcina limi,RO1-6T,30,20,37,50
Halosarcina pallida,KCTC 4017T,20,25,30,45
Halosiccatus urmianus,DC8T,30,25,45,55
Halosimplex carlsbadense,1月29日,28,22,37,50
Halosimplex litoreum,YGH94,25,25,40,50
Halosimplex pelagicum,R2T,20,25,42,45
Halosimplex rubrum,,20,25,42,45
Halostagnicola alkaliphila,167-74T,35,20,37,55
Halostagnicola bangensis,T26T,15,30,37,45
Halostagnicola kamekurae,DSM 22427T,25,20,30,45
Halostagnicola larsenii,XH-48T,25,25,37,50
Halostella limicola,CGMCC 1,25,30,37,55
Halostella litorea,DLLS-108,30,20,37,50
Halostella pelagica,DL-M4,30,20,37,50
Halostella salina,CBA1114T,30,20,40,50
Halotalea alkalilenta,AW-7,40,5,32,45
Haloterrigena daqingensis,JX313T,30,20,35,50
Haloterrigena hispanica,DSM 18328T,23,37,50,60
Haloterrigena jeotgali,A29,33,17,37,50
Haloterrigena jeotgali,KCTC 4020T,33,17,45,50
Haloterrigena limicola,CGMCC 1,31,30,45,61
Haloterrigena longa,,26,30,43,56
Haloterrigena longa,CGMCC 1,26,30,45,56
Haloterrigena longa,ABH32,26,30,41,56
Haloterrigena mahii,H13T,20,35,45,55
Haloterrigena mahii,H13,20,35,45,55
Haloterrigena saccharevitans,AB14T,34,24,42,58
Haloterrigena salina,XH-65T,25,25,37,50
Haloterrigena thermotolerans,PR5,35,25,50,60
Haloterrigena turkmenica,4k,28,29,51,57
Halothermothrix orenii,H168,23,45,60,68
Halothiobacillus kellyi,Milos-BII1,45,4,37,49
Halothiobacillus neapolitanus,ATCC 23641,31,8,28,39
Halotolerantifilum yawarlongkerapense,DSM 117693T,38,4,37,42
Halovarius luteus,CECT 8510T,25,25,45,50
Halovenus aranensis,EB27T,25,25,40,50
Halovenus carboxidivorans,JCM 32474,30,30,50,60
Halovenus rubra,R28,25,25,42,50
Halovenus salina,ASP54T,20,20,37,40
Halovivax asiaticus,EJ-46T,20,25,37,45
Halovivax cerinus,IC35,20,30,40,50
Halovivax limisali,IC38T,20,25,35,45
Halovivax limisalsi,IC38,20,25,35,45
Halovivax ruber,XH-70T,20,25,37,45
Halovulum dunhuangense,LMG 27418T,35,10,30,45
Halovulum marinum,2CG4T,27,10,30,37
Hamadaea flava,YIM C0533,22,15,28,37
Hamadaea tsunoensis,,10,20,28,30
Hansschlegelia beijingensis,PG04T,15,25,30,40
Hansschlegelia plantiphila,S(1),25,12,29,37
Hansschlegelia quercus,CCUG 73648T,20,10,25,30
Hanstruepera crassostreae,KCTC 62247T,36,4,33,40
Hanstruepera neustonica,CC-PY-50,20,20,30,40
Haoranjiania flava,LIP-5T,26,16,30,42
Harryflintia acetispora,V20-281aT,32,20,39,52
Harryflintia acetispora,V20-281a,32,20,37,52
Hartmannibacter diazotrophicus,E19T,33,4,28,37
Hartmannibacter diazotrophicus,E19,15,22,28,37
Has genes,"Monostroma species, USA Surface seawater, South Pacific Gyre Umbonium species, Russia Activated sludge, Australia Activated sludge, Japan Activated sludge, Japan Activated sludge, USA Sulfidic well water, USA Activated sludge, USA Sulfidic lake water, Russia Sulfidic spring water, USA Activated sludge, USA",18,14,25,32
Hasllibacter halocynthiae,KME 002T,33,4,25,37
Hasllibacter halocynthiae,KME 002,22,13,25,35
Hathewaya histolytica,ATCC 19401T,7,30,37,37
Hathewaya histolytica,ATCC 19401,12,25,37,37
Hathewaya limosa,ATCC 25620,20,25,37,45
Hazenella coriacea,23436,23,22,43.5,45
Heavy metal-contaminated,"of Xinfangfangia soli , 95",12,20,28,32
Helcobacillus massiliensis,6401990T,19,25,37,44
Helicobacter cinaedi,,12,25,37,37
Helicobacter himalayensis,80(YS1)T,17,25,35,42
Helicobacter nemestrinae,T81213-NTB,7,35,35,42
Heliimonas saccharivorans,L2-4T,35,10,30,45
Heliobacterium chlorum,ATCC 35205,25,20,35,45
Heliobacterium modesticaldum,Ice1,26,30,52,56
Heliorestis acidaminivorans,HR10B,19,18,25,37
Heliothrix oregonensis,IS/F-I,21,35,40,56
Hellea balneolensis,26III/A02/215 T,22,15,30,37
Henriciella algicola,,30,10,30,40
Henriciella algicola,MCS27,30,10,20,40
Henriciella barbarensis,MCS23T,25,15,30,40
Henriciella barbarensis,MCS23,25,15,20,40
Henriciella litoralis,SD10,25,15,27.5,40
Henriciella litoralis,KACC 13700T,25,15,30,40
Henriciella marina,Iso4,27,10,20,37
Henriciella pelagia,LA220,25,15,37,40
Hephaestia caeni,ERB1-3,41,4,28,45
Herbaspirillum aquaticum,IEH 4430,25,10,25,35
Herbaspirillum aurantiacum,,19,15,28,34
Herbaspirillum canariense,,19,15,28,34
Herbaspirillum denitrificans,,32,10,30,42
Herbaspirillum frisingense,DSM 13128,7,30,30,37
Herbaspirillum lusitanum,P6-12,15,20,28,35
Herbaspirillum piri,KCTC 52804T,31,10,30,41
Herbaspirillum psychrotolerans,DSM 26001T,35,-5,20,30
Herbaspirillum rhizosphaerae,KCTC 12558T,36,4,25,40
Herbaspirillum rhizosphaerae,UMS-37,30,4,25,34
Herbaspirillum robiniae,JCM 31754T,41,4,30,45
Herbaspirillum robiniae,HZ10,41,4,25,45
Herbaspirillum seropedicae,ATCC 35892,16,22,34,38
Herbaspirillum soli,,14,20,28,34
Herbiconiux flava,NBRC 16403,32,5,28,37
Herbiconiux ginsengi,wged11,33,4,26,37
Herbiconiux moechotypicola,RB-62T,15,15,25,30
Herbiconiux salviae,KACC 21604T,20,10,28,30
Herbidospora cretacea,K-319,24,13,28,37
Herbidospora galbida,JCM 33459T,17,20,28,37
Herbidospora mongoliensis,MN08-A0118,15,15,28,30
Herbidospora mongoliensis,MN08-A0118T,15,15,25,30
Herbidospora osyris,YIM 65070,27,10,28,37
Herbidospora soli,PS42-9,15,15,30,30
Herbihabitans rhizosphaerae,CPCC 204279,20,20,28,40
Herbinix hemicellulosilytica,T3/55,17,45,55,62
Herbinix luporum,SD1D,25,40,55,65
Herbivorax saccincola,GGR1,20,45,60,65
Herminiimonas arsenicoxydans,DSM 17148T,26,4,25,30
Herminiimonas contaminans,CCUG 53591,22,15,28,37
Herminiimonas glaciei,UMB49T,34,1,30,35
Herminiimonas saxobsidens,NS11T,33,4,28,37
Hippea alviniae,DSM 24586T,30,45,60,75
Hippea jasoniae,Mar08-272rT,32,40,62.5,72
Hippea jasoniae,Mar08-272r,32,40,60,72
Hippea maritima,DSM 10411T,25,40,52,65
Hirschia litorea,KCTC 32081T,33,4,25,37
Hirschia maritima,GSW-2T,20,10,30,30
Histidinibacterium lentulum,KCTC 52553T,17,20,25,37
Hoeflea alexandrii,CECT 5682T,32,10,30,42
Hoeflea anabaenae,CCUG 56626T,16,18,30,34
Hoeflea halophila,JG120-1,15,15,25,30
Hoeflea marina,LMG 128T,33,4,28,37
Hoeflea olei,JC234T,15,20,30,35
Hoeflea phototrophica,DSM 17068T,8,25,31,33
Hoeflea phototrophica,DFL-43,18,15,31,33
Hoeflea poritis,E7-10T,23,18,28,41
Hoeflea suaedae,YC6898T,32,10,30,42
Holdemania massiliensis,AP2,12,25,37,37
Homoserinibacter gongjuensis,5GH26-15,25,15,28,40
Homoserinimonas aerilata,5317J-19,31,4,30,35
Homoserinimonas flava,TRA05-7T,36,4,28,40
Hongia koreensis,LM 161T,27,10,28,37
Hongiella halophila,DSM 15292T,35,5,35,40
Hongiella mannitolivorans,JC2050T,30,10,35,40
Hongiella marincola,SW-2T,35,10,37,45
Hongiella ornithinivorans,DSM 15282T,35,10,35,45
Hoppeia youngheungensis,YIK12,20,24,30,44
Hoskinsella mucinilytica,UGRO018_0423T,25,15,35,40
Hoyosella altamirensis,OFN S31T,17,20,28,37
Hoyosella rhizosphaerae,J12GA03,22,20,28,42
Hoyosella rhizosphaerae,DSM 101985T,22,20,37,42
Hoyosella subflava,DQS3-9A1,27,15,37,42
Huaishuia halophila,ZXM137T,41,4,28,45
Huakuichenia soli,LIP-1T,21,16,30,37
Huanghella arctica,R9-9T,26,4,21,30
Huanghella arctica,R9-9,26,4,20,30
Humibacillus xanthopallidus,KV-663T,25,7,27,32
Humibacillus xanthopallidus,KV-663,25,7,27,32
Humibacter albus,SC-083,14,22,30,36
Humibacter antri,D7-27,28,4,30,32
Humibacter aquilariae,CC-YTH161T,20,20,25,40
Humibacter ginsengisoli,,22,15,30,37
Humibacter ginsengiterrae,DCY60T,22,15,30,37
Humibacter soli,KCTC 39614T,17,20,30,37
Humicoccus flavidus,DS-52T,28,4,25,32
Hungate anaerobic,DSM 107278T,25,40,60,65
Hungate tubes,DSM 11002,25,20,42,45
Hungate tubes,DSM 107278T,25,40,55,65
Hungateiclostridium mesophilum,N2K1T,20,30,45,50
Hungatella effluvii,UB-B.2T,35,10,30,45
Hungatella efluvii,DSM 24995T,35,10,30,45
Hungatella hathewayi,1313,30,15,37,45
Hwangdonia lutea,SCSIO 19198T,22,15,32,37
Hwangdonia seohaensis,HD-3,33,4,30,37
Hwanghaeella grinnelliae,Gri0909T,27,10,30,37
Hwanghaeicola aestuarii,KACC 13705T,20,15,25,35
Hydrobacter penzbergensis,EM 4T,22,15,29,37
Hydrocarboniclastica marina,KCTC 62334T,36,4,28,40
Hydrocarboniphaga daqingensis,B2-9,27,10,20,37
Hydrogenibacillus schlegelii,DSM 2000,33,42,55,75
Hydrogenimonas cancrithermarum,JCM 39185T,25,30,43,55
Hydrogenimonas leucolamina,JCM 39184T,22,33,45,55
Hydrogenimonas thermophila,JCM 11971T,30,35,55,65
Hydrogenispora ethanolica,LX-BT,30,20,41,50
Hydrogenispora ethanolica,DSM 25471T,30,20,37,50
Hydrogenivirga caldilitoris,AB120294,22.5,55,75,77.5
Hydrogenivirga okinawensis,JCM 13302T,20,65,70,85
Hydrogenoanaerobacterium saccharovorans,SW512T,21,24,37,45
Hydrogenobacter halophilus,TH-112,15,60,70,75
Hydrogenobacter hydrogenophilus,INMI Z-829,32,50,74,82
Hydrogenobacter subterraneus,JCM 10560T,25,60,78,85
Hydrogenobacter thermophilus,TK-56,27.5,50,70,77.5
Hydrogenobaculum acidophilum,3H-1,32.5,45,65,77.5
Hydrogenophaga aquatica,CC-KL-3T,27,15,30,42
Hydrogenophaga aquaticaa,CC-KL-3T,27,15,25,42
Hydrogenophaga bisanensis,K102,31,15,30,46
Hydrogenophaga caeni,EMB71,20,15,30,35
Hydrogenophaga carboriunda,YZ2,26,4,30,30
Hydrogenophaga crassostreae,LPB0072T,31,4,25,35
Hydrogenophaga electricum,AR20,25,15,25,40
Hydrogenophaga laconesensis,HWB-10,27,15,25,42
Hydrogenophaga luteola,THG-SQE7,19,18,28,37
Hydrogenophaga soli,S10T,29,8,37,37
Hydrogenophaga temperata,TR7-01,22,20,30,42
Hydrogenophilus hirschii,DSM 11420T,17,50,63,67
Hydrogenophilus islandicus,16CT,25,35,55,60
Hydrogenophilus islandicus,16C,30,35,55,65
Hydrogenothermus marinus,VM1,35,45,65,80
Hydrogenovibrio halophilus,HL 5,23,20,30,43
Hydrogenovibrio kuenenii,JB-A1,38,4,29,42
Hydrogenovibrio thermophilus,I78,40,15,35,55
Hydrolyses casein,DSM 3695T,33,4,25,37
Hydrolyses starch,AY486133,25,20,37,45
Hydromonas duriensis,A2P5T,15,15,30,30
Hydrotalea flava,CCUG 51397,17,20,30,37
Hydrotalea sandarakina,AF-51T,35,20,45,55
Hydrotalea sandarakina,AF-51,27.5,25,45,52.5
Hymenobacter actinosclerus,CCUG 39621,37,5,25,42
Hymenobacter agri,S1-2-1-2-1,20,10,25,30
Hymenobacter aquaticus,16F3PT,15,15,25,30
Hymenobacter aquatilis,HMF3095T,27,10,25,37
Hymenobacter aquatilis,HMF3095,27,10,25,37
Hymenobacter arcticus,R2-4,26,4,21,30
Hymenobacter arcticus,R2-4T,26,4,20,30
Hymenobacter artigasi,1BT,20,0,10,20
Hymenobacter cavernae,K1E01-27,31,4,15,35
Hymenobacter coalescens,KCTC 32530T,36,4,30,40
Hymenobacter crusticola,MIMBbqt21T,25,4,24,29
Hymenobacter daeguensis,16F3Y-2,15,15,25,30
Hymenobacter daejeonensis,PB105,22,8,30,30
Hymenobacter defluvii,POA9,25,10,25,35
Hymenobacter deserti,ZLB-3T,36,4,30,40
Hymenobacter edaphi,KCTC 62521T,33,4,28,37
Hymenobacter frigidus,B1789,20,0,12.5,20
Hymenobacter frigidus,JCM 30595T,15,5,15,20
Hymenobacter ginkgonis,HMF4947T,20,10,30,30
Hymenobacter ginsengisoli,DCY57T,30,4,30,34
Hymenobacter glacialis,,24,1,15,25
Hymenobacter glacieicola,B1909T,26,4,10,30
Hymenobacter gummosus,ANT-18T,17,20,25,37
Hymenobacter humi,DG31A,15,15,25,30
Hymenobacter kanuolensis,T-3T,33,4,30,37
Hymenobacter koreensis,KACC 16451T,20,10,25,30
Hymenobacter lapidarius,,24,1,15,25
Hymenobacter latericoloratus,YIM 77920,30,5,25,35
Hymenobacter luteus,YIM 77921,30,5,25,35
Hymenobacter marinus,KJ035T,33,4,30,37
Hymenobacter marinus,KJ035,20,10,30,30
Hymenobacter metallilatus,JCM 32699T,20,10,28,30
Hymenobacter monticola,XF-6RT,26,4,25,30
Hymenobacter mucosus,YIM 77969,30,5,25,35
Hymenobacter mucosus,YIM 77969T,30,5,20,35
Hymenobacter nivis,P3,25,0,15,25
Hymenobacter pallidus,LYH-12,27,10,25,37
Hymenobacter pallidus,BCRC 80919T,27,10,20,37
Hymenobacter paludis,KBP-30,27,10,20,37
Hymenobacter pedocola,KCTC 52730T,26,4,25,30
Hymenobacter perfusus,A2-12,26,4,25,30
Hymenobacter profundi,M2T,29,4,25,33
Hymenobacter psychrophilus,BZ33r,24,1,1,25
Hymenobacter psychrotolerans,Tibet-IIU11T,33,4,18,37
Hymenobacter psychrotolerans,Tibet-IIU11,24,4,18,28
Hymenobacter qilianensis,DK6-37,36,4,28,40
Hymenobacter rigui,WPCB131T,33,4,30,37
Hymenobacter rivuli,TAPP3,15,20,27.5,35
Hymenobacter rivuli,TAPP3T,15,20,30,35
Hymenobacter roseus,JC245T,38,2,18,40
Hymenobacter ruber,PB156,26,4,20,30
Hymenobacter rubidus,DG7B,18,12,25,30
Hymenobacter rubripertinctus,NY03-3-30T,24,4,20,28
Hymenobacter rufus,KCTC 52736T,26,4,25,30
Hymenobacter rutilus,K2-33028,33,4,28,37
Hymenobacter saemangeumensis,KACC 16452T,15,15,25,30
Hymenobacter sedentarius,DG5B,20,10,25,30
Hymenobacter sediminis,ELS1360T,33,4,33,37
Hymenobacter seoulensis,16F7G,22,15,25,37
Hymenobacter setariae,KACC 19903T,33,4,25,37
Hymenobacter swuensis,DY53T,26,4,30,30
Hymenobacter tenuis,POB6,25,10,30,35
Hymenobacter terrae,DG7A,18,12,25,30
Hymenobacter terrenus,MIMtkLc17T,33,2,28,35
Hymenobacter wooponensis,WM78T,38,4,30,42
Hymenobacter wooponensis,WM78,27,10,30,37
Hymenobacter xinjiangensis,X2-1gT,33,4,28,37
Hymenobacter yonginensis,HMD1010,20,10,25,30
Hypericibacter adhaerens,DSM 109817T,16,24,33,40
Hypericibacter adhaerens,R5959,16,24,33,40
Hypericibacter terrae,DSM 109816T,26,10,27,36
Hypericibacter terrae,R5913,16,20,27,36
Hypersaline habitats,of Pseudomonas halophila and transferred to the genus Halomonas as Halomonas utahensis nom,15,20,28,35
Hyperthermus butylicus,DSM 5456,36,72,95,108
Hyperthermus hephaesti,Ro04,15,82,90,97
Hyphobacterium indicum,2ED5T,30,10,28,40
Hyphobacterium vulgare,WM6T,35,10,30,45
Hyphobacterium vulgare,WM6,35,10,35,45
Hyphococcus flavus,HSF6,22,15,30,37
Hyphococcus flavus,KCTC 52486T,22,15,35,37
Hyphomicrobium methylovorum,DSM 5458,19,14,28,33
Hyphomicrobium nitrativorans,NL23T,20,15,30,35
Hyphomicrobium sulfonivorans,S1,22,15,30,37
Hyphomonas adhaerens,,12,25,30,37
Hyphomonas atlantica,22II1-22F38,27,10,25,37
Hyphomonas beringensis,25B14_1,33,4,25,37
Hyphomonas chukchiensis,BH-BN04-4,27,10,25,37
Hyphomonas jannaschiana,VP2,10,31,37,41
Hyphomonas johnsonii,,12,25,30,37
Hyphomonas rosenbergii,ATCC 43869,20,25,30,45
Hypnocyclicus thermotrophus,IR-2T,35,20,48,55
Hyunsoonleella jejuensis,CNU004T,20,15,32.5,35
Hyunsoonleella jejuensis,CNU004,20,15,30,35
Hyunsoonleella pacifica,SW033T,25,10,28,35
Hyunsoonleella rubra,FA042T,22,15,33,37
Hyunsoonleella udonensis,JG48,27,10,25,37
Iamia majanohamensis,F12T,35,10,29,45
Ichthyenterobacterium magnum,Th6T,16,16,28,32
Ichthyobacterium seriolicida,JBKA-6,10,18,26,28
Identify service,Cd-10T,12,20,28,32
Ideonella paludis,KBP-31T,27,10,25,37
Ideonella sakaiensis,NBRC 110686T,27,15,30,42
Ideonella sakaiensis,201-F6,22,15,30,37
Idiomarina abyssalis,,26,4,21,30
Idiomarina abyssalis,KMM 227,26,4,20,30
Idiomarina aestuarii,KYW314,27,10,30,37
Idiomarina andamanensis,W5,30,15,28,45
Idiomarina aquatica,SN-14T,35,5,37,40
Idiomarina aquimaris,SW15T,35,10,25,45
Idiomarina aquimaris,SW15,35,10,20,45
Idiomarina atlantica,G5_TVMV8_7,41,4,25,45
Idiomarina baltica,OS145,38,8,20,46
Idiomarina donghaiensis,908033,30,15,37,45
Idiomarina fontislapidosi,F23T,41,4,32,45
Idiomarina halophila,BH195T,51,4,30,55
Idiomarina homiensis,KACC 11514T,41,4,25,45
Idiomarina indica,SW104T,38,12,36,50
Idiomarina indica,SW104,38,12,35,50
Idiomarina insulisalsae,CVS-6,35,10,37,45
Idiomarina loihiensis,L2-TRT,42,4,30,46
Idiomarina mangrovi,ZQ330T,30,10,30,40
Idiomarina marina,PIM1,32,10,30,42
Idiomarina maris,CF12-14T,38,4,30,42
Idiomarina piscisalsi,TPS4-2,20,25,30,45
Idiomarina planktonica,TS-T11,36,4,30,40
Idiomarina ramblicola,CECT 5858T,25,15,32,40
Idiomarina ramblicola,R22,26,14,32,40
Idiomarina salinarum,KCTC 12971T,38,4,30,42
Idiomarina salinarum,ISL-52,38,4,37,42
Idiomarina sediminum,c121,29,13,30,42
Idiomarina seosinensis,CL-SP19T,36,4,32.5,40
Idiomarina seosinensis,CL-SP19,36,4,30,40
Idiomarina tainanensis,PIN1,32,10,30,42
Idiomarina taiwanensis,PIT1,27,15,30,42
Idiomarina tyrosinivorans,CC-PW-9T,20,20,30,40
Idiomarina tyrosinivorans,CC-PW-9,20,20,37,40
Idiomarina woesei,W11,35,10,30,45
Idiomarina xiamenensis,10-D-4,38,4,25,42
Idiomarina zobellii,,26,4,21,30
Idiomarina zobellii,KMM 231,26,4,20,30
Ignatzschineria indica,FFA1,41,4,37,45
Ignatzschineria larvae,L1/68,41,4,28,45
Ignatzschineria ureiclastica,FFA3,41,4,37,45
Ignavibacterium album,Mat9-16T,25,30,45,55
Ignicoccus hospitalis,DSM 18386T,25,73,90,98
Ignicoccus islandicus,Kol8,28,70,90,98
Ignicoccus pacificus,,28,70,90,98
Ignicoccus pacificus,LPC33,23,75,90,98
Ignisphaera aggregans,DSM 17230T,13,85,92,98
Ileibacterium valens,NYU-BL-A3,7,30,37,37
Ilyobacter delafieldii,10cr1,31,10,40,41
Ilyobacter polytropus,CuHbu1,25,10,30,35
Ilyomonas limi,17mud1-8,30,10,28,40
Imhoffiella purpurea,JCM 18851T,17,20,30,37
Immundisolibacter cernigliae,TR3.2,16,20,29,36
Immundisolibacter cernigliae,DSM 103040T,16,20,28,36
Imtechella halotolerans,K1,25,20,30,45
Indibacter alkaliphilus,KCTC 22604T,25,15,30,40
Indioceanicola profundi,DSM 105146T,25,20,28,45
Inhella crocodyli,BCRC 81120T,17,20,25,37
Inhella fonticola,TNR-25,25,15,25,40
Inhella inkyongensis,IMCC1713,15,15,25,30
Initial concentrations,SYRT,20,20,35,40
Inmirania thermothiophila,S2479T,33,35,65,68
Inquilinus ginsengisoli,Gsoil 080,15,15,30,30
Insolitispirillum peregrinum,LMG 4340,24,15,28,39
Insulambacter thermoxylanivorax,JCM 34211T,23,37,55,60
Intestinimonas butyriciproducens,SRB-521-5-IT,20,25,37,45
Intrasporangium chromatireducens,Q5-1,35,10,37,45
Intrasporangium mesophilum,YIM 49065,17,20,28,37
Investigation into,FH042T,25,10,30,35
Iodidimonas muriae,C-3T,36,4,30,40
Iodobacter arcticus,M4-16T,26,4,18,30
Iodobacter ciconiae,KCTC 62666T,26,4,15,30
Iodobacter limnosediminis,E1T,24,4,18,28
Isachenkonia alkalipeptolytica,Z-1701T,33,10,37,43
Isolates obtained,B1,25,20,30,45
Isolates were,DSM 14954T,19,19,30,38
Isolates were,WS4937T,27,12,29,39
Isolates were,B1,25,20,30,45
Isoptericola chiayiensis,06182M-1T,25,15,30,40
Isoptericola cucumis,AP-38T,33,4,28,37
Isoptericola cucumis,AP-38,35,10,28,45
Isoptericola dokdonensis,DS-3,41,4,30,45
Isoptericola dokdonensis,KCTC 19128T,30,10,30,40
Isoptericola halotolerans,YIM 70177,41,4,28,45
Isoptericola hypogeus,HKI 0342,30,10,28,40
Isoptericola jiangsuensis,DSM 21863T,32,10,30,42
Isoptericola luteus,DSM 110637T,36,4,28,40
Isoptericola nanjingensis,H17T,27,10,30,37
Isoptericola rhizophila,BKS 3-46,12,25,30,37
Isoptericola salitolerans,TRM F109,22,18,30,40
Isosphaera pallida,IS1B,21,34,41,55
Its genome,3753OT,18,42,50,60
Izhakiella australiensis,D4N98T,27,10,25,37
Izhakiella australiensis,D4N98,27,10,25,37
Izhakiella capsodis,N6PO6T,36,1,29,37
Jaminaea angkorensis,C5bT,5,25,30,30
Janibacter alkaliphilus,SCSIO 10480,20,20,25,40
Janibacter anophelis,H2.16B,20,20,35,40
Janibacter brevis,10N,35,4,26.5,39
Janibacter corallicola,04PA2-Co5-61,22,16,23,38
Janibacter cremeus,HR08-44,20,10,25,30
Janibacter hoylei,PVAS-1T,20,20,30,40
Janibacter indicus,0704P10-1,25,15,29,40
Janibacter indicus,LMG 27493T,25,15,28,40
Janibacter melonis,CM2104,30,10,30,40
Janibacter terrae,DPO 210,15,25,30,40
Jannaschia aquimarina,GSW-M26,22,15,30,37
Jannaschia confluentis,JSSK-16,27,10,30,37
Jannaschia cystaugens,CFPB-A9T,25,5,25,30
Jannaschia donghaensis,DSW-17T,28,4,25,32
Jannaschia faecimaris,HD-22T,31,4,25,35
Jannaschia formosa,12N15T,30,10,28,40
Jannaschia helgolandensis,Hel 10T,15,15,25,30
Jannaschia pohangensis,KACC 11609T,30,5,30,35
Jannaschia seohaensis,SMK-146,39,4,30,43
Jannaschia seosinensis,CL-SP26T,30,5,32.5,35
Jannaschia seosinensis,CL-SP26,30,5,30,35
Janthinobacterium agaricidamnosum,DSM 9628,28,2,25,30
Janthinobacterium fluminis,KACC 22886T,24,4,20,28
Jatrophihabitans endophyticus,S9-650T,10,20,30,30
Jatrophihabitans fulvus,PB158,17,20,30,37
Jatrophihabitans huperziae,CPCC 204076,27,10,32,37
Jatrophihabitans soli,KIS75-12,22,15,29,37
Jatrophihabitans soli,KACC 17298T,22,15,28,37
Jatrophihabitans telluris,KCTC 39922T,20,10,25,30
Jejuia pallidilutea,EM39T,20,15,27.5,35
Jejuia pallidilutea,EM39,20,15,25,35
Jeongeupia chitinilytica,BCRC 80367T,17,20,30,37
Jeongeupia chitinilytica,Jchi,17,20,25,37
Jeongeupia naejangsanensis,BIO-TAS4-2T,40,10,30,50
Jeotgalibaca caeni,KCTC 43533T,22,15,30,37
Jeotgalibaca ciconiae,H21T32T,27,10,30,37
Jeotgalibaca dankookensis,EX-07,27,10,28,37
Jeotgalibacillus alimentarius,YKJ-13,35,10,32.5,45
Jeotgalibacillus alkaliphilus,JC303,20,25,32.5,45
Jeotgalibacillus alkaliphilus,KCTC 33662T,20,25,30,45
Jeotgalibacillus campisalis,SF-57,35,4,30,39
Jeotgalibacillus malaysiensis,D5,46,4,37,50
Jeotgalibacillus proteolyticus,KCTC 33930T,30,10,33,40
Jeotgalibacillus salarius,ASL-1,36,4,30,40
Jeotgalibacillus soli,P9,25,15,35,40
Jeotgalibacillus terrae,,35,10,32.5,45
Jeotgalicoccus halophilus,C1-52T,36,4,30,40
Jeotgalicoccus halophilus,C1-52,36,4,30,40
Jeotgalicoccus halotolerans,YKJ-101T,38,4,32.5,42
Jeotgalicoccus halotolerans,YKJ-101,38,4,30,42
Jeotgalicoccus huakuii,JCM 15687T,37,5,37,42
Jeotgalicoccus huakuii,NY-,37,5,28,42
Jeotgalicoccus marinus,JSM 076033,35,10,25,45
Jeotgalicoccus marinus,DSM 19772T,35,10,30,45
Jeotgalicoccus nanhaiensis,JSM 077023,41,4,30,45
Jeotgalicoccus psychrophilus,,30,4,22.5,34
Jeotgalicoccus psychrophilus,JCM 11199T,30,4,20,34
Jeotgalicoccus schoeneichii,140805-STR-02,38,4,37,42
Jhaorihella thermophila,CC-MHSW-1,30,25,37,55
Jiangella alba,YIM 61503,30,15,28,45
Jiangella alkaliphila,D8-87T,17,20,30,37
Jiangella mangrovi,3SM4-07T,17,20,30,37
Jiangella rhizosphaerae,JCM 32551T,25,20,28,45
Jiella aquimaris,LZB041T,38,4,28,42
Jiella endophytica,CBS5Q-3,32,10,30,42
Jiella marina,KCTC 82884T,25,20,28,45
Jindonia aestuariivivens,JDTF-65,20,10,25,30
Jiulongibacter sediminis,KCTC 42153T,22,15,25,37
Jonesia luteola,YIM 93067,35,5,30,40
Jonquetella anthropi,ADV 126T,5,37,37,42
Joostella marina,KCTC 12518T,27,10,30,37
Kaistella koreensis,Chj707T,7,30,30,37
Kaistella polysaccharea,GW4-15T,26,4,28,30
Kaistia algarum,LYH11T,32,5,30,37
Kaistia dalseonensis,,19,18,30,37
Kaistia dalseonensis,B6-8,19,18,28,37
Kaistia defluvii,B6-12,20,10,29,30
Kaistia geumhonensis,,19,18,30,37
Kaistia geumhonensis,B1-1,19,18,28,37
Kaistia granuli,Ko04T,12,18,30,30
Kaistia hirudinis,E94T,22,15,27.5,37
Kaistia hirudinis,E94,22,15,25,37
Kaistia soli,5YN9-8,35,5,29,40
Kaistia soli,KACC 12605T,35,5,28,40
Kaistia terrae,5YN7-3,30,5,30,35
Kallipyga gabonensis,GM4,17,28,37,45
Kallipyga massiliensis,ph2,8,37,37,45
Kallotenue papyrolyticum,JKG1,20,45,55,65
Kandeliimicrobium roseum,XY-R6T,34,8,28,42
Kangiella aquimarina,KCTC 12183T,38,10,37,48
Kangiella chungangensis,CAU 1040,20,20,37,40
Kangiella geojedonensis,YCS-5,30,10,30,40
Kangiella japonica,JCM 16211T,36.5,4,28,42
Kangiella japonica,KMM 3899,38,4,28,42
Kangiella koreensis,KCTC 12182T,39,4,30,43
Kangiella marina,,25,15,25,40
Kangiella marina,KM1,25,15,25,40
Kangiella profundi,FT102,40,10,37,50
Kangiella sediminilitoris,Mw22,30,10,30,40
Kangiella taiwanensis,KT1T,25,15,25,40
Kangiella taiwanensis,KT1,25,15,25,40
Kangsaoukella pontilimi,KCTC 72224T,20,20,30,40
Keratinibaculum paraultunense,KD-1,35,30,55,65
Kerstersia gyiorum,LMG 5906,14,28,37,42
Ketobacter alkanivorans,KCTC 52659T,22,18,25,40
Ketobacter nezhaii,KCTC 72247T,22,15,28,37
Kibdelosporangium albatum,ATCC 55061,28,17,37,45
Kibdelosporangium kanagawaense,K08-0175,22,16,24,38
Kibdelosporangium lantanae,XMU 506,17,20,28,37
Kibdelosporangium metalli,KC 266T,20,20,28,40
Kibdelosporangium philippinense,A80407,20,20,30,40
Kibdelosporangium phytohabitans,KLBMP 1111,22,15,28,37
Kibdelosporangium rhizosphaerae,K10-0543,20,16,28,36
Kibdelosporangium rhizovicinum,K12-0791,22,14,22,36
Kiloniella antarctica,soj2014T,30,0,25,30
Kiloniella laminariae,LD81T,36,4,25,40
Kiloniella litopenaei,P1-1,22,15,28,37
Kiloniella majae,M56.1,33,4,25,37
Kiloniella spongiae,MEBiC09566T,20,11,25,31
Kineobactrum sediminis,KCTC 52616T,25,15,35,40
Kineococcus aurantiacus,RA 333,27,9,28,36
Kineococcus aureolus,,35,10,30,45
Kineococcus aureolus,KCTC 39739T,35,10,25,45
Kineococcus glutinatus,YIM 75677,43,12,28,55
Kineococcus gynurae,KKD096T,20,14,26.5,34
Kineococcus gynurae,KKD096,20,14,25,34
Kineococcus gypseus,YIM 121300,15,20,30,35
Kineococcus mangrovi,L2-1-L1,15,17,20,32
Kineococcus marinus,KST3-3T,33,4,30,37
Kineococcus terrestris,,40,5,30,45
Kineococcus terrestris,KCTC 39738T,40,5,25,45
Kineococcus terreus,KCTC 39738T,40,5,25,45
Kineococcus xinjiangensis,S2-20T,26,14,37,40
Kineosphaera limosa,Bacillussp. SIT1,25,10,30,35
Kineosporia mesophila,YIM 65293,22,10,28,32
Kineothrix alysoides,KNHs209T,25,15,37.5,40
Kineothrix alysoides,KNHs209,25,15,35,40
Kingella indologenes,NCTC 10717,15,22,30,37
Kingella negevensis,Sch538T,8,29,37,37
Kinoethrix alysoides,,25,15,40,40
Kistimonas alittae,BGP-2T,27,10,30,37
Kistimonas asteriae,KMD 001T,15,15,25,30
Kistimonas scapharcae,A36T,35,10,37,45
Kitasatospora arboriphila,HKI 0189,25,15,30,40
Kitasatospora atroaurantiaca,NBRC 14327,27,10,20,37
Kitasatospora gansuensis,,26,6,25,32
Kitasatospora gansuensis,HKI 0314,26,6,25,32
Kitasatospora kazusensis,SK60,25,15,28,40
Kitasatospora nipponensis,,22,10,26.5,32
Kitasatospora nipponensis,HKI 0315,22,10,25,32
Kitasatospora paranensis,,27,10,25,37
Kitasatospora paranensis,HKI 0190,27,10,25,37
Kitasatospora putterlickiae,F18-98T,27,10,30,37
Kitasatospora putterlickiae,F18-98,27,10,28,37
Kitasatospora saccharophila,SK15,22,15,28,37
Kitasatospora terrestris,,25,15,30,40
Kitasatospora terrestris,HKI 0186,25,15,28,40
Klebsiella michiganensis,W14,35,10,35,45
Klebsiella quasipneumoniae,01A030,30,11,37,41
Klenkia marina,YIM M13156,10,20,25,30
Klenkia soli,PB34,26,4,30,30
Klenkia taihuensis,3-wff-81,33,4,28,37
Klenkia terrae,PB261,26,4,30,30
Klugiella xanthotipulae,44C3T,26,4,28,30
Kluyvera intermedia,ATCC 33110,7,30,35,37
Knoellia aerolata,5317S-21T,30,5,30,35
Knoellia flava,TL1T,33,4,28,37
Knoellia locipacati,DMZ1,27,10,30,37
Kocuria aegyptia,YIM 70003,28,4,28,40
Kocuria aegyptia,CIP 107966T,20,20,28,40
Kocuria arsenatis,CM1E1,24,20,28,44
Kocuria assamensis,S9-65,12,25,30,37
Kocuria atrinae,P30,12,25,30,37
Kocuria coralli,DSM 27811T,30,10,30,40
Kocuria dechangensis,NEAU-ST5-33T,46,4,35,50
Kocuria gwangalliensis,SJ2T,27,10,27,37
Kocuria halotolerans,YIM 90716,41,4,37,45
Kocuria himachalensis,K07-05,10,20,28,30
Kocuria indica,NIO-1021,22,15,30,37
Kocuria indica,DSM 25126T,22,15,30,37
Kocuria koreensis,KCTC 19595T,22,15,37,37
Kocuria oceani,FXJ8.095T,35.5,2,16,40
Kocuria oceani,FXJ8.095,36,4,25,40
Kocuria palustris,DSM11925,20,10,28,30
Kocuria palustris,DSM 11925T,30,10,28,40
Kocuria pelophila,RS-2-3,22,15,28,37
Kocuria pelopila,RS-2-3T,22,15,28,37
Kocuria polaris,CMS 76orT,25,5,20,30
Kocuria rhizophila,DSM 11926T,30,10,28,40
Kocuria salina,Hv14bT,35,5,28,40
Kocuria salsicia,KACC 21128T,22,15,30,37
Kocuria sediminis,FCS-11,12,25,30,37
Kocuria soli,M5W7-7T,27,10,37,37
Kocuria subflava,YIM 13062,35,5,28,40
Kordia algicida,KCTC 8814PT,35,5,30,40
Kordia antarctica,IMCC3317,26,4,20,30
Kordia aquimaris,CC-AMZ-301T,30,10,30,40
Kordia aquimaris,CC-AMZ-301,15,20,30,35
Kordia periserrulae,IMCC1412T,38,4,30,42
Kordia periserrulae,IMCC1412,33,4,30,37
Kordia ulvae,SC2,22,15,30,37
Kordia zhangzhouensis,JS14SB-1T,23,15,28,38
Kordia zosterae,ZO2-23T,33,4,25,37
Kordia zosterae,ZO2-23,25,10,25,35
Kordiimonas aestuarii,KACC 16184T,25,15,30,40
Kordiimonas aquimaris,MEBiC06554,24.5,10.5,20,35
Kordiimonas gwangyangensis,JCM 12864T,27,17,37,44
Kordiimonas lacus,S3-22T,38.5,4,35,48
Kordiimonas lacus,S3-22,33,10,30,43
Kordiimonas lipolytica,M41T,30,15,30,45
Kordiimonas pumila,N18T,27,10,28,37
Kordiimonas sediminis,N39,38,4,35,42
Koreibacter algae,DSW-2T,31.5,4,30,40
Kosakonia oryzae,Ola 51,30,10,28,40
Kosakonia oryziphila,REICA_142,27,15,28,42
Kosakonia styphnolobii,H02T,30,15,25,45
Kosmotoga arenicorallina,S304,15,50,60,65
Kosmotoga olearia,TBF 19.5.1T,60,20,65,80
Kosmotoga pacifica,SLHLJ1,45,33,70,78
Kosmotoga shengliensis,2SM-2,30,45,65,75
Krasilnikoviella muralis,JCM 28789T,30,10,25,40
Krasilnikoviella muralis,T6220-5-2b,33,4,25,37
Kribbella aluminosa,HKI 0478,17,20,28,37
Kribbella amoyensis,XMU 198T,27,10,28,37
Kribbella catacumbae,,20,10,28,30
Kribbella deserti,SL15-1,30,10,30,40
Kribbella ginsengisoli,Gsoil 001T,41,4,30,45
Kribbella hippodromi,S1.4T,17,20,30,37
Kribbella italica,BC637,10,20,30,30
Kribbella jejuensis,,9,28,28,37
Kribbella jiaozuonensis,CGMCC 4,22,15,28,37
Kribbella lupini,DSM 16683T,25,12,28,37
Kribbella mirabilis,XMU 706,15,15,29,30
Kribbella mirabilis,KCTC 29676T,15,15,28,30
Kribbella monticola,NEAU-SW521T,22,15,28,37
Kribbella sancticallisti,BC633,27,10,28,37
Kribbella sandramycini,ATCC 39419,17,20,28,37
Kribbella sindirgiensis,FSN23,17,20,30,37
Kribbella swartbergensis,HMC25,25,20,30,45
Kribbella turkmenica,JCM 32914T,17,20,28,37
Kribbella yunnanensis,YIM 30006,8,20,28,28
Kribbia dieselivorans,N113T,34,8,30,42
Kriegella aquimaris,KCTC 22188T,33,4,25,37
Krokinobacter diaphorus,,10,15,20,25
Krokinobacter eikastus,,10,15,20,25
Krokinobacter genikus,Cos-13,10,15,20,25
Kroppenstedtia eburnea,DSM 45196T,25,25,45,50
Kroppenstedtia guangzhouensis,GD02T,30,30,50,60
Ktedonobacter racemifer,SOSP1-21,23,17,28,40
Ktedonosporobacter rubrisoli,SCAWS-G2,20,25,28,45
Kurthia huakuii,JCM 19187T,35,10,30,45
Kurthia massiliensis,JC30,30,25,37,55
Kurthia populi,10y-14,35,10,30,45
Kurthia ruminicola,H31022,22,20,25,42
Kurthia senegalensis,JC8E,25,25,37,50
Kushneria aurantia,A10T,20,20,37,40
Kushneria avicenniae,MW2a,28,12,30,40
Kushneria endophytica,CECT 9075T,33,4,30,37
Kushneria konosiri,KACC 14623T,27,10,25,37
Kushneria marisflavi,SW32,33,4,25,37
Kushneria pakistanensis,NCCP-934,30,10,30,40
Kushneria phyllosphaerae,EAod3T,33,4,30,37
Kushneria sinocarnis,Z35T,38,4,37,42
Kutzneria buriramensis,A-T 1846,12,25,28,37
Kutzneria chonburiensis,SMC 256T,17,20,25,37
Kutzneria chonburiensis,SMC 256,17,20,25,37
Kyrpidia spormannii,DSM 106492T,20,45,55,65
Kyrpidia tusciae,T2,18,47,55,65
Kytococcus schroeteri,Muenster 2000,16,27,37,43
Labedaea rhizosphaerae,RS-49T,38,4,30,42
Labedaea rhizosphaerae,RS-49,17,25,30,42
Labedella endophytica,EGI 6500705,35,10,25,45
Labedella gwakjiensis,KSW2-17T,41,4,30,45
Labedella phragmitis,11W25H-1,30,10,28,40
Labedella populi,8H24J-4-2,30,10,30,40
Labilibacter aurantiacus,HQYD1T,33,4,28,37
Labilibacter marinus,CICC 10837T,29,4,28,33
Labilibacter sediminis,JCM 33138T,33,4,30,37
Labilibaculum filiforme,59.16B,15,10,20,25
Labilibaculum manganireducens,59.10-2M,26,4,30,30
Labilithrix luteola,B00002,15,15,20,30
Laboratory autecological,None__27,25,12,28,37
Labrenzia aggregata,JCM 30603T,22,20,30,42
Labrenzia alba,JCM 30603T,22,20,30,42
Labrenzia alexandrii,DFL-11T,19,15,26,34
Labrenzia polysiphoniae,KMM 9699,32,7,28,39
Labrenzia suaedae,YC6927T,22,15,29,37
Labrenzia suaedae,YC6927,22,15,28,37
Labrys methylaminiphilus,DSM 16812T,25,10,28,35
Labrys miyagiensis,,17,15,28,32
Labrys neptuniae,Liujia-146T,20,15,29,35
Labrys okinawensis,,17,15,28,32
Labrys okinawensis,MAFF 210191,17,15,28,32
Labrys portucalensis,F11T,21,16,30,37
Labrys portucalensis,F11,21,16,28,37
Labrys soli,DCY64,5,25,30,30
Labrys wisconsinensis,W1215-PCA4,30,10,32,40
Laceyella putida,ATCC 49853,22,36,48,58
Laceyella sediminis,RHA1T,37,28,55,65
Laceyella tengchongensis,YIM 10002,42,28,55,70
Laceyella thermophila,YIM 79486,28,37,50,65
Lachnoanaerobaculum saburreum,CCUG 28089,20,25,37,45
Lachnobacterium bovis,YZ 87,15,27,39,42
Lachnoclostridium phytofermentans,ISDg,27,15,37,42
Lachnospira pectinoschiza,150-1T,15,30,39,45
Lachnotalea glycerini,DLD10T,25,12,30,37
Lacibacter cauensis,NJ-8,17,20,28,37
Lacibacter daechungensis,H32-4T,22,15,30,37
Lacibacter nakdongensis,SS2-56T,18.5,15,30,37
Lacibacter nakdongensis,SS2-56,22,15,30,37
Lacibacterium aquatile,LTC-2T,27,10,30,37
Lacibacterium aquatile,LTC-2,27,10,20,37
Lacihabitans lacunae,HME7103T,10,20,25,30
Lacihabitans lacunae,,33,4,25,37
Lacihabitans soyangensis,HME6675,10,20,25,30
Lacimicrobium alkaliphilum,X13M-12T,36,4,25,40
Lacimonas salitolerans,TS-T30T,25,10,25,35
Lacinutrix algicola,JCM 13825T,25,0,17.5,25
Lacinutrix cladophorae,7Alg 4T,28,4,25,32
Lacinutrix copepodicola,DJ3,27,-2,1,25
Lacinutrix gracilariae,Lxc1,35,5,28,40
Lacinutrix himadriensis,CIP 110310T,16,4,18,20
Lacinutrix iliipiscaria,Th68,14,16,28,30
Lacinutrix jangbogonensis,PAMC 27137,6,4,10,10
Lacinutrix mariniflava,JCM 13824T,22,0,17.5,22
Lacinutrix undariae,W-BA8,26,4,25,30
Lacinutrix venerupis,Cmf 20.8,26,4,25,30
Lacrimispora sinapis,LMG 33655T,25,20,40,45
Lacticigenium naphtae,MIC1-18T,26,4,30,30
Lacticigenium naphtae,MIC1-18,5,30,30,35
Lactivibrio alcoholicus,JCM 17151T,15,25,37,40
Lactobacillus acetotolerans,JCM 3825,17,23,30,40
Lactobacillus algidus,M6A9,25,0,15,25
Lactobacillus allii,KCTC 21077T,12,25,30,37
Lactobacillus amylovorus,DSM 115528T,15,30,37,45
Lactobacillus apis,R4B,20,20,37,40
Lactobacillus arizonensis,NRRL B-14768,30,15,37.5,45
Lactobacillus bombi,BTLCH M1/2,27,20,37,47
Lactobacillus buchneri,DSM 20057T,35,10,30,45
Lactobacillus caviae,MOZM2T,25,20,37,45
Lactobacillus cerevisiae,TUM BP 140423000-2250,33,4,28,37
Lactobacillus colini,111144 L1T,20,25,37,45
Lactobacillus concavus,C-5-1T,32,10,37,42
Lactobacillus curieae,CCTCC M 2011381,30,15,30,45
Lactobacillus curtus,VTT E-94560,15,15,30,30
Lactobacillus cypricasei,CCUG 42961,30,15,37,45
Lactobacillus delbrueckii,,30,15,37,45
Lactobacillus delbrueckii,,35,15,37,50
Lactobacillus delbrueckii,YIT 11221,22,15,30,37
Lactobacillus diolivorans,LMG 19667,30,12,30,42
Lactobacillus durianis,LMG 19193,38,7,29,45
Lactobacillus equigenerosi,NRIC 0697,30,15,37,45
Lactobacillus faecis,AFL13-2,25,20,37,45
Lactobacillus floricola,,10,20,30,30
Lactobacillus florum,F9-1T,30,15,30,45
Lactobacillus formosensis,S215T,20,25,37,45
Lactobacillus fornicalis,TV 1010,20,20,36,40
Lactobacillus fructivorans,ATCC 8288T,15,20,25,35
Lactobacillus furfuricola,Nu27T,15,20,30,35
Lactobacillus futsaii,YM 0097,15,15,30,30
Lactobacillus garii,NCIMB 15148,28,12,30,40
Lactobacillus gigeriorum,202T,40,10,37,50
Lactobacillus gigeriorum,202,25,20,37,45
Lactobacillus hammesii,LP38,30,15,30,45
Lactobacillus hokkaidonensis,LOOC260,33,4,25,37
Lactobacillus hominis,,20,25,37,45
Lactobacillus homohiochii,ATCC 15434T,15,20,25,35
Lactobacillus hordniae,HC-1,22,15,29,37
Lactobacillus ingluviei,KR3T,17,25,37,42
Lactobacillus insicii,TMW 1.2011,37,8,30,45
Lactobacillus iwatensis,IWT246,33,4,30,37
Lactobacillus ixorae,LMG 29008T,25,15,30,40
Lactobacillus ixorae,Ru20-1,39,1,30,40
Lactobacillus kefirgranum,GCL 1701,30,15,30,45
Lactobacillus kimchicus,DCY51,30,15,37,45
Lactobacillus kimchiensis,L133T,22,15,25,37
Lactobacillus kimchii,MT-1077,30,10,30,40
Lactobacillus kisonensis,,35,10,30,45
Lactobacillus koreensis,DCY50T,38,4,30,42
Lactobacillus koreensis,DCY50,22,15,30,37
Lactobacillus kosoi,10H,21,18,27,39
Lactobacillus lindneri,KPA,15,15,22,30
Lactobacillus metriopterae,Hime 5-1,22,15,37,37
Lactobacillus micheneri,Hlig3,20,15,30,35
Lactobacillus mindensis,DSM 14500,30,15,30,45
Lactobacillus mixtipabuli,IWT30T,30,15,30,45
Lactobacillus modestisalitolerans,NB446,30,10,30,40
Lactobacillus mulieris,CECT 9755T,15,30,37,45
Lactobacillus musae,313T,12,25,30,37
Lactobacillus nantensis,LP33,20,15,32.5,35
Lactobacillus nasuensis,SU 18,35,5,30,40
Lactobacillus nasuensis,and according to Recommendation 30a of the Bacteriological Code (1990 Revision) (Lapage et al,51,2,30,53
Lactobacillus nenjiangensis,,7,30,30,37
Lactobacillus nuruki,SYF10-1aT,36,4,37,40
Lactobacillus odoratitofui,YIT 11304,15,15,30,30
Lactobacillus oryzae,SG293,41,4,30,45
Lactobacillus otakiensis,,35,10,30,45
Lactobacillus ozensis,Mizu2-1T,10,20,30,30
Lactobacillus panis,DSM 6035,15,30,37,45
Lactobacillus panisapium,Bb 2-3T,40,15,37,55
Lactobacillus pantheris,A24-2-1T,32,10,33.5,42
Lactobacillus parabrevis,LMG 11984,22,15,30,37
Lactobacillus parakefir,,30,15,30,45
Lactobacillus paraplantarum,CNRZ 1885,30,15,30,45
Lactobacillus pasteurii,1517T,15,30,37,45
Lactobacillus piscicola,B270,34,6,30,40
Lactobacillus plajomi,NB53,25,15,30,40
Lactobacillus pontis,LTH 2587,30,15,30,45
Lactobacillus porci,KCTC 21090T,35,15,37,50
Lactobacillus quenuiae,HV_6,20,15,30,35
Lactobacillus rapi,,35,10,30,45
Lactobacillus rodentium,MYMRS/TLU1,31,15,37,46
Lactobacillus rogosae,ATCC 27753,15,30,37,45
Lactobacillus rossii,CS1T,30,15,30,45
Lactobacillus saerimneri,LMG 22087T,30,15,37,45
Lactobacillus satsumensis,NRIC 0603,30,15,30,45
Lactobacillus secaliphilus,TMW 1.1309,30,15,37,45
Lactobacillus shenzhenensis,KACC 16878T,35,10,37,45
Lactobacillus silagei,IWT126,30,15,30,45
Lactobacillus silagincola,IWT5,27,10,30,37
Lactobacillus siliginis,M1-212T,17,20,30,37
Lactobacillus sobrius,,30,15,37,45
Lactobacillus sunkii,YIT 11161,20,10,30,30
Lactobacillus suntoryeus,SAT,30,15,37,45
Lactobacillus taiwanensis,FIRDI 006T,30,15,37,45
Lactobacillus terrae,KCTC 21093T,15,20,30,35
Lactobacillus terrae,KCTC 21093,30,15,30,45
Lactobacillus thermotolerans,G 35T,35,15,42,50
Lactobacillus timberlakei,HV_12,20,15,30,35
Lactobacillus versmoldensis,KU-3,29,8,30,37
Lactobacillus vespulae,DCY75,33,4,30,37
Lactobacillus wasatchensis,DSM 29958T,24,6,25,30
Lactobacillus wasatchensis,WDC04,31,6,23,37
Lactobacillus xujianguonis,CGMCC 1,17,28,40,45
Lactobacillus yonginensis,THK-V8,36,4,30,40
Lactobacilus nuruki,KACC 18726T,36,4,37,40
Lactococcus chungangensis,CAU 28,33,4,30,37
Lactococcus hodotermopsidis,JCM 33486T,10,20,30,30
Lactococcus insecticola,JCM 33485T,20,10,30,30
Lactococcus nasutitermitis,M19T,30,10,30,40
Lactococcus petauri,159469,34,6,20,40
Lactococcus reticulitermitis,Rs-Y01T,30,10,30,40
Lactococcus taiwanensis,0905C15T,17,20,30,37
Lactovum miscens,anNAG3,35,0,25,35
Lacunisphaera anatis,IG31,21,15,30,36
Lacunisphaera limnophila,IG16b,23,13,32,36
Lacunisphaera parvula,IG15,26,12,33,38
Lampropedia aestuarii,KCTC 42886T,20,15,30,35
Lampropedia cohaerens,CT6,35,20,37,55
Lampropedia hyalina,ATCC 11041,25,10,30,35
Lampropedia puyangensis,2-bin,25,15,30,40
Lapillicoccus jejuensis,R-Ac013,17,20,30,37
Larkinella bovis,M2T2B15,25,10,30,35
Larkinella harenae,15J9-9,27,15,25,42
Larkinella insperata,LMG 22510,30,10,28,40
Larkinella knui,15J6-3T6T,26,4,25,30
Larkinella ripae,KCTC 42996T,15,15,25,30
Larkinella rosea,15J16-1T3A,20,10,25,30
Larkinella soli,MIMbqt9T,35,5,30,40
Larkinella terrae,15J8-8,22,8,25,30
Larsenimonas rhizosphaerae,GH3-8T,36,4,37,40
Larsenimonas salina,M1-18,25,15,37,40
Larsenimonas suaedae,ST307T,40,5,35,45
Lawsonella clevelandensis,X1036T,10,25,35,35
Lawsonibacter asaccharolyticus,JCM 32166T,15,30,37,45
Lebetimonas acidiphila,Pd55T,38,30,50,68
Lebetimonas natsushimae,HS1857,28,35,55,63
Lechevalieria atacamensis,C61,20,20,30,40
Lechevalieria deserti,C68,20,20,30,40
Lechevalieria fradiae,Z6T,30,15,28,45
Lechevalieria nigeriaca,NJ2035,25,20,29,45
Lechevalieria rhizosphaerae,NEAU-A2,25,15,28,40
Lechevalieria roselyniae,C81,20,20,30,40
Leclercia adecarboxylata,DSM 30081T,40,4,28,44
Lederbergia citrea,LMG 31589T,30,10,30,40
Leeia oryzae,HW7T,30,10,33.5,40
Leeia oryzae,HW7,30,10,32,40
Leekyejoonella antrihumi,KCTC 39632T,20,10,30,30
Leeuwenhoekiella aequorea,LMG 22550T,33,4,25,37
Leeuwenhoekiella aestuarii,R-48165,37,4,20,41
Leeuwenhoekiella blandensis,MED 217,31,10,28,41
Leeuwenhoekiella marinoflava,LMG 1345T,33,4,21,37
Leeuwenhoekiella nanhaiensis,G18,36,4,30,40
Leeuwenhoekiella nanhaiensis,KCTC 42729T,36,4,28,40
Leeuwenhoekiella palythoae,KCTC 22020T,34,4,23,38
Leeuwenhoekiella polynyae,SOJ2014-1T,35,0,25,35
Leeuwenhoekiella polynyensis,SOJ2014-1T,35,0,25,35
Legionella bononiensis,DSM 112526T,5,32,32,37
Legionella drancourtii,LLAP12,7,25,32,32
Legionella massiliensis,LegA,7,25,32,32
Legionella norrlandica,CCUG 65936T,14,28,30,42
Legionella norrlandica,LEGN,14,28,30,42
Legionella qingyii,KCTC 15636T,17,25,35,42
Legionella steelei,IMVS-3376,5,30,35,35
Leifson marine,"ACAM 188, which was isolated by McGuire (32) from the pycnocline of Burton Lake, Vestfold Hills, Antarctica",25,0,15,25
Leifsonia aquatica,150,30,7,26,37
Leifsonia bigeumensis,KCTC 19268T,17,20,28,37
Leifsonia flava,SYP-B2174,34,1,28,35
Leifsonia ginsengi,CGMCC 4,33,4,26,37
Leifsonia kribbensis,MSL-13T,17,20,28,37
Leifsonia lichenia,2Sb,20,10,25,30
Leifsonia poae,VKM Ac-1401T,30,7,26,37
Leifsonia poae,DL89,33,4,24,37
Leifsonia psychrotolerans,LI1,34,-6,16,28
Leifsonia rubra,CMS 76r,22,0,15,22
Leifsonia soli,TG-S248,25,10,30,35
Leisingera aquaemixtae,SSK6-1,30,10,30,40
Leisingera caerulea,LMG 24369,41,4,20,45
Leisingera coralii,D5M38T,30,10,37,40
Leisingera coralii,D0M16T,25,20,28,45
Leisingera daeponensis,TF-218,38,4,37,42
Leisingera methylohalidivorans,MB2T,6,21,27,27
Leisingera nanhaiensis,LMG 24841T,41,4,25,45
Lelliottia jeotgali,PFL01,35,10,30,45
Lentibacillus amyloliquefaciens,LAM0015,30,15,35,45
Lentibacillus daqui,ZS110521T,30,20,37,50
Lentibacillus garicola,SL-MJ1,25,15,30,40
Lentibacillus halodurans,8-1T,23,22,30,45
Lentibacillus halophilus,PS11-2,32,10,37,42
Lentibacillus halophilus,JCM 12149T,27,15,37,42
Lentibacillus jeotgali,KCTC 13300T,41,4,37,45
Lentibacillus jeotgali,Grbi,35,10,37,45
Lentibacillus juripiscarius,JCM 12147T,35,10,37,45
Lentibacillus kapialis,JCM 12580T,30,15,37,45
Lentibacillus kimchii,K9,25,15,30,40
Lentibacillus lacisalsi,BH260T,25,15,31,40
Lentibacillus lacisalsi,BH260,25,15,30,40
Lentibacillus persicus,CECT 7524T,35,15,30,50
Lentibacillus populi,WD4L-1T,35,15,30,50
Lentibacillus salarius,KCTC 3911T,30,15,35,45
Lentibacillus salarius,BH139,35,15,30,50
Lentibacillus salicampi,SF-20,25,15,30,40
Lentibacillus salinarum,AHS-1T,30,15,38.5,45
Lentibacillus salinarum,AHS-1,30,15,37,45
Lentibacillus salis,BH113T,25,20,37,45
Lentibacillus sediminis,0W14T,29,16,37,45
Lentilitoribacter donghaensis,BH-4,26,4,25,30
Lentimicrobium saccharophilum,JCM 30898T,20,20,30,40
Lentisphaera araneosa,HTCC2155,21,4,16,25
Lentisphaera marina,IMCC11369,12.5,10,20,30
Lentisphaera profundi,SAORIC-696T,16,4,15,20
Lentzea albidocapillata,IMMIB D-958,17,20,30,37
Lentzea cavernae,SYSU K10001T,31,4,28,35
Lentzea chajnantorensis,H45,30,10,28,40
Lentzea flaviverrucosa,AS 4.0578,14,28,37,42
Lentzea guizhouensis,DHS C013,27,10,25,37
Lentzea jiangxiensis,FXJ1.034T,27,10,24,37
Lentzea jiangxiensis,FXJ1.034,27,10,20,37
Lentzea kristufekii,DSM 116176T,27,10,35,37
Lentzea miocenica,DSM 116177T,27,10,35,37
Lentzea pudingi,C021T,22,15,28,37
Lentzea sokolovensis,DSM 116175T,27,10,28,37
Lentzea soli,NEAU-LZC 7T,25,15,28,40
Lentzea terrae,CGMCC 4,30,15,28,45
Leptobacterium flavescens,KCTC 22160T,13,17,30,30
Leptolinea tardivitalis,JCM 12579T,25,25,37,50
Leptospira kmetyi,Bejo-Iso9T,24,13,30,37
Leptospira venezuelensis,CLM-U50T,24,13,30,37
Leptospirillum ferrooxidans,L15,35,10,30,45
Leptothrix cholodnii,LVMW 99,25,10,25,35
Leptothrix discophora,SS-1,25,10,25,35
Leucobacter alluvii,RB10,33,4,30,37
Leucobacter aridicollis,L-1,17,20,28,37
Leucobacter celer,,27,10,30,37
Leucobacter celer,NAL101T,41,4,37,45
Leucobacter chironomi,LMG 24399T,20,17,30,37
Leucobacter chromiireducens,L-9,17,20,28,37
Leucobacter chromiiresistens,JG 31T,17,25,30,42
Leucobacter corticis,2C-7,27,10,30,37
Leucobacter denitrificans,M1T8B10,22,15,30,37
Leucobacter holotrichiae,T14T,35,10,30,45
Leucobacter kyeonggiensis,F3-P9,38,4,30,42
Leucobacter luti,RF6,26,4,25,30
Leucobacter margaritiformis,A23,38,4,30,42
Leucobacter massiliensis,122RC15,20,25,37,45
Leucobacter muris,DSM 101948T,17,20,30,37
Leucobacter musarum,CBX152,20,10,30,30
Leucobacter populi,06C10-3-11,35,10,30,45
Leucobacter ruminantium,A2T,22.5,20,37,45
Leucobacter ruminantium,A2,20,25,37,45
Leucobacter triazinivorans,JW-1,38,4,28,42
Leucobacter zeae,CC-MF41T,22,15,30,37
Leuconostoc argentinum,LL76,29,10,27,39
Leuconostoc durionis,LMG 22556,30,5,30,35
Leuconostoc ficulneum,FS-1T,34,6,30,40
Leuconostoc holzapfelii,LMG 23990,27,10,30,37
Leuconostoc kimchii,IH25T,22,15,30,37
Leuconostoc mesenteroides,DSM 20241T,30,10,30,40
Leuconostoc miyukkimchii,M2,31,4,30,35
Leuconostoc oenos,ATCC 23179,10,20,22,30
Leuconostoc palmae,DSM 21144T,30,15,30,45
Leucothrix arctica,IMCC9719T,33,4,15,37
Leucothrix mucor,ATCC 25107,35,0,25,35
Leucothrix pacifica,XH122T,31,4,28,35
Leucothrix pacifica,,33,4,28,37
Leucothrix sargassi,C3212T,29,8,28,37
Levilinea saccharolytica,JCM 12578T,25,25,37,50
Lewinella agarilytica,SST-19,38,4,30,42
Lewinella agarilytica,SST-19T,33,4,30,37
Lewinella antarctica,IMCC3223T,22,3,20,25
Lewinella aquimaris,HDW-36T,31,4,25,35
Lewinella aurantiaca,KACC 21167T,35,2,30,37
Lewinella cohaerens,II-2,20,10,25,30
Lewinella lacunae,HME9359,22,15,30,37
Lewinella litorea,HSMS-39,30,10,30,40
Lewinella lutea,,15,15,25,30
Lewinella lutea,FYK2402M69,25,10,25,35
Lewinella marina,,15,15,27.5,30
Lewinella marina,MKG-38,38,4,25,42
Lewinella maritima,HME9321,27,10,30,37
Lewinella nigricans,SS-2,22,15,25,37
Lewinella persica,T-3,26,4,25,30
Lewinella xylanilytica,13-9-B8,31,4,30,35
Lichenicoccus roseus,KCTC 72321T,26,4,15,30
Lichenihabitans psoromatis,JCM 33311T,16,4,15,20
Ligilactobacillus cholophilus,JCM 36074T,15,30,40,45
Lihuaxuella thermophila,YIM 77831,37,28,50,65
Limibacillus halophilus,CAU 1121,20,20,37,40
Limibacter armeniacum,YM11-185T,20,17,27,37
Limibaculum halophilum,CAU 1123T,20,20,37,40
Limihaloglobus sulfuriphilus,DSM 100118T,20,20,37,40
Limimaricola aestuariicola,J-TF4,27,10,30,37
Limimaricola cinnabarinus,LL-001,20,15,20,35
Limimaricola litoreus,ASW11-118T,30,10,28,40
Limimaricola pyoseonensis,JJM85,26,4,25,30
Limimaricola soesokkakensis,DSSK1-5,30,10,30,40
Limimaricola variabilis,J-MR2-Y,30,10,35,40
Limimonas halophila,IA16T,20,30,40,50
Limisphaera ngatamarikiensis,NGM72.4,26,45,63,71
Limisphaera ngatamarikiensis,NGM72.4T,26,45,54,71
Limnobacter humi,UCM-39,35,15,28,50
Limnobacter litoralis,KP1-19T,40,4,38,44
Limnobacter litoralis,KP1-19,34,10,38,44
Limnobacter thiooxidans,CS-K2,34,4,30,38
Limnobaculum parvum,KACC 19186T,26,4,25,30
Limnochorda pilosa,HC45T,25,30,45,55
Limnochorda pilosa,HC45,25,30,45,55
Limnoglobus roseus,KCTC 72397T,20,10,20,30
Limnohabitans curvus,MWH-C5,30,4,21,34
Lipingzhangella halophila,EGI 80537,25,15,30,40
Lishizhenia caseinilytica,UST040201-001T,33,4,28.5,37
Lishizhenia caseinilytica,UST040201-001,33,4,27,37
Lishizhenia tianjinensis,H6T,32,4,30,36
Listeria booriae,,37,4,30,41
Listeria booriae,FSL A5-0281,37,4,30,41
Listeria costaricensis,CLIP 2016/00682,20,22,30,42
Listeria rocourtiae,CIP 109804,33,4,30,37
Listeria valentina,CIP 111799T,20,22,30,42
Listeria weihenstephanensis,WS 4560,31,3,31,34
Litoreibacter albidus,KMM 3851,33,4,25,37
Litoreibacter arenae,GA2-M15,30,5,30,35
Litoreibacter ascidiaceicola,RSS4-C1,30,4,25,34
Litoreibacter halocynthiae,P-MA1-7T,26,4,25,30
Litoreibacter janthinus,KMM 3842,33,4,25,37
Litoreibacter meonggei,MA1-1,33,4,25,37
Litoreibacter ponti,GJSW-31,31,4,30,35
Litoribacillus peritrichatus,JYr12,33,4,28,37
Litoribacter ruber,KCTC 22899T,17,20,28,37
Litoribaculum gwangyangense,GY12T,25,15,25,40
Litoribrevibacter albus,Y32,23,15,28,38
Litoribrevibacter euphylliae,Eup a-2,25,15,25,40
Litoricola lipolytica,IMCC1097,15,15,25,30
Litoricola marina,IMCC2782,22,15,25,37
Litorihabitans aurantiacus,NBRC 112290T,15,15,28,30
Litorilinea aerophila,PRI-4131,25,40,55,65
Litorimicrobium taeanense,G4,20,15,25,35
Litorimonas cladophorae,KMM 6395,31,4,25,35
Litorimonas haliclonae,MAA42T,30,4,28,34
Litorimonas taeanensis,KACC 13701T,25,15,25,40
Litorisediminicola beolgyonensis,BB-MW24,30,10,30,40
Litorisediminivivens gilvus,YSM-17,25,10,30,35
Litorivita pollutaquae,JCM 32715T,22,15,30,37
Litorivivens aequoris,KMU-37,36,4,30,40
Litorivivens lipolytica,HJTF-7,30,10,25,40
Lodderomyces beijingensis,CBS 14171,12,25,25,37
Loktanella acticola,OISW-6,26,4,25,30
Loktanella agnita,R10SW5,27,8,25,35
Loktanella litorea,DPG-5T,22,15,30,37
Loktanella maricola,DSW-18T,30,4,25,34
Loktanella marina,MDM-7T,33,4,30,37
Loktanella maritima,KMM 9530,36,4,28,40
Loktanella maritima,JCM 19807T,32,4,28,36
Loktanella ponticola,W-SW2T,26,4,25,30
Loktanella pyoseonensis,KCTC 22372T,26,4,25,30
Loktanella rosea,CIP 107851T,31,4,25,35
Longibacter salinarum,WDS2C18,30,20,40,50
Longilinea arvoryzae,KOME-1,10,30,37,40
Longilinea arvoryzae,JCM 13670T,20,45,55,65
Longimicrobium terrae,CB-286315T,23,10,25,33
Longimonas halophila,SYD6,30,20,37,50
Longimonas halophila,SYD6T,30,20,42,50
Longimycelium tulufanense,TRM 46004T,25,20,37,45
Longirhabdus pacifica,DSM 105158T,22,15,28,37
Longispora albida,K97-0003T,25,12,21,37
Longispora fulva,KZ0017T,23,10,29,33
Longispora fulva,KZ0017,23,10,28,33
Longispora urticae,NEAU-PCY-3T,27,10,28,37
Longivirga aurantiaca,CGMCC 4,38,4,28,42
Lonsdalea populi,,36,8,32,44
Lower limit,of Pseudomonas halophila and transferred to the genus Halomonas as Halomonas utahensis nom,15,20,28,35
Lujinxingia litoralis,KCTC 42951T,22,20,37,42
Lumbricus rubellus,71·8 mol%,19,19,30,38
Luminiphilus syltensis,Ivo14,20,12,28,32
Lunatimonas lonarensis,AK24,12,25,30,37
Lunatimonas salinarum,JC344T,10,25,30,35
Lutaonella thermophila,CC-MHSW-2T,45,10,42.5,55
Lutaonella thermophila,CC-MHSW-2,30,25,40,55
Luteibacter anthropi,CCUG 25036,22,15,28,37
Luteibacter jiangsuensis,JW-64-1,38,4,25,42
Luteibacter pinisoli,MAH-14,25,10,28,35
Luteibaculum oceani,CC-AMWY-103B,15,20,30,35
Luteimicrobium subarcticum,R19-04T,25,10,28,35
Luteimicrobium xylanilyticum,W-15T,22,15,25,37
Luteimonas abyssi,DSM 25880T,33,4,28,37
Luteimonas aestuarii,B9,25,15,34,40
Luteimonas aquatica,RIB1-20,22,15,25,37
Luteimonas arsenica,26-35,32,10,30,42
Luteimonas composti,CC-YY255T,25,20,30,45
Luteimonas cucumeris,Y4T,20,20,30,40
Luteimonas galliterrae,KCTC 82443T,17,20,28,37
Luteimonas gilva,KCTC 72593T,32,10,32,42
Luteimonas huabeiensis,HB2,25,20,30,45
Luteimonas lumbrici,KCTC 62979T,35,10,30,45
Luteimonas lutimaris,G3T,25,15,30,40
Luteimonas marina,FR1330,22,20,30,42
Luteimonas notoginsengisoli,SYP-B804T,25,15,30,40
Luteimonas notoginsengisoli,SYP-B804,25,15,28,40
Luteimonas padinae,CDR SL 15T,25,15,32.5,40
Luteimonas pelagia,CC-VAM-7T,17,20,30,37
Luteimonas rhizosphaerae,4-12T,38,4,30,42
Luteimonas soli,Y2T,27,10,30,37
Luteimonas terrae,THG-MD21T,41,4,25,45
Luteimonas terricola,DSM 22344T,24,1,15,25
Luteimonas terricola,BZ92r,24,1,10,25
Luteimonas vadosa,KMM 9005,34,5,35,39
Luteimonas yindakuii,S-1072T,36,4,28,40
Luteipulveratus flavus,YIM 133132T,10,25,25,35
Luteipulveratus halotolerans,C296001,25,15,20,40
Luteipulveratus mongoliensis,MN07-A0370,20,10,24,30
Luteipulveratus mongoliensis,MN07-A0370T,20,10,20,30
Luteitalea pratensis,HEG_-6_39T,36,0,25,36
Luteitalea pratensis,HEG_亅6_39,36,0,20,36
Luteivirga sdotyamensis,PIII.02T,20,15,25,35
Luteococcus japonicus,IFO 12422,26,12,27,38
Luteococcus sediminum,DSM 27277T,33,4,28,37
Luteolibacter algae,A5J-41-2,33,4,20,37
Luteolibacter arcticus,MC 3726,33,4,25,37
Luteolibacter flavescens,KCTC 52361T,15,20,25,35
Luteolibacter gellanilyticus,DSM 28998T,29,4,25,33
Luteolibacter luojiensis,DR4-30T,24,4,20,28
Luteolibacter pohnpeiensis,A4T-83,17,20,30,37
Luteolibacter yonseiensis,EBTL01,20,10,30,30
Lutibacter aestuarii,MA-My1T,33,4,30,37
Lutibacter agarilyticus,KYW566,8,20,25,28
Lutibacter citreus,1KV19T,31,4,30,35
Lutibacter flavus,IMCC1507,33,4,30,37
Lutibacter holmesii,KMM 6277,27,4,23,31
Lutibacter litoralis,JCM 13034T,25,5,25,30
Lutibacter litorisediminis,OITF-20,21,4,25,25
Lutibacter maritimus,S7-2T,33,4,25,37
Lutibacter oricola,UDC377,24,8,25,32
Lutibacter profundi,LP1T,21,13,23,34
Lutibaculum baratangense,AMV1,12,25,33.5,37
Lutibaculum baratangense,KCTC 22669T,12,25,30,37
Lutibaculum pontilimi,GH1-34T,25,20,37,45
Lutimaribacter litoralis,KU5D5,25,10,20,35
Lutimaribacter marinistellae,SF-12T,23,15,30,38
Lutimaribacter pacificus,W11-2B,31,10,25,41
Lutimaribacter saemankumensis,SMK-117,35,10,30,45
Lutimonas halocynthiae,RSS3-C1,24,4,20,28
Lutimonas saemankumensis,SMK-142,29,4,25,33
Lutimonas vermicola,IMCC1616,34,3,25,37
Lutimonas zeaxanthinifaciens,YSD2104T,10,20,30,30
Lutispora thermophila,NBRC 102133T,20,40,55,60
Lysinibacillus acetophenoni,JC23T,15,25,35,40
Lysinibacillus alkaliphilus,OMN17T,25,20,30,45
Lysinibacillus alkalisoli,Y2A20,41,4,30,45
Lysinibacillus antri,K30002T,12,28,37,40
Lysinibacillus boronitolerans,10aT,29,16,37,45
Lysinibacillus chungkukjangi,2RL3-2,35,10,30,45
Lysinibacillus composti,NCCP-36,35,10,28,45
Lysinibacillus contaminans,FSt3A,30,15,30,45
Lysinibacillus cresolivorans,SC03T,15,25,35,40
Lysinibacillus endophyticus,C9,30,20,30,50
Lysinibacillus fluoroglycofenilyticus,cmg86,25,20,30,45
Lysinibacillus fusiformis,DSM 2898T,46,4,37,50
Lysinibacillus halotolerans,LAM612T,40,15,35,55
Lysinibacillus irui,NCIMB 15452T,40,10,37,50
Lysinibacillus jejuensis,N2-5,27,10,30,37
Lysinibacillus louembei,DSM 25583T,38,10,37,48
Lysinibacillus macroides,LMG 18474,25,20,30,45
Lysinibacillus manganicus,Mn1-7,46,4,37,50
Lysinibacillus mangiferihumi,M-GX18,35,10,28,45
Lysinibacillus massiliensis,KCTC 13178T,32,10,30,42
Lysinibacillus massiliensis,4400831,20,25,30,45
Lysinibacillus meyeri,DSM 25057T,32,10,30,42
Lysinibacillus odysseyi,DSM 18869T,32,10,30,42
Lysinibacillus odysseyi,34hs-1,17,25,30,42
Lysinibacillus pakistanensis,NCCP-54,35,10,28,45
Lysinibacillus parviboronicapiens,NBRC 103144T,41,4,30,45
Lysinibacillus parviboronicapiens,BAM-582,27,10,30,37
Lysinibacillus sinduriensis,BLB-1,30,15,30,45
Lysinibacillus sphaericus,DSM 2898T,46,4,37,50
Lysinibacillus tabacifolii,K3514,32,8,28,40
Lysinibacillus telephonicus,S5H2222T,45,10,37,55
Lysinibacillus varians,GY32T,30,15,35,45
Lysinibacillus xylanilyticus,XDB9T,36,4,30,40
Lysinibacillus xylanilyticus,XDB9,30,10,30,40
Lysinibacillus xyleni,JC22,15,25,35,40
Lysinibacter cavernae,CC5-806T,33,4,20,37
Lysinimicrobium aestuarii,NBRC 109392T,32,5,28,37
Lysinimicrobium flavum,NBRC 109391T,27,10,28,37
Lysinimicrobium gelatinilyticum,NBRC 109390T,32,5,28,37
Lysinimicrobium iriomotense,NBRC 109399T,32,5,28,37
Lysinimicrobium luteum,NBRC 109395T,32,5,28,37
Lysinimicrobium mangrovi,HI08-69,13,15,28,28
Lysinimicrobium pelophilum,NBRC 109393T,13,15,28,28
Lysinimicrobium rhizosphaerae,NBRC 109397T,32,5,28,37
Lysinimicrobium sediminis,HT7-17T,27,10,28,37
Lysinimicrobium soli,NBRC 109394T,32,5,28,37
Lysinimicrobium subtropicum,NBRC 109396T,22,15,28,37
Lysinimonas kribbensis,MSL-13,17,20,28,37
Lysinimonas soli,SGM3-12T,27,10,28,37
Lysinimonas yzui,CGMCC 1,27,10,30,37
Lysobacter aestuarii,KACC 18502T,25,15,30,40
Lysobacter agri,THG-SKA3,19,18,28,37
Lysobacter alkalisoli,CGMCC 1,36,4,30,40
Lysobacter antibioticus,,36,4,30,40
Lysobacter antibioticus,UASM 3C,38,2,25,40
Lysobacter arseniciresistens,ZS79T,38,4,28,42
Lysobacter arseniciresistens,ZS79,33,4,28,37
Lysobacter brunescens,UASM D,46,4,30,50
Lysobacter bugurensis,,27,10,28,37
Lysobacter caeni,BUT-8T,22,15,29,37
Lysobacter caeni,BUT-8,22,15,28,37
Lysobacter caenis,BUT-8T,22,15,28,37
Lysobacter capsici,KCTC 22007T,22,15,28,37
Lysobacter caseinilyticus,KVB24,27,10,25,37
Lysobacter cavernae,YIM C01544,26,4,22,30
Lysobacter chengduensis,CF21,30,10,28,40
Lysobacter concretionis,Ko07T,5,25,30,30
Lysobacter dokdonensis,KCTC 12822T,34,4,30,38
Lysobacter enzymogenes,,33,4,20,37
Lysobacter firmicutimachus,PB-6250,22,15,25,37
Lysobacter fragariae,THG-DN8.7,18,10,25,28
Lysobacter gummosus,ATCC 29489,30,10,20,40
Lysobacter hankyongensis,KTCe-2T,20,10,30,30
Lysobacter helvus,D10,17,25,30,42
Lysobacter humi,FJY8T,22,20,30,42
Lysobacter koreensis,Dae16,10,20,30,30
Lysobacter korlensis,,27,10,28,37
Lysobacter maris,KMU-14,20,20,30,40
Lysobacter mobilis,9NM-14T,29,4,29,40
Lysobacter mobilis,9NM-14,22,15,28,37
Lysobacter niabensis,GH34-4,32,5,28,37
Lysobacter niastensis,KACC 11588T,30,10,28,40
Lysobacter novalis,THG-PC7,19,18,30,37
Lysobacter novalis,THG-PC7T,19,18,25,37
Lysobacter oligotrophicus,107-E2T,20,5,23,25
Lysobacter oryzae,YC6269,27,15,28,42
Lysobacter panacisoli,CJ29T,38,4,30,42
Lysobacter panacisoli,CJ29,32,10,30,42
Lysobacter panaciterrae,Gsoil 068T,30,15,30,45
Lysobacter psychrotolerans,CGMCC 1,33,4,28,37
Lysobacter rhizophilus,THG-YS3.6,27,10,27.5,37
Lysobacter rhizophilus,THG-YS3.6T,27,10,25,37
Lysobacter rhizosphaerae,THG-DN8.3,10,18,25,28
Lysobacter ruishenii,CTN-1,22,15,29,37
Lysobacter ruishenii,DSM 22393T,22,15,28,37
Lysobacter sediminicola,,5,25,30,30
Lysobacter silvestris,AM20-91,25,0,12.5,35
Lysobacter silvisoli,KCTC 52923T,25,15,30,40
Lysobacter solanacearum,T20R-70,30,10,29,40
Lysobacter solanacearum,KACC 18656T,30,10,28,40
Lysobacter soli,DCY21,38,4,30,42
Lysobacter spongiicola,KMM 329,36,5,25,41
Lysobacter tabacisoli,KCTC 62034T,30,10,30,40
Lysobacter terrae,THG-A13T,33,4,28,37
Lysobacter terricola,5GH18-14T,23,10,29,33
Lysobacter terricola,5GH18-14,23,10,28,33
Lysobacter tolerans,UM1,15,25,28,40
Lysobacter xanthus,U8,17,25,30,42
Lysobacter xinjiangensis,RCML-52T,24,18,37,42
Mabikibacter ruber,YP382-1-A,20,15,25,35
Macellibacteroides fermentans,LIND7H,25,20,35,45
Macrococcus brunensis,CCM 4808,21,15,36,36
Mageeibacillus indolicus,BAA-2120,7,35,37,42
Magnetococcus marinus,MC-1,30,5,25,35
Magnetospira thiophila,MMS-1T,32,5,25,37
Magnetospira thiophila,MMS-1,32,5,24,37
Magnetospirillum aberrantis,SpK,25,20,31,45
Magnetospirillum bellicus,VDY,32,10,42,42
Magnetospirillum caucaseum,,24,18,29,42
Magnetospirillum kuznetsovii,KCTC 15749T,11,22,30,33
Magnetospirillum marisnigri,,2,28,28,30
Magnetospirillum moscoviense,,7,25,28,32
Magnetovibrio blakemorei,MV-1,27,4,27,31
Mahella australiensis,DSM 15567T,30,30,50,60
Major cellular,SW-11T,35,10,35,45
Major cellular,NBRC 110391T,37,13,45,50
Major products,JCM 31555T,25,10,30,35
Maledivibacter halophilus,M1,31,18,41,49
Malikia granosa,P1T,35,5,35,40
Maliponia aquimaris,MM-10T,36,4,30,40
Mameliella alba,JLT354-WT,20,10,25,30
Mameliella atlantica,L6M1-5T,31,10,29,41
Mameliella atlantica,L6M1-5,31,10,28,41
Mameliella phaeodactyli,KD53T,21,16,28,37
Mangrovibacter phragmitis,DSM 100250T,20,20,30,40
Mangrovibacter plantisponsor,MSSRF40,25,15,28,40
Mangrovibacter yixingensis,TULL-AT,27,15,30,42
Mangrovibacterium diazotrophicum,SCSIO N0430T,15,20,25,35
Mangrovibacterium lignilyticum,KCTC 72696T,27,10,28,37
Mangrovibacterium marinum,FA423,25,17,33,42
Mangrovicella endophytica,KCTC 62053T,32,10,30,42
Mangrovicoccus ximenensis,T1lg56T,24,18,35,42
Mangroviflexus xiamenensis,P2T,17,22,35,39
Mangrovihabitans endophyticus,S3Cf-2T,17,20,29,37
Mangrovihabitans endophyticus,S3Cf-2,17,20,28,37
Mangrovimonas aestuarii,MBT5T,30,10,35,40
Mangrovimonas cancribranchiae,KCTC 102158T,17,20,35,37
Mangrovimonas spongiae,LMG 30458T,30,10,25,40
Mangrovimonas yunxiaonensis,CGMCC 1,28,10,28,38
Mangrovitalea sediminis,M11-4,30,10,30,40
Many members,JCM 16476T,25,15,35,40
Many strains,of M,35,15,28,50
Maribacter aestuarii,GY20,20,10,25,30
Maribacter algarum,KCTC 62992T,18,15,28,33
Maribacter algicola,KACC 19789T,20,20,30,40
Maribacter antarcticus,CL-AP4,11,4,10,15
Maribacter aquivivus,KMM 3949,26,4,21,30
Maribacter arcticus,KOPRI 20941,26,4,21,30
Maribacter arcticus,KCTC 22053T,26,4,20,30
Maribacter arenosus,CAU 1321,10,20,30,30
Maribacter caenipelagi,HD-44,31,4,25,35
Maribacter chungangensis,CAU 1044,26,4,30,30
Maribacter cobaltidurans,B1T,22,15,30,37
Maribacter confluentis,SSK2-2,33,4,30,37
Maribacter dokdonensis,DSW-8T,31,4,30,35
Maribacter flavus,KCTC 42508T,15,15,25,30
Maribacter forsetii,KT02ds18-4,28,4,25,32
Maribacter litorisediminis,HPTF-2,20,10,30,30
Maribacter luteus,KCTC 62834T,33,7,30,40
Maribacter lutimaris,KJ4,33,4,15,37
Maribacter marinus,YC973,37,4,25,41
Maribacter maritimus,HMF3635T,17,20,30,37
Maribacter orientalis,KMM 3947,28,4,21,32
Maribacter pelagius,CBA3204T,20,10,25,30
Maribacter pelagius,CBA3204,20,10,25,30
Maribacter polysiphoniae,KCTC 22021T,37,4,32,41
Maribacter polysiphoniae,KMM 6151,37,4,30,41
Maribacter sedimenticola,KMM 3903,29,4,22,33
Maribacter spongiicola,W15M10,26,4,25,30
Maribacter stanieri,KCTC 22023T,31,4,23,35
Maribacter thermophilus,HT7-2T,46,4,41,50
Maribacter thermophilus,HT7-2,46,4,40,50
Maribacter ulvicola,KMM 3951,28,4,21,32
Maribacter vaceletii,,26,4,25,30
Maribacter vaceletii,NCIMB 14724T,20,10,25,30
Maribaculum marinum,LMG 24711T,32,10,25,42
Maribellus luteus,KCTC 62994T,20,20,33,40
Maribius pelagius,,30,10,32.5,40
Maribius pelagius,B5-6,30,10,30,40
Maribius pontilimi,GH1-23T,20,10,30,30
Maribius salinus,CL-SP27T,25,10,30,35
Maribius salinus,CL-SP27,25,10,30,35
Maricaulis maris,CM11,20,15,20,35
Maricaulis virginensis,VC-5,30,10,20,40
Maricaulis washingtonensis,MCS 6,36,4,30,40
Marichromatium bheemlicum,JA124T,15,20,30,35
Marichromatium bheemlicum,JA124,15,20,30,35
Marichromatium fluminis,JA418T,15,20,30,35
Marichromatium indicum,JA100T,14,25,30,39
Marichromatium indicum,JA100,14,25,30,39
Maricurvus nonylphenolicus,KU41E,15,20,25,35
Marimicrobium arenosum,CAU 1038,17,20,30,37
Marimonas arenosa,CAU 1311,17,20,30,37
Marimonas lutisalis,GH1-19T,30,10,30,40
Marinactinospora endophytica,YIM 690053,45,10,28,55
Marinactinospora thermotolerans,SCSIO 00652,45,10,28,55
Marinagarivorans algicola,Z1T,23,10,30,33
Marinagarivorans algicola,Z1,23,10,28,33
Marinibacillus campisalis,SF-57T,35,4,30,39
Marinibactrum halimedae,Q-192T,27,10,25,37
Marinibaculum pumilum,H2,25,15,37,40
Mariniblastus fucicola,FC18,20,10,25,30
Marinicauda algicola,RMAR8-3T,30,15,40,45
Marinicauda pacifica,P-1 km-3T,34,6,30,40
Marinicauda salina,KCTC 62348T,30,15,40,45
Marinicaulis aureum,HHTR114,22,15,30,37
Marinicaulis flavus,SY-3-19,36,4,28,40
Marinicella litoralis,,27,10,28,37
Marinicella litoralis,KMM 3900,30,5,25,35
Marinicella pacifica,sw153T,32,10,28,42
Marinicella sediminis,KCTC 42953T,27,10,33,37
Marinicola seohaensis,SW-152T,36,4,30,40
Marinicrinis lubricantis,KSS164-79,30,20,30,50
Marinicrinis sediminis,NC2-42,29,16,37,45
Marinifilum albidiflavum,FB208T,22,15,33,37
Marinifilum breve,JC075T,27,10,16,37
Marinifilum caeruleilacunae,JC036T,33,4,28,37
Marinifilum fragile,KCTC 22488T,17.4,20,33,37.4
Mariniflexile aquimaris,HWR-17T,24,10,30,34
Mariniflexile fucanivorans,SW5T,28,4,25,32
Mariniflexile gromovii,KCTC 12570T,33,4,23,37
Mariniflexile ostreae,TYO-10,29,4,30,33
Mariniflexile soesokkakense,RSSK-9,31,4,30,35
Marinihelvus fidelis,KCTC 92639T,22,15,33,37
Marinilabilia nitratireducens,AK2,17,25,30,42
Marinilabilia rubra,WTE16T,20,20,33,40
Marinilactibacillus piezotolerans,LT20T,46,4,37,50
Marinilactibacillus piezotolerans,LT20,46,4,37,50
Marinilactibacillus psychrotolerans,M13-2T,23.2,21.8,38.5,45
Marinilactibacillus psychrotolerans,M13-2,47,-2,37,45
Mariniluteicoccus endophyticus,YIM 2617T,32,10,30,42
Mariniluteicoccus endophyticus,YIM 2617,32,10,28,42
Mariniluteicoccus flavus,YIM M13146,35,5,30,40
Marinimicrobium agarilyticum,M18,28,12,35,40
Marinimicrobium alkaliphilum,CGMCC 1,36,6,30,42
Marinimicrobium haloxylanilyticum,SX15,35,5,35,40
Marinimicrobium koreense,,35,10,35,45
Marinimicrobium koreense,KCTC 12356T,35,10,35,45
Marinimicrobium koreense,M9,30,10,35,40
Marinimicrobium locisalis,KCTC 22484T,36,4,30,40
Marininema halotolerans,YIM M11385T,17,25,28,42
Marininema mesophilum,SCSIO 10219,10,25,30,35
Mariniphaga anaerophila,Fu11-5T,20,20,36,40
Mariniphaga anaerophila,Fu11-5,20,20,35,40
Mariniphaga sediminis,SY21T,25,15,35,40
Mariniphaga sediminis,SY21,25,15,33,40
Mariniradius saccharolyticus,AK6,38,4,30,42
Mariniradius saccharolyticus,AK6T,17,25,30,42
Mariniradius sediminis,RY-2T,20,25,37,45
Marinirhabdus citrea,MEBiC09412T,21,17,30,38
Marinirhabdus gelatinilytica,NH83T,38,4,30,42
Marinirhabdus gelatinilytica,NH83,33,4,30,37
Marinisporobacter balticus,59.4MT,15,15,25,30
Marinitalea sucinacia,JC2131,45,5,35,50
Marinitenerispora sediminis,DSM 46825T,25,25,28,50
Marinithermofilum abyssi,CGMCC 1,30,35,60,65
Marinithermofilum abyssi,SCSIO 11157,30,35,55,65
Marinithermus hydrothermalis,T1T,22.5,50,67.5,72.5
Marinitoga arctica,2PyrY55-1T,25,45,65,70
Marinitoga camini,MV1075,40,25,55,65
Marinitoga hydrogenitolerans,AT1271T,30,35,60,65
Marinitoga lauensis,LG1,30,40,50,70
Marinitoga litoralis,DSM 21709T,25,45,60,70
Marinitoga okinawensis,JCM 13303T,40,30,60,70
Marinitoga okinawensis,TFS10-5,40,30,55,70
Marinitoga piezophila,KA3T,25,45,65,70
Marinobacter adhaerens,HP15,41,4,34,45
Marinobacter algicola,DSM 16394T,35,5,25,40
Marinobacter antarcticus,ZS2-30,31,4,25,35
Marinobacter aquaeolei,VT8T,51,4,30,55
Marinobacter aquaticus,M6-53,20,20,37,40
Marinobacter aromaticivorans,D15-8P,30,10,25,40
Marinobacter azerbaijanicus,CECT 30649T,30,15,30,45
Marinobacter bohaiensis,KCTC 52710T,25,15,35,40
Marinobacter changyiensis,CLL7-20T,28,10,28,38
Marinobacter confluentis,HJM-18,36,4,30,40
Marinobacter daepoensis,,15,30,30,45
Marinobacter daqiaonensis,YCSA40T,35,10,30,45
Marinobacter denitrificans,JB02H27T,41,4,28,45
Marinobacter excellens,KMM 3809,31,10,22.5,41
Marinobacter fonticola,KCTC 72475T,36,4,28,40
Marinobacter fuscus,NH169-3T,25,15,37,40
Marinobacter fuscus,NH169-3,36,4,37,40
Marinobacter goseongensis,KCTC 12515T,27,10,30,37
Marinobacter goseongensis,En6,27,10,25,37
Marinobacter halodurans,YJ-S3-2T,41,4,30,45
Marinobacter halophilus,XCD-X12T,31,4,30,35
Marinobacter halotolerans,CP12T,27,10,37,37
Marinobacter hydrocarbonoclasticus,SP.17,35,10,32,45
Marinobacter hydrocarbonoclasticus,17,37,13,30,50
Marinobacter iranensis,CECT 30160T,36,4,30,40
Marinobacter koreensis,DD-M3,35,10,28,45
Marinobacter lacisalsi,FP2.5,20,20,32.5,40
Marinobacter lacisalsi,FP2.5T,20,20,30,40
Marinobacter lipolyticus,SM19,25,15,37,40
Marinobacter litoralis,SW-45T,42,4,30,46
Marinobacter lutaoensis,T5054,25,25,45,50
Marinobacter maritimus,CK 47,33,4,22,37
Marinobacter maroccanus,CECT 9525T,36,4,37,40
Marinobacter mobilis,CGMCC 1,27,15,30,42
Marinobacter nanhaiticus,D15-8W,30,10,25,40
Marinobacter nitratireducens,AK21,27,15,28,42
Marinobacter oulmenensis,Set74T,15,30,38.5,45
Marinobacter oulmenensis,Set74,15,30,37,45
Marinobacter pelagius,CGMCC 1,44,4,30,48
Marinobacter pelagius,HS225,44,4,25,48
Marinobacter persicus,M9B,20,25,35,45
Marinobacter piscensis,Abdou3,30,15,37,45
Marinobacter psychrophilus,20041T,22,0,17,22
Marinobacter psychrophilus,20041,22,0,16,22
Marinobacter qingdaonensis,ASW11-75T,35,10,37,45
Marinobacter salarius,R9SW1,36,4,25,40
Marinobacter salexigens,HJR7T,36,4,30,40
Marinobacter salicampi,ISL-40T,35,4,30,39
Marinobacter salinexigens,JCM 33013T,35,10,28,45
Marinobacter salinus,Hb8T,27,10,37,37
Marinobacter salsuginis,SD-14B,35,10,36,45
Marinobacter salsuginis,DSM 18347T,35,10,37,45
Marinobacter segnicrescens,LMG 23928T,30,15,37,45
Marinobacter segnicrescens,SS011B1-4,30,15,30,45
Marinobacter shengliensis,SL013A34A2,30,10,35,40
Marinobacter similis,A3d10,36,4,25,40
Marinobacter szutsaonensis,BCRC 17809T,40,10,40,50
Marinobacter szutsaonensis,NTU-104,40,10,35,50
Marinobacter vinifirmus,DSM 17747T,30,15,20,45
Marinobacter vulgaris,KCTC 52700T,36,4,33,40
Marinobacter xestospongiae,UST090418-1611,27,15,28,42
Marinobacter xestospongiae,JCM 17469T,27,15,36,42
Marinobacter zhanjiangensis,JSM 078120,31,4,25,35
Marinobacter zhejiangensis,CN74,27,15,30,42
Marinobacterium aestuarii,ST58-10T,31,4,22.5,35
Marinobacterium aestuarii,ST58-10,31,4,20,35
Marinobacterium aestuariivivens,DB-1,30,10,30,40
Marinobacterium boryeongense,DMHB-2T,30,15,25,45
Marinobacterium georgiense,,37,4,37,41
Marinobacterium litorale,IMCC1877,34,8,30,42
Marinobacterium lutimaris,AN9T,25,15,27.5,40
Marinobacterium lutimaris,AN9,25,15,25,40
Marinobacterium mangrovicola,Gal22,38,4,28,42
Marinobacterium mangrovicola,DSM 27697T,38,4,37,42
Marinobacterium marisflavi,IMCC4074,27,15,30,42
Marinobacterium maritimum,AR11,30,7,26.5,37
Marinobacterium maritimum,KCTC 22254T,30,7,28,37
Marinobacterium nitratireducens,,25,15,35,40
Marinobacterium profundum,PAMC 27536,28,4,25,32
Marinobacterium rhizophilum,CL-YJ9,25,5,25,30
Marinobacterium sediminicola,,27,15,35,42
Marinobacterium zhoushanense,WM3,28,15,37,43
Marinobacterium zhoushanense,KCTC 42782T,28,15,40,43
Marinococcus hispanicus,J-82,22,15,37,37
Marinococcus luteus,YIM 91094,27,10,28,37
Marinococcus salis,5M,35,10,37,45
Marinococcus tarijensis,SR-1,40,10,37,50
Marinococcus tarijensis,LMG 26930T,40,10,37,50
Marinomonas agarivorans,QM202T,22,15,30,37
Marinomonas alcarazii,,32,5,25,37
Marinomonas algicida,Yeongu 1-4T,38,4,30,42
Marinomonas aquiplantarum,,32,5,25,37
Marinomonas arctica,328T,37,0,26,37
Marinomonas arctica,328,37,0,25,37
Marinomonas arenicola,KMM 3893,33,4,25,37
Marinomonas atlantica,Cmf 18.22,33,4,24,37
Marinomonas brasilensis,R-40503,33,7,28,40
Marinomonas dokdonensis,DSW10-10T,33,4,30,37
Marinomonas epiphytica,JCM 31365T,20,15,25,35
Marinomonas flavescens,KCTC 72113T,33,4,25,37
Marinomonas fungiae,AN44,26,16,28,42
Marinomonas gallaica,Cmf 17.2,33,4,24,37
Marinomonas hwangdonensis,HDW-15,33,4,25,37
Marinomonas mangrovi,B20-1T,30,10,25,40
Marinomonas ostreistagni,UST010306-043T,24,16,35,40
Marinomonas ostreistagni,UST010306-043,24,16,33,40
Marinomonas pontica,LMG 22531T,29,4,25,33
Marinomonas pontica,46-16,29,4,20,33
Marinomonas posidonica,,20,5,25,25
Marinomonas profundi,M1K-6T,41,-4,25,37
Marinomonas profundimaris,D104,33,4,25,37
Marinomonas shanghaiensis,KCTC 62646T,36,4,35,40
Marinomonas ushuaiensis,U1T,21,4,20,25
Marinoscillum furvescens,,30,15,33.5,45
Marinoscillum luteum,SJP7,25,15,30,40
Marinoscillum pacificum,MRN461T,25,15,33,40
Marinospirillum alkaliphilum,Z4,41.2,8,37.9,49.2
Marinospirillum celere,LMG 24610T,42,13,35,55
Marinospirillum insulare,LMG 21802T,33,4,25,37
Marinospirillum megaterium,JCM 10129T,21,4,20,25
Marinospirillum minutulum,ATCC 19193T,26,4,20,30
Marinovum algicola,FF3,27,10,25,37
Marinovum faecis,YP194,41,4,30,45
Mariprofundus aestuarium,CP-5,20,10,20,30
Mariprofundus ferrinatatus,CP-8,20,15,25,35
Mariprofundus micogutta,ET2,15,15,25,30
Maripseudobacter aurantiacus,CDA4T,25,15,35,40
Marisediminicola antarctica,DSM 22350T,26,0,23,26
Marisediminicola antarctica,ZS314,26,0,18,26
Marisediminitalea mangrovi,WH169,36,4,37,40
Marispirillum indicum,LMG 24627T,31,10,37,41
Marispirillum indicum,B142,31,10,25,41
Marispirochaeta aestuarii,JC444T,30,15,32.5,45
Marispirochaeta aestuarii,JC444,30,15,30,45
Maritalea mediterranea,CECT 30306T,30,12,30,42
Maritalea mobilis,E6,38,4,36,42
Maritalea myrionectae,CL-SK30,30,10,30,40
Maritalea porphyrae,LCM-3T,45,0,30,45
Maritalea porphyrae,LCM-3,30,10,30,40
Maritimibacter alkaliphilus,HTCC2654,21,16,30,37
Maritimibacter lacisalsi,X12M-4,25,15,25,40
Maritimimonas rapanae,A31T,27,10,30,37
Marivibrio halodurans,ZC80,40,10,37,50
Marivirga atlantica,SM1354,36,4,30,40
Marivirga aurantiaca,S37H4T,36,4,25,40
Marivirga harenae,NBRC 15981T,30,5,30,35
Marivirga lumbricoides,JLT2000T,41,4,28,45
Marivirga tractuosa,H-43,30,10,28,40
Marivita cryptomonadis,CL-SK44,20,15,30,35
Marivita geojedonensis,DPG-138T,30,10,30,40
Marivita hallyeonensis,DPG-28,30,10,30,40
Marivita lacus,TS-T44T,20,15,25,35
Marivita litorea,CL-JM1,18,15,30,33
Marivita roseacus,CB1052,20,10,30,30
Marivivens donghaensis,AM-4,30,10,30,40
Marivivens marinum,MK-3T,25,15,30,40
Marivivens niveibacter,HSLHS2,35,5,35,40
Marixanthomonas ophiurae,JCM 14121T,27,5,28,32
Marixanthomonas ophiurae,KMM 3046,27,5,25,32
Marmoricola aequoreus,JCM 13812T,27,10,30,37
Marmoricola aquaticus,B374T,27,10,29,37
Marmoricola aquaticus,B374,27,10,28,37
Marmoricola bigeumensis,MSL-05T,17,20,28,37
Marmoricola bigeumensis,MSL-05,17,20,28,37
Marmoricola caldifontis,KCTC 49192T,30,20,45,50
Marmoricola endophyticus,8BXZ-J1T,25,10,29,35
Marmoricola endophyticus,8BXZ-J1,25,10,28,35
Marmoricola ginsengisoli,Gsoil 097,27,10,30,37
Marmoricola korecus,Sco-A36,33,4,30,37
Marmoricola mangrovicus,KCTC 39790T,25,10,30,35
Marmoricola pocheonensis,Gsoil 818,30,10,30,40
Marmoricola scoriae,Sco-D01T,27,10,30,37
Marmoricola silvestris,S20-100T,30,0,25,30
Marmoricola solisilvae,,25,10,29,35
Marmoricola solisilvae,KACC 17307T,25,10,28,35
Marmoricola terrae,,25,10,29,35
Marmoricola terrae,KACC 17308T,25,10,28,35
Marortus luteolus,KCTC 62160T,25,10,30,35
Martelella endophytica,YC6887T,36,4,29,40
Martelella endophytica,YC6887,36,4,28,40
Martelella limonii,YC7034,36,4,25,40
Martelella lutilitoris,GH2-6,25,20,30,45
Martelella mangrovi,,30,10,25,40
Martelella mediterranea,MACL11T,33,4,28,37
Martelella radicis,BM5-7T,20,15,25,35
Martelella suaedae,YC7033,30,10,25,40
Massilia aerilata,5516S-11T,30,5,28,35
Massilia agilis,,37,4,28,45
Massilia agilis,J9,41,4,28,45
Massilia agri,K-3-1,41,4,20,45
Massilia agrisoli,KACC 21999T,25,10,28,35
Massilia albidiflava,KCTC 12343T,35,10,28,45
Massilia alkalitolerans,YIM 31775,51,4,28,55
Massilia arenae,GEM5T,26,4,25,30
Massilia armeniaca,ZMN-3T,35,10,30,45
Massilia arvi,THG-RS2OT,32,10,28,42
Massilia arvi,THG-RS2O,32,10,25,42
Massilia atriviolacea,KCTC 62720T,29,4,25,33
Massilia aurea,AP13T,26,4,28,30
Massilia brevitalea,byr23-80T,26,4,15,30
Massilia buxea,A9T,33,4,28,37
Massilia buxea,A9,27,10,28,37
Massilia chloroacetimidivorans,TA-C7e,25,15,28,40
Massilia consociata,CCUG 58010,22,15,27.5,37
Massilia dura,,35,10,29,45
Massilia dura,KCTC 12342T,35,10,28,45
Massilia eurypsychrophila,B528-3,25,0,10,25
Massilia flava,Y9,35,10,29,45
Massilia flava,CGMCC 1,35,10,28,45
Massilia glaciei,B448-2,26,4,20,30
Massilia haematophila,CCUG 38318,22,15,25,37
Massilia humi,THG-S6.8,38,4,25,42
Massilia jejuensis,5317J-18T,30,5,30,35
Massilia kyonggiensis,TSA1,32,10,25,42
Massilia lurida,D5T,27,10,29,37
Massilia lurida,D5,27,10,28,37
Massilia lutea,,35,10,28,45
Massilia lutea,101,35,10,28,45
Massilia namucuonensis,333-1-0411,33,4,28,37
Massilia neuiana,PTW21T,35,10,30,45
Massilia niabensis,5420S-26,30,5,28,35
Massilia niastensis,KACC 12599T,35,5,28,40
Massilia phosphatilytica,12-OD1T,33,4,30,37
Massilia phosphatilytica,12-OD1,33,4,28,37
Massilia pinisoli,KACC 18748T,27,10,32,37
Massilia plicata,,35,10,28,45
Massilia plicata,KCTC 12344T,35,10,28,45
Massilia psychrophila,B1555-1T,15,10,15,25
Massilia putida,6NM-7T,12,25,30,37
Massilia solisilvae,,33,4,28,37
Massilia solisilvae,J18,41,4,28,45
Massilia suwonensis,5414S-25,35,5,30,40
Massilia terrae,,37,4,28,45
Massilia terrae,JCM 31606T,41,4,28,45
Massilia tieshanensis,TS3,33,4,28,37
Massilia umbonata,LP01T,33,4,30,37
Massilia umbonata,LP01,33,4,28,37
Massilia violacea,CAVIO T,25,10,28,35
Massilia violaceinigra,B2,24,4,20,28
Massilia yuzhufengensis,Y1243-1T,33,2,25,35
Massilibacteroides vaginae,MV12,15,25,37,40
Massilioclostridium coli,Marseille-P2976,8,37,37,45
Mechercharimyces asporophorigenens,DSM 44955T,17,20,30,37
Mechercharimyces mesophilus,DSM 44894T,22,15,30,37
Mediterranean seawater,ATCC 49840,35,10,32,45
Meganema perideroedes,Gr1T,20,15,30,35
Megaspahaera hexanoica,JCM 31403T,10,30,37,40
Megasphaera hexanoica,JCM 31403T,10,30,37,40
Megasphaera indica,NMBHI-10T,25,15,37,40
Megasphaera massiliensis,NP3,15,30,37,45
Megasphaera paucivorans,VTT E-032341,22,15,30,37
Megasphaera stantonii,DSM 106750T,20,30,42,50
Megasphaera sueciensis,VTT E-97791,22,15,30,37
Megsphaera indica,DSM 25563T,25,15,37,40
Meiothermus cateniformans,LY1T,36,30,57.5,66
Meiothermus cateniformans,LY1,30,30,55,60
Meiothermus cerbereus,GY-1,25,35,55,60
Meiothermus chliarophilus,ALT-8,20,40,50,60
Meiothermus granaticius,AF-68,25,30,45,55
Meiothermus hypogaeus,NBRC 106114T,22,35,50,57
Meiothermus luteus,YIM 72257,15,50,60,65
Meiothermus roseus,YIM 71031,28,37,50,65
Meiothermus ruber,21,35,35,60,70
Meiothermus rufus,CAL-4,30,35,55,65
Meiothermus silvanus,VI-R2,25,40,55,65
Meiothermus taiwanensis,WR-30T,30,40,55,70
Meiothermus terrae,YIM 77755,20,35,50,55
Melaminivora alkalimesophila,DSM 26006T,35,15,40,50
Melaminivora jejuensis,KBB12,30,15,30,45
Melaminivora jejuensis,KCTC 32230T,30,15,37,45
Melghiribacillus thermohalophilus,Nari2A<sup>T</sup>,27,35,52.5,62
Melghiribacillus thermohalophilus,DSM 25894T,27,35,50,62
Melghirimyces algeriensis,DSM 45474T,23,37,40,60
Melghirimyces profundicolus,SCSIO 11153,28,37,52.5,65
Melghirimyces profundicolus,SCSIO 11153T,28,37,55,65
Melioribacter roseus,P3M-2,25,35,55,60
Melitea salexigens,5IX/A01/131T,22,15,30,37
Melittangium lichenicola,ATCC 25946,19,18,25,37
Membranicola marinus,CZ-AZ5,20,20,30,40
Meniscus glaucopis,V,20,15,30,35
Merdimonas faecis,BR31T,20,25,37,45
Meridianimaribacter flavus,NH57NT,28,9,30,37
Meridianimarinicoccus roseus,TG-679T,30,10,28,40
Mesoaciditoga lauensis,DSM 25116T,20,45,57,65
Mesoflavibacter aestuarii,KYW614,40,4,25,44
Mesoflavibacter profundi,YC1039,37,4,25,41
Mesoflavibacter sabulilitoris,GJMS-9,30,10,30,40
Mesoflavibacter zeaxanthinifaciens,TD-ZX30,28,16,35,44
Mesohalobacter halotolerans,WDS2C27T,22,20,37,42
Mesohalobacter salilacus,KCTC 72044T,36,4,28,40
Mesonia algae,KCTC 12089T,30,4,23,34
Mesonia algae,KMM 3909,30,4,21,34
Mesonia aquimarina,IMCC1021,27,10,25,37
Mesonia hippocampi,96_Hippo_TS_3/13T,32,4,28,36
Mesonia hippocampi,96_Hippo_TS_3/13,32,4,20,36
Mesonia maritima,S14-6T,25,10,30,35
Mesonia maritimus,15-S14-6T,25,10,25,35
Mesonia maritimus,S14-6T,25,10,30,35
Mesonia maritimus,15-S14-6,25,10,25,35
Mesonia mobilis,KCTC 12708T,35,4,30,39
Mesonia mobilis,KMM 6059,35,4,28,39
Mesonia ostreae,T-y2T,27,4,25,31
Mesonia phycicola,MDSW-25T,20,10,25,30
Mesonia phycicola,MDSW-25,20,10,25,30
Mesonia sediminis,MF326,38,4,30,42
Mesoplasma chauliocola,ATCC 49578,27,10,32,37
Mesoplasma chauliocola,CHPA-2,27,10,32,37
Mesoplasma coleopterae,ATCC 49583,27,10,30,37
Mesoplasma coleopterae,BARC 779,27,10,30,37
Mesoplasma corruscae,ATCC 49579,22,10,30,32
Mesoplasma entomophilum,TAC,9,23,30,32
Mesoplasma florum,L1T,19,18,30,37
Mesoplasma grammopterae,ATCC 49580,27,10,30,37
Mesoplasma lactucae,831-C4,19,18,30,37
Mesoplasma photuris,ATCC 49581,22,10,30,32
Mesoplasma pleciae,ATCC 49582,14,18,30,32
Mesoplasma seiffertii,F7,15,20,28,35
Mesoplasma syrphidae,ATCC 43706,22,10,23,32
Mesoplasma tabanidae,ATCC 49584,27,10,37,37
Mesorhizobium calcicola,ICMP 19560,15,15,28,30
Mesorhizobium composti,CC-YTH430,25,15,30,40
Mesorhizobium ephedrae,6GN-30T,30,15,30,45
Mesorhizobium erdmanii,USDA 3471,24,10,28,34
Mesorhizobium gobiense,CCBAU 83330,50,10,25,60
Mesorhizobium hankyongi,Gsoil 531,24,18,30,42
Mesorhizobium helmanticense,CSLC115NT,30,5,28,35
Mesorhizobium japonicum,MAFF 303099,33,4,28,37
Mesorhizobium japonicum,Opo-235,19,15,28,34
Mesorhizobium jarvisii,ATCC 33669,28,10,28,38
Mesorhizobium kowhaii,,15,15,28,30
Mesorhizobium liriopis,KACC 22720T,7,25,28,32
Mesorhizobium metallidurans,STM 2683,37,4,28,41
Mesorhizobium muleiense,CCBAU 83963,33,4,28,37
Mesorhizobium newzealandense,,15,15,28,30
Mesorhizobium oceanicum,B7T,15,25,35,40
Mesorhizobium olivaresii,CPS13,22,15,28,37
Mesorhizobium qingshengii,CCBAU 33460,25,10,28,35
Mesorhizobium retamae,DSM 112841T,40,5,28,45
Mesorhizobium sangaii,SCAU7,5,25,28,30
Mesorhizobium sediminum,YIM M12096,27,10,25,37
Mesorhizobium sediminum,KCTC 42205T,27,10,30,37
Mesorhizobium shangrilense,CCBAU 65327,27,10,28,37
Mesorhizobium silamurunense,CCBAU 01550,12,28,28,40
Mesorhizobium soli,NHI-8,25,15,28,40
Mesorhizobium sophorae,,15,15,28,30
Mesorhizobium waitakense,,15,15,28,30
Mesorhizobium wenxiniae,WYCCWR 10195T,33,4,28,37
Mesosutterella multiformis,JCM 32464T,25,20,37,45
Mesotoga infera,VNs100T,20,30,45,50
Mesotoga prima,MesG1.Ag.4.2,30,20,37,50
Metabacillus arenae,IB182487T,41,4,30,45
Metabacillus sediminilitoris,DSM 109843T,31,16,37,47
Metakosakonia massiliensis,JC163,20,25,37,45
Metallosphaera cuprina,Ar-4T,20,55,65,75
Metallosphaera hakonensis,HO1-1,30,50,70,80
Metallosphaera prunae,Ron 12/II,25,55,75,80
Metallosphaera sedula,TH2,30,50,75,80
Metallosphaera tengchongensis,Ric-AT,20,55,70,75
Methanimicrococcus blatticola,PA,20,20,39,40
Methanobacterium aarhusense,H2-LR,30,15,45,45
Methanobacterium aggregans,E09F.3T,20,25,40,45
Methanobacterium alcaliphilum,WeN4,20,25,37,45
Methanobacterium arcticum,DSM 19844T,30,15,37,45
Methanobacterium beijingense,8-2T,25,25,37,50
Methanobacterium bryantii,PA,25,25,37,50
Methanobacterium congolense,CT,25,25,39.5,50
Methanobacterium espanolae,GP9,35,15,35,50
Methanobacterium ferruginis,NBRC 105197T,20,20,35,40
Methanobacterium ferruginis,Mic6c05,25,20,40,45
Methanobacterium flexile,,40,10,36.5,50
Methanobacterium flexile,JCM 15416T,40,10,35,50
Methanobacterium formicicum,MF,8,37,41,45
Methanobacterium ivanovii,31,40,15,45,55
Methanobacterium kanagiense,169T,30,15,40,45
Methanobacterium lacus,17A1,27,14,30,41
Methanobacterium lacus,17A1T,26,14,30,40
Methanobacterium movens,JCM 15415T,40,10,38,50
Methanobacterium movens,TS-2,40,10,35,50
Methanobacterium movilense,DSM 26032T,44,0,33,44
Methanobacterium oryzae,FPiT,22,20,40,42
Methanobacterium paludis,,24,16,34.5,40
Methanobacterium paludis,SWAN1,24,16,32,40
Methanobacterium palustre,F,25,20,33,45
Methanobacterium petrolearium,NBRC 105198T,20,20,35,40
Methanobacterium subterraneum,DSM 11074T,41.4,3.6,40,45
Methanobacterium thermaggregans,DSM 3266,35,40,65,75
Methanobacterium uliginosum,P2St,30,15,40,45
Methanobacterium veterum,MK4,36,10,28,46
Methanobrevibacter acididurans,ATM,12,25,35,37
Methanobrevibacter arboriphilicus,DSM 1125T,20,25,35,45
Methanobrevibacter arboriphilus,DH1,35,10,30,45
Methanobrevibacter boviskoreani,JH1T,10,35,38.5,45
Methanobrevibacter boviskoreani,JH1,10,35,37,45
Methanobrevibacter curvatus,RFM-2,20,10,30,30
Methanobrevibacter cuticularis,RFM-1,27,10,37,37
Methanobrevibacter filiformis,RFM-3,23.5,10,30,33.5
Methanobrevibacter millerae,ZA-10,10,33,36,43
Methanobrevibacter olleyae,KM1H5-1P,14,28,36,42
Methanobrevibacter oralis,ZR,14,25,35,39
Methanocalculus chunghsingensis,K1F9705bT,25,20,37,45
Methanocalculus halotolerans,SEBR 4845,20,25,38,45
Methanocalculus natronophilus,Z-7105,30,15,35,45
Methanocalculus pumilus,MHT-1,20,25,35,45
Methanocalculus taiwanensis,P2F9704aT,17,25,37,42
Methanocaldococcus abyssi,28Aᵀ (=DSM 120179ᵀ=JCM 39640ᵀ),35,50,80,85
Methanocaldococcus bathoardescens,JH146T,32,58,82,90
Methanocaldococcus fervens,AG8G,44,48,85,92
Methanocaldococcus indicus,SL43,36,50,85,86
Methanocaldococcus infernus,ME,40,49,85,89
Methanocaldococcus jannaschii,JAL-1,36,50,85,86
Methanocaldococcus lauensis,DSM 109608T,48,45,80,93
Methanocaldococcus villosus,KIN24-T80,35,55,80,90
Methanocaldococcus vulcanius,M7,40,49,80,89
Methanocella arvoryzae,MRE50T,18,37,45,55
Methanocella conradii,HZ254,23,37,55,60
Methanocella paludicola,JCM 13418T,15,25,35,40
Methanococcoides alaskense,AK-5,23,5,23.6,28
Methanococcoides alaskense,DSM 17273T,32.9,-2.3,25,30.6
Methanococcoides burtonii,DSM 6242,32,-2.5,23.4,29.5
Methanococcoides methylutens,TMA-10,20,15,30,35
Methanococcus aeolicus,Nankai-3T,35,20,46,55
Methanococcus fervens,,44,48,85,92
Methanococcus frisius,DSM 3318,20,22,36,42
Methanococcus infernus,MET,36,55,85,91
Methanococcus maripaludis,JJ,29,18,38,47
Methanococcus vannielii,SB,25,20,37.5,45
Methanococcus voltae,PS,24,21,38,45
Methanococcus voltae,A3,25,20,37.5,45
Methanococcus vulcanius,M7T,40,49,80,89
Methanocorpusculum aggregans,MSt,15,25,35,40
Methanocorpusculum bavaricum,SZSXXZ,25,15,37,40
Methanocorpusculum labreanum,Z,15,25,37,40
Methanocorpusculum parvum,XII,30,15,37,45
Methanocorpusculum sinense,China Z,30,15,30,45
Methanoculleus bourgensis,MS2,8,37,40,45
Methanoculleus chikugoensis,MG62,25,15,25,40
Methanoculleus horonobensis,DSM 21626T,20,25,37,45
Methanoculleus hydrogenitrophicus,HCT,27,18,37,45
Methanoculleus marisnigri,JR1,33,15,20,48
Methanoculleus palmolei,INSLUZT,28,22,40,50
Methanoculleus receptaculi,ZC-2,35,30,50,65
Methanoculleus sediminis,S3FaT,30,20,37,50
Methanoculleus submarinus,Nankai-1,41,11,43,52
Methanoculleus taiwanensis,CYW4,17,25,37,42
Methanoculleus thermophilus,CR-1,28,37,55,65
Methanofervidicoccus abyssi,JCM 32161T,20,60,70,80
Methanofollis aquaemaris,N2F9704,23,20,37,43
Methanofollis ethanolicus,HASUT,25,15,37,40
Methanofollis fontis,DSM 107935T,20,20,37,40
Methanofollis formosanus,ML15,19.5,20,37,42
Methanofollis formosanus,DSM 15483T,17,25,37,42
Methanofollis liminatans,DSM 4140,30,15,40,45
Methanofollis tationis,Chile 9,19,25,42,44
Methanogenium boonei,AK-7,20.6,5,19.4,25.6
Methanogenium cariaci,JR1,20,15,20,35
Methanogenium frigidum,Ace-2,17,0,15,17
Methanogenium frigidum,,20,0,14.85,20
Methanogenium marinum,AK-1,20,5,25,25
Methanogenium organophilum,CV,9,30,32.5,39
Methanogenium thermophilicum,CR-1,28,37,55,65
Methanohalobium evestigatum,Z-7303,23,37,40,60
Methanohalophilus halophilus,Z-7982,22,18,26,40
Methanohalophilus levihalophilus,GTA13,20,20,35,40
Methanohalophilus oregonense,WAL1T,2,35,37,37
Methanohalophilus oregonensis,WAL1,37,7,34,44
Methanohalophilus portucalensis,FDF-1,23,25,40,48
Methanolacinia paynteri,G-2000,17,25,40,42
Methanolacinia petrolearia,DSM 11571,24,17,40,41
Methanolinea mesophila,TNR,20,20,37,40
Methanolinea tarda,NOBI-1,20,35,50,55
Methanolobus bombayensis,B-1T,31.8,13.2,37,45
Methanolobus bombayensis,B-1,25,15,37,40
Methanolobus chelungpuianus,R15,21,24,37,45
Methanolobus halotolerans,NBRC 113166 T,36,4,30,40
Methanolobus mangrovi,JCM 39396T,27,10,33,37
Methanolobus oregonensis,WAL1,30,15,37,45
Methanolobus profundi,DSM 21213T,28,9,30,37
Methanolobus psychrophilus,R15,25,0,18,25
Methanolobus psychrotolerans,DSM 104044T,37,0,30,37
Methanolobus sediminis,JCM 39397T,27,15,37,42
Methanolobus siciliae,DSM 3028,28,20,40,48
Methanolobus taylorii,GS-16,30,15,37,45
Methanolobus tindarius,Tindari3,30,10,37,40
Methanolobus vulcani,PL-12/M (= OCM 157),32,13,40,45
Methanolobus vulcani,PL-12,30,10,28,40
Methanolobus zinderi,DSM 21339T,25,25,50,50
Methanolobus zinderi,SD1,25,25,40,50
Methanomassiliicoccus luminyensis,B10T,20,25,37,45
Methanomethylovorans hollandica,DMS1,28,12,34,40
Methanomethylovorans thermophila,L2FAWT,16,42,50,58
Methanomethylovorans uponensis,EK1,15,25,37,40
Methanomicrobium antiquum,DSM 21220T,25,15,35,40
Methanomicrobium mobile,BP,15,30,40,45
Methanonatronarchaeum thermophilum,AMET1T,12,48,50,60
Methanonatronarchaeum thermophilum,AMET1,30,30,50,60
Methanoplanus endosymbiosus,MC1,20,16,32,36
Methanoplanus limicola,DSM 2279,24,17,40,41
Methanopyrus kandleri,116,37,85,100,122
Methanopyrus kandleri,AV19,26,84,98,110
Methanoregula boonei,6A8T,30,10,35,40
Methanoregula boonei,6A8,30,10,35,40
Methanoregula formicica,NBRC 105244T,30,10,33,40
Methanoregula formicica,SMSP,30,10,30,40
Methanosaeta harundinacea,8AcT,20,25,35,45
Methanosaeta harundinacea,8Ac,20,25,34,45
Methanosaeta pelagica,03d30q,15,20,30,35
Methanosarcina acetivorans,ATCC35395,30,15,35,45
Methanosarcina baltica,GS1-A,23,4,25,27
Methanosarcina flavescens,E03.2,35,20,45,55
Methanosarcina frisia,DSM 3318,20,22,36,42
Methanosarcina horonobensis,DSM 21571T,22,20,37,42
Methanosarcina lacustris,ZS,34,1,25,35
Methanosarcina mangrovi,JCM 39553T,27,15,37,42
Methanosarcina mazei,S-6,25,20,40,45
Methanosarcina semesiae,MD1,21,18,30,39
Methanosarcina siciliae,T4/M,20,20,35,40
Methanosarcina soligelidi,SMA-21,54,0,28,54
Methanosarcina spelaei,MC-15,54,0,33,54
Methanosarcina subterranea,HC-2,30,10,35,40
Methanosarcina thermophila,TM-1,20,35,50,55
Methanosarcina vacuolata,DSM 1232,24,18,37,42
Methanosarcina vacuolata,2-761,24,18,37,42
Methanosphaera stadtmanae,MCB-3,10,30,36,40
Methanosphaerula palustris,E1-9cT,21,14,30,35
Methanosphaerula palustris,E1-9c,21,14,28,35
Methanospirillum hungatei,JF1,30,20,37,50
Methanospirillum lacunae,Ki8-1,22,15,30,37
Methanospirillum psychrodurum,X-18T,28,4,25,32
Methanospirillum stamsii,DSM 26304T,32,5,20,37
Methanosuratincola petrocarbonis,LWZ-6T,30,35,55,65
Methanothermobacter crinale,Tm2,35,45,60,80
Methanothermobacter defluvii,ADZ,20,45,62.5,65
Methanothermobacter marburgensis,Marburg,25,45,60,70
Methanothermobacter tenebrarum,RMAST,35,45,70,80
Methanothermobacter thermautotrophicus,H,35,40,65,75
Methanothermobacter thermoflexus,IDZ,25,45,55,70
Methanothermobacter thermophilus,M,20,45,57,65
Methanothermobacter wolfeii,ATCC43096,37,37,55,74
Methanothermococcus jasoni,DSM 118471T,42,33,73,75
Methanothermococcus okinawensis,IH1,35,40,62.5,75
Methanothermococcus okinawensis,JCM 11175T,35,40,65,75
Methanothermococcus thermolithotrophicus,SN-1,53,17,62.5,70
Methanothermus fervidus,V24S,32,65,83,97
Methanothermus sociabilis,Kf1-F1,42,55,88,97
Methanothrix soehngenii,GO6,35,10,35,45
Methanothrix thermoacetophila,PT,40,30,55,70
Methanotorris formicicus,JCM 11930T,28,55,75,83
Methanotorris formicicus,Mc-S-70,28,55,70,83
Methanotorris igneus,Kol 5,46,45,88,91
Methermicoccus shengliensis,ZC-1T,20,50,65,70
Methylacidiphilum kamchatkense,JCM 30608T,28,37,55,65
Methylacidiphilum kamchatkense,Kam1,23,37,55,60
Methylarcula marina,h1T,32,10,32,42
Methylarcula marina,h1,32,10,29,42
Methylarcula terricola,,30,10,30.5,40
Methylarcula terricola,h37,30,10,29,40
Methylibium aquaticum,NBRC 102349T,27,15,30,42
Methylicorpusculum oleiharenae,XLMV4T,10,20,25,30
Methylobacillus arboreus,Iva,29,10,19,39
Methylobacillus caricis,OV,17,20,22,37
Methylobacillus flagellatus,KT,42,10,42,52
Methylobacillus gramineus,Lap,29,10,19,39
Methylobacillus methanolivorans,JCM 31401T,30,10,29,40
Methylobacillus pratensis,F31T,27,10,27.5,37
Methylobacillus pratensis,F31,27,10,25,37
Methylobacillus rhizosphaerae,Ca-68,22,15,25,37
Methylobacter arcticus,G7T (DSM: 117899; LMG: 33632),17,4,8,21
Methylobacter luteus,NCIMB 11914,17,20,30,37
Methylobacter luteus,ACM 3304,25,15,30,40
Methylobacter marinus,A45,25,15,35,40
Methylobacter psychrophilus,Z-0021,19,1,3.5,20
Methylobacter tundripaludum,SV96T,35,5,23,40
Methylobacter whittenburyi,Y,25,15,30,40
Methylobacterium adhaesivum,AR27,20,15,28,35
Methylobacterium aerolatum,5413S-11,25,10,28,35
Methylobacterium aquaticum,GR16,10,20,28,30
Methylobacterium brachiatum,,25,10,30,35
Methylobacterium brachiatum,B0021,36,4,30,40
Methylobacterium bullatum,F3.2,23,10,28,33
Methylobacterium cerastii,C15,18,10,20,28
Methylobacterium crusticola,MIMD6T,17,20,30,37
Methylobacterium currus,KACC 19662T,24,18,30,42
Methylobacterium frigidaeris,IER25-16T,30,10,30,40
Methylobacterium gnaphalii,23eT,9,28,28,37
Methylobacterium gossipiicola,Gh-105T,10,20,28,30
Methylobacterium gregans,,25,10,25,35
Methylobacterium hispanicum,GP34,15,15,28,30
Methylobacterium iners,,20,10,26.5,30
Methylobacterium iners,KACC 11765T,20,10,25,30
Methylobacterium isbiliense,AR24T,17,20,28,37
Methylobacterium jeotgali,KCTC 12671T,10,20,30,30
Methylobacterium komagatae,,25,10,25,35
Methylobacterium komagatae,002-079,20,10,25,30
Methylobacterium marchantiae,JT1T,28,4,25,32
Methylobacterium nodulans,ORS 2060,7,30,30,37
Methylobacterium nonmethylotrophicum,6HR-1T,22,15,28,37
Methylobacterium oryzae,CBMB20,10,20,28,30
Methylobacterium oryzisoli,KCTC 8693T,12,25,30,37
Methylobacterium oxalidis,35aT,7,28,28,35
Methylobacterium persicinum,,25,10,27.5,35
Methylobacterium persicinum,002-165,25,10,25,35
Methylobacterium phyllosphaerae,CBMB27,10,20,28,30
Methylobacterium phyllostachyos,,17,20,29,37
Methylobacterium phyllostachyos,NBRC 105206T,17,20,28,37
Methylobacterium platani,PMB02T,10,20,25,30
Methylobacterium platani,PMB02,10,20,25,30
Methylobacterium podarium,FM4,31,12,37,43
Methylobacterium pseudosasicola,BL36T,17,20,29,37
Methylobacterium pseudosasicola,BL36,17,20,28,37
Methylobacterium soli,YIM 48816,33,4,28,37
Methylobacterium tardum,,20,15,30,35
Methylobacterium tardum,RB677,20,15,25,35
Methylobacterium tarhaniae,N4211T,27,10,25,37
Methylobacterium tarhaniae,N4211,27,10,25,37
Methylobacterium thuringiense,LMG 25777T,18,10,16,28
Methylobacterium thuringiense,TA73,18,10,20,28
Methylobacterium trifolii,LMG 25778T,18,10,20,28
Methylobacterium trifolii,C34,18,10,16,28
Methylobacterium variabile,GR3,10,20,28,30
Methylobrevis pamukkalensis,PK2T,33,4,30,37
Methylocaldum marinum,S8T,27,20,36,47
Methylocaldum szegediense,OR2,25,37,55,62
Methylocaldum tepidum,LK6,17,30,42,47
Methylocapsa acidiphila,B2T,20,10,22,30
Methylocapsa aurea,KYG,31,2,25,33
Methylocapsa aurea,KYGT,31,2,30,33
Methylocapsa palsarum,NE2T,26,6,18,32
Methyloceanibacter caenitepidi,Gela4T,24,19,35,43
Methylocella palustris,KT,18,10,20,28
Methylocella palustris,K,18,10,15,28
Methylocella silvestris,BL2,26,4,15,30
Methylocella tundrae,T4T,25,5,15,30
Methylococcus geothermalis,JCM 33941T,33,15,45,48
Methylococcus mesophilus,JCM 35359T,20,18,27,38
Methylococcus mobilis,LMD 77.28.,15,22,30,37
Methylocystis bryophila,H2s,29,8,25,37
Methylocystis echinoides,IMET 10491,20,20,30,40
Methylocystis heyeri,H2,33,4,25,37
Methylocystis heyeri,DSM 16984T,25,5,25,30
Methylocystis iwaonis,SS37A-ReT,22,15,25,37
Methylocystis parvus,NCIMB 11129,20,20,30,40
Methylocystis rosea,SV97T,35,5,27,40
Methylocystis rosea,SV97,32,5,27,37
Methyloferula stellata,DSM 22108T,29,4,20,33
Methylogaea oryzae,E10T,17,20,32.5,37
Methyloglobulus morosus,KoM1,26,4,20,30
Methylohalobius crimeensis,10Ki,27,15,30,42
Methyloligella halotolerans,C2,30,10,29,40
Methyloligella solikamskensis,SK12,30,10,29,40
Methylomagnum ishizawai,RS11D-PrT,17,20,32,37
Methylomagnum ishizawai,RS11D-Pr,17,20,31,37
Methylomarinovum caldicuralii,IT-9T,25,30,45,55
Methylomarinovum tepidoasis,JCM 35101T,31,25,45,56
Methylomarinum vadi,IT-4T,24,20,37,44
Methylomicrobium japanense,NBRC 103677T,22,15,25,37
Methylomicrobium pelagicum,AA-23,20,10,20,30
Methylomonas defluvii,OY6T,17,20,30,37
Methylomonas koyamae,Fw12E-YT,30,10,30,40
Methylomonas lenta,R-45377,13,15,20,28
Methylomonas paludis,DSM 24973T,22,8,20,30
Methylomonas scandinavica,SR5,25,5,17,30
Methylomonas stagni,CM2T,15,20,30,35
Methyloparacoccus murrellii,R-49797T,17,20,29,37
Methyloparacoccus murrellii,R-49797,17,20,25,37
Methylophaga alcalica,M39T,31,4,27,35
Methylophaga alcalica,M39,31,4,25,35
Methylophaga aminisulfidivorans,MP,17,20,30,37
Methylophaga frappieri,DSM 25690T,22,15,34,37
Methylophaga lonarensis,MPL T,17,20,29,37
Methylophaga lonarensis,MPL,17,20,28,37
Methylophaga marina,ATCC 35842,7,30,30,37
Methylophaga nitratireducenticrescens,JAM1T,22,15,30,37
Methylophaga thalassica,TK 1102T,7,30,30,37
Methylophilus glucosoxydans,BT,39,4,29,43
Methylophilus quaylei,MT,22,10,25,32
Methylophilus rhizosphaerae,CBMB127,10,20,28,30
Methylopila capsulata,IMIT,7,28,29,35
Methylopila henanensis,LYBFD3-16A2,25,15,30,40
Methylopila jiangsuensis,JZL-4,27,10,30,37
Methylopila musalis,MUSAT,24,16,29,40
Methylopila musalis,MUSA,24,16,28,40
Methylopila oligotropha,2395A,24,16,29,40
Methyloprofundus sedimenti,WF1,22,4,23,26
Methylorosula polaris,V-022T,26,4,22.5,30
Methylorosula polaris,V-022,26,4,20,30
Methylorubrum podarium,NCIMB 14856T,31,12,37,43
Methylorubrum thiocyanatum,NCIMB 13651T,22,15,30,37
Methylosarcina fibrata,AML-C10T,15,22,30,37
Methylosarcina lacus,LW14T,31,4,29,35
Methylosarcina quisquiliarum,,10,22,30,32
Methylotenera mobilis,JLW8T,24,10,30,34
Methylotenera versatilis,301T,26,4,18,30
Methyloterricola oryzae,73a,30,15,27,45
Methyloterrigena soli,M48T,17,20,30,37
Methylothermus subterraneus,HTM55T,28,37,57.5,65
Methylothermus subterraneus,HTM55,28,37,55,65
Methylothermus thermalis,MYHT,30,37,58,67
Methylothermus thermalis,MYHTT,30,37,57,67
Methyloversatilis discipulorum,FAM1T,30,7,27,37
Methyloversatilis thermotolerans,CCUG 61694T,35,10,30,45
Methyloversatilis universalis,FAM5T,32,10,33.5,42
Methyloversatilis universalis,FAM5,32,10,30,42
Methylovirgula ligni,BW863T,26,4,22,30
Methylovirgula ligni,BW863,26,4,20,30
Methylovorus glucosotrophus,6B1,20,25,36,45
Methylovorus menthalis,MM,27,10,24,37
Methylovulum miyakonense,HT12,29,5,24,34
Methylovulum miyakonense,NBRC 106162T,29,5,32,34
Methylovulum psychrotolerans,LMG 29227T,34,2,20,36
Metschnikowia chrysoperlae,NRRL Y-27615,10,15,25,25
Microaceticoccus formicicus,DSM 110248T,25,20,37,45
Microaerobacter geothermalis,Nad S1,33,37,55,70
Microbacter margulisiae,JCM 19374T,20,20,30,40
Microbacterium agarici,,5,25,30,30
Microbacterium album,SYSU D8007,41,4,28,45
Microbacterium amylolyticum,N5,38,4,28,42
Microbacterium aquimaris,JS54-2,22,15,25,37
Microbacterium aquimaris,KCTC 19124T,22,15,30,37
Microbacterium assamensis,S2-48,12,25,30,37
Microbacterium aureliae,JF-6T,32,10,30,42
Microbacterium aureliae,JF-6,12,25,30,37
Microbacterium azadirachtae,AI-S262T,33,4,28,37
Microbacterium azadirachtae,AI-S262,27,10,28,37
Microbacterium binotii,CIP 101303,22,15,30,37
Microbacterium bovistercoris,JCM 32662T,24,18,28,42
Microbacterium deserti,KCTC39991T,41,4,28,45
Microbacterium diaminobutyricum,RZ63,27,10,28,37
Microbacterium enclense,DSM 25125T,12,25,30,37
Microbacterium enclense,NIO-1002,25,20,30,45
Microbacterium endophyticum,PA15,20,10,28,30
Microbacterium excoecariae,CBS5P-1T,27,10,30,37
Microbacterium faecale,YIM 101168,30,7,25,37
Microbacterium ginsengiterrae,DCY37T,30,15,30,45
Microbacterium halimionae,PA36,20,10,28,30
Microbacterium halophytorum,CGMCC 1,40,4,28,44
Microbacterium hatanonis,FCC-01T,27,10,30,37
Microbacterium hibisci,THG-T2.14,30,10,30,40
Microbacterium horticulturae,KACC 23027T,27,10,28,37
Microbacterium humi,,5,25,30,30
Microbacterium hydrothermale,0704C9-2,27,10,29,37
Microbacterium hydrothermale,0704C9-2T,27,10,28,37
Microbacterium immunditiarum,SK 18,22,15,30,37
Microbacterium indicum,LMG 23459T,22,8,22,30
Microbacterium insulae,DS-66,18,20,30,38
Microbacterium jejuense,THG-C31,23,12,25,35
Microbacterium koreense,JS53-2,17,20,30,37
Microbacterium kribbense,MSL-04T,17,20,28,37
Microbacterium kribbense,MSL-04,17,20,28,37
Microbacterium kyungheense,THG-C26,23,12,25,35
Microbacterium lemovicicum,ViU22T,22,15,30,37
Microbacterium lindanitolerans,MNA2,12,25,28,37
Microbacterium luticocti,DSM 19459T,18,27,36,45
Microbacterium mangrovi,MUSC 115,21,15,28,36
Microbacterium marinum,H101,35,2,25,37
Microbacterium memoriense,PMIC_1C1BT,15,15,25,30
Microbacterium mitrae,M4-8,22,15,30,37
Microbacterium murale,01-Gi-001,5,25,30,30
Microbacterium nanhaiense,OAct400,33,4,28,37
Microbacterium natoriense,TNJL143-2,41,4,30,45
Microbacterium neimengense,7087T,46,4,37,50
Microbacterium oryzae,MB10T,21,16,28,37
Microbacterium oxydans,CIP 66,17,20,30,37
Microbacterium paludicola,US15,22,15,25,37
Microbacterium panaciterrae,DCY56,22,15,30,37
Microbacterium paraoxydans,CF36,27,15,25,42
Microbacterium petrolearium,LAM0410T,46,4,28,50
Microbacterium petrolearium,LAM0410,46,4,28,50
Microbacterium populi,KCTC 29152T,25,15,30,40
Microbacterium profundi,Shh49T,31,4,28,35
Microbacterium protaetiae,DFW100M-13T,30,10,28,40
Microbacterium proteolyticum,RZ36T,33,4,28,37
Microbacterium pseudoresistens,,5,25,30,30
Microbacterium radiodurans,GIMN 1.002,38,4,30,42
Microbacterium rhizomatis,DCY100,25,10,30,35
Microbacterium rhizosphaerae,CHO1,17,20,30,37
Microbacterium saccharophilum,NBRC 108778T,28,9,30,37
Microbacterium salitolerans,KCTC 49757T,36,4,28,40
Microbacterium sediminis,YLB-01T,46,4,28,50
Microbacterium shaanxiense,DSM 28301T,36,4,28,40
Microbacterium soli,DCY 17T,17,25,30,42
Microbacterium sorbitolivorans,CGMCC 1,30,10,30,40
Microbacterium suaedae,CGMCC 1,36,4,28,40
Microbacterium suwonense,M1T8B9,30,10,30,40
Microbacterium telephonicum,S2T63T,17,20,30,37
Microbacterium terregens,ATCC 13345,16,10,20,26
Microbacterium tumbae,JCM 28836T,27,10,25,37
Microbacterium ureisolvens,KCTC 39802T,22,15,37,37
Microbacterium wangchenii,CGMCC 1,30,10,30,40
Microbacterium xylanilyticum,S3-E,22,15,25,37
Microbacterium yannicii,G72T,33,4,16,37
Microbacterium zeae,1204,25,15,30,40
Microbaculum mangrovi,FT89T,20,20,35,40
Microbaculum marinum,HSF11T,20,20,35,40
Microbispora bryophytorum,NEAU-TX2-2T,20,20,28,40
Microbispora fusca,DSM 104648T,25,20,28,45
Microbispora hainanensis,211020T,30,20,28,50
Microbispora siamensis,DMKUA 245,25,25,30,50
Microbispora tritici,NEAU-HRGS1-13,30,20,28,50
Microbispora triticiradicis,NEAU-HRDPA2-9T,25,20,28,45
Microbispora viridis,SF-2240 (= IFO 14382),27,15,28,42
Microbulbifer aestuariivivens,GHTF-23,30,15,37,45
Microbulbifer aggregans,LMG 29920T,30,15,30,45
Microbulbifer celer,ISL-39T,38,10,37,48
Microbulbifer chitinilyticus,ABABA212T,33,10,37,43
Microbulbifer donghaiensis,CN85,20,20,35,40
Microbulbifer echini,AM134T,26,10,30,36
Microbulbifer epialgicus,F-104,30,10,30,40
Microbulbifer gwangyangensis,GY2,30,10,35,40
Microbulbifer halophilus,YIM 91118,35,10,37,45
Microbulbifer harenosus,CGMCC 1,30,15,37,45
Microbulbifer hydrolyticus,IRE-31,31,10,37,41
Microbulbifer magnicolonia,GG15T,20,20,30,40
Microbulbifer mangrovi,DD-13,41,4,36,45
Microbulbifer marinus,,25,15,25,40
Microbulbifer marinus,Y215,25,15,25,40
Microbulbifer maritimus,TF-17T,33,15,37,48
Microbulbifer okinawensis,JCM 16147T,35,10,37,45
Microbulbifer pacificus,SPO729,30,15,35,45
Microbulbifer rhizosphaerae,Cs16b,25,15,40,40
Microbulbifer salipaludis,SM-1,35,10,37,45
Microbulbifer spongiae,MI-GT,30,10,28,40
Microbulbifer taiwanensis,CC-LN1-12,35,15,28,50
Microbulbifer variabilis,Ni-2088,30,12,30,42
Microbulbifer yueqingensis,Y226,30,15,30,45
Microcella alkaliphila,AC4rT,15,25,35,40
Microcella putealis,CV-2,25,15,35,40
Micrococcoides hystricis,TSL3,46,4,20,50
Micrococcus aloeverae,DSM 27472T,26,15,35,41
Micrococcus antarcticus,T2T,16.8,0,16.8,16.8
Micrococcus endophyticus,DSM 17945T,22,15,28,37
Micrococcus flavus,CGMCC 1,8,26,30.5,34
Micrococcus kristinae,ATCC 27570,12,26,34,38
Micrococcus lylae,,12,25,34,37
Micrococcus terreus,V3M1,15,20,33,35
Micrococcus variansa,ATCC 15306,15,22,37,37
Micrococcus yunnanensis,YIM 65004,41,4,28,45
Microcyclus marinus,ATCC 25205,18,7,22.5,25
Microlunatus aurantiacus,YIM 45721,33,4,28,37
Microlunatus cavernae,YIM C01117,27,10,22,37
Microlunatus elymi,KUDC0627T,12,25,30,37
Microlunatus endophyticus,S3Af-1,22,20,29,42
Microlunatus endophyticus,DSM 100019T,22,20,28,42
Microlunatus nigridraconis,CPCC 203993,15,15,28,30
Microlunatus phosphovorus,NM-1T,30,5,25,35
Microlunatus soli,CC-12602,5,25,30,30
Microlunatus speluncae,SYSU K12189,22,15,28,37
Microlunatus terrae,BS6,36,4,30,40
Micromonospora acroterricola,LMG 30755T,17,20,28,37
Micromonospora caldifontis,TBRC 8927T,28,20,40,48
Micromonospora chaiyaphumensis,MC5-1T,20,25,30,45
Micromonospora chersina,M956-1,31,18,37,49
Micromonospora eburnea,LK2-10,5,25,30,30
Micromonospora endolithica,AA-459,31,8,27,39
Micromonospora equina,Y22,17,20,30,37
Micromonospora fulva,UDF-1T,17,20,28,37
Micromonospora globbae,KCTC 39787T,25,20,37,45
Micromonospora globbae,WPS1-2,25,20,30,45
Micromonospora halotolerans,CR18,33,12,28,45
Micromonospora harpali,NEAU-JC6,25,15,28,40
Micromonospora humi,P0402,10,20,30,30
Micromonospora jinlongensis,NEAU-GRX11,19,18,28,37
Micromonospora kangleipakensis,DSM 45612T,22,15,28,37
Micromonospora luteifusca,GUI2,25,12,28,37
Micromonospora luteiviridis,CECT 9370T,41,4,28,45
Micromonospora lycii,NEAU-gq11,27,10,28,37
Micromonospora mangrovi,2803GPT1-18,26,16,28,42
Micromonospora maoerensis,NEAU-MES19,19,18,28,37
Micromonospora marina,JSM1-1T,30,15,30,45
Micromonospora marina,JSM1-1,30,15,25,45
Micromonospora maritima,D10-9-5,20,20,30,40
Micromonospora mirobrigensis,WA201T,17,20,28,37
Micromonospora nickelidurans,K55,17,20,28,37
Micromonospora noduli,CECT 9020T,25,12,28,37
Micromonospora oryzae,CP2R9-1,25,20,30,45
Micromonospora parathelypteridis,NEAU-JXY5T,22,15,28,37
Micromonospora pattaloongensis,TJ2-2,15,25,30,40
Micromonospora phytophila,CECT 9369T,33,12,28,45
Micromonospora pisi,GUI 15T,17,20,28,37
Micromonospora polyrhachis,NEAU-ycm2T,21,16,28,37
Micromonospora profundi,DS3010,12,28,30,40
Micromonospora radicis,KCTC 39786T,17,20,30,37
Micromonospora rhizosphaerae,211018T,30,10,28,40
Micromonospora schwarzwaldensis,HKI0641,17,20,28,37
Micromonospora sediminicola,SH2-13,20,20,25,40
Micromonospora sediminicola,SH2-13T,20,20,37,40
Micromonospora soli,SL3-70,25,20,30,45
Micromonospora sonneratiae,274745T,17,20,34,37
Micromonospora terminaliae,TMS7,30,15,27,45
Micromonospora ureilytica,CECT 9022T,17,20,28,37
Micromonospora vinacea,CECT 9019T,25,12,28,37
Micromonospora vulcania,NEAU-JM2,22,15,28,37
Micromonospora wenchangensis,2602GPT1-05,51,4,28,55
Micromonospora yangpuensis,FXJ6.011T,35,10,28,45
Micromonospora yasonensis,DS3186,17,28,30,45
Micromonospora zeae,NEAU-gq9,19,18,28,37
Microorganisms were,DSM28579T,30,20,37,50
Micropepsis pineolensis,CS4T,20,15,35,35
Micropruina glycogenica,JCM 10248,15,20,30,35
Micropruina sonneratiae,KQZ13P-5T,17,20,30,37
Microscopic investigations,"ACAM 188, which was isolated by McGuire (32) from the pycnocline of Burton Lake, Vestfold Hills, Antarctica",20,0,10,20
Microsphaera multipartita,Y-104,25,10,25,35
Microterricola gilva,SSWW-21,26,4,25,30
Microterricola viridarii,KV-677T,28,10,30,38
Microterricola viridarii,KV-677,28,10,15,38
Microvirga aerilata,,45,5,28,50
Microvirga aerophila,5420S-12T,45,5,28,50
Microvirga brassicacearum,CDVBN77,25,12,28,37
Microvirga flavescens,c27j1T,22,15,25,37
Microvirga guangxiensis,25BT,26,16,37,42
Microvirga indica,S-MI1bT,20,25,40,45
Microvirga lotononidis,,29,15,41,44
Microvirga lotononidis,WSM3557,30,15,41,45
Microvirga lupini,,33,10,39,43
Microvirga makkahensis,SV2184P,17,20,28,37
Microvirga massiliensis,JC119,27,28,37,55
Microvirga medicaginis,KCTC 18095T,30,20,37,50
Microvirga pakistanensis,NCCP-1258,25,20,40,45
Microvirga soli,R491T,25,15,28,40
Microvirga soli,R491,25,15,25,40
Microvirga subterranea,FaiI4T,20,25,41,45
Microvirga tunisiensis,LmiM8,17,20,28,37
Microvirga zambiensis,,23,15,35,38
Microvirgula aerodenitrificans,SGLY2T,30,15,35,45
Microvirgula curvata,L6T,30,10,29.5,40
Microvirgula curvata,L6,30,10,27,40
Mikroorganisem und,DSM 14006T,25,40,55,65
Mikroorganismen und,DSM 11002,25,20,42,45
Mikroorganismen und,C37-38T,15,30,37,45
Mikroorganismen und,DSM 3695T,33,4,25,37
Mikroorganismen und,SW-11T,35,10,35,45
Mikroorganismen und,Cd-10T,12,20,28,32
Mikroorganismen und,WS4937T,27,12,29,39
Minicystis rosea,SBNa008T,19,18,30,37
Minimally branched,B1,25,20,30,45
Minor polar,BCRC 17935T,35,10,35,45
Minwuia thermotolerans,KCTC 62335T,30,20,42,50
Mitsuaria noduli,HZ7T,41,4,25,45
Mizugakiibacter sediminis,skMP5T,27,25,49,52
Mizugakiibacter sediminis,skMP5,32,20,48,52
Mobilicoccus caccae,DSM 27611T,35,5,25,40
Mobilicoccus pelagius,Aji5-31,27,10,28,37
Mobilisporobacter senegalensis,Gal1T,30,15,30,45
Mobilitalea sibirica,P3M-3T,22,25,37,47
Mobiluncus curtisii,,7,35,35,42
Moderate thermophile,3753OT,18,42,54,60
Moderate thermophiles,3753OT,18,42,50,60
Modestobacter italicus,DSM 44449T,11,26,30,37
Modestobacter lapidis,MON 3.1,17,20,28,37
Modestobacter marinus,42H12-1T,31,4,28,35
Modestobacter multiseptatus,AA-826,28,0,19,28
Modestobacter muralis,MDVD1,17,20,28,37
Modestobacter roseus,KLBMP 1279T,27,10,28,37
Modestobacter versicolor,CP153-2,26,4,25,30
Modicisalibacter tunisiensis,LIT2,30,15,37,45
Modicisalibacter tunisiensis,CCUG 52917T,41,4,37,45
Moheibacter sediminis,M0116T,29,4,28,33
Moheibacter stercoris,784B1_12E-Caso,35,10,25,45
Monaibacterium marinum,C7,27,4,20,31
Monashia flava,MUSC 78,12,24,28,36
Mongoliibacter ruber,YIM 4-4T,36,4,28,40
Mongoliibacter ruber,YIM 4-4,36,4,25,40
Mongoliicoccus roseus,MIM28T,38,4,31.5,42
Mongoliicoccus roseus,MIM28,38,4,30,42
Mongoliimonas terrestris,MIMtkB18T,25,20,40,45
Mongoliitalea lutea,MIM18T,41,0,31.5,41
Mongoliitalea lutea,MIM18,41,0,30,41
Monoglobus pectinilyticus,14T,15,25,30,40
Monoglobus pectinilyticus,14,15,25,30,40
Mooreia alkaloidigena,DSM 25187T,20,20,30,40
Mooreia alkaloidigena,CNX-216,20,20,20,40
Moorella caeni,DSM 21394T,33,42,60,75
Moorella glycerini,DSM 11254,22,43,58,65
Moorella humiferrea,DSM 23265T,24,46,65,70
Moorella mulderi,TMS,30,40,65,70
Moorella perchloratireducens,An10,30,40,55,70
Moorella stamsii,DSM 26217T,20,50,65,70
Moorella thermoacetica,ATCC 35608,18,47,56,65
Moorella thermoautotrophica,JW 701/3,34,36,55,70
Moraxella atlantae,5118,4,33,33,37
Moraxella canis,LMG 11194,32,5,28,37
Moraxella caprae,CCUG 33297,7,30,35,37
Moraxella lincolnii,CCUG 9405,14,28,33,42
Moraxella porci,SN9-4M,38,4,37,42
Moritella abyssi,2693,12,2,4,14
Moritella dasanensis,ArB 0140,29.7,-11.9,9,17.8
Moritella dasanensis,ArB 0140T,21,-3,9,18
Moritella profunda,2674,10,2,2,12
Morococcus cerebrosus,ATCC 33486,19,23,33,42
Morphologically highly,None__19,16,28,42,44
Moscow heating,None__2,16,28,42,44
Most rapid,ATCC 29719,36,4,28,40
Motilibacter peucedani,RP-AC37T,17,20,30,37
Motilibacter rhizosphaerae,RS-16T,17,20,37,37
Motilimonas eburnea,YH6,22,15,28,37
Motilimonas pumila,KCTC 62589T,27,10,28,37
Motiliproteus coralliicola,SCSIO 11529T,28,22,28,50
Motiliproteus coralliicola,C34T,17,20,30,37
Motiliproteus sediminis,HS6,33,12,30,45
Mucibacter soli,R1-15,22,15,30,37
Mucilaginibacter amnicola,TAPP7,20,10,15,30
Mucilaginibacter amnicola,TAPP7T,20,10,15,30
Mucilaginibacter angelicae,GG-w14T,31,4,25,35
Mucilaginibacter antarcticus,S14-88T,24,4,15,28
Mucilaginibacter aquaedulcis,PGW1-R01T,15,15,30,30
Mucilaginibacter auburnensis,JM-1070,21,15,28,36
Mucilaginibacter boryungensis,BDR-9,33,4,25,37
Mucilaginibacter carri,PR0008KT,30,10,20,40
Mucilaginibacter craterilacus,N60AT,20,10,25,30
Mucilaginibacter daejeonensis,Jip 10T,22,15,30,37
Mucilaginibacter defluvii,A5,22,15,25,37
Mucilaginibacter dorajii,DR-f4,26,4,20,30
Mucilaginibacter flavus,HME6839,20,10,30,30
Mucilaginibacter flavus,,33,4,25,37
Mucilaginibacter fluminis,TTM-2,22,15,30,37
Mucilaginibacter formosus,MAH-5,20,15,28,35
Mucilaginibacter frigoritolerans,LMG 25359T,33,0,25,33
Mucilaginibacter galii,PP-F2F-G47,33,4,15,37
Mucilaginibacter gilvus,KCTC 62991T,26,4,25,30
Mucilaginibacter ginsengisoli,B4Y-8T,25,10,25,35
Mucilaginibacter ginsenosidivorax,KHI28,32,10,30,42
Mucilaginibacter gossypii,Gh-67T,33,4,28,37
Mucilaginibacter gossypii,Gh-67,10,20,28,30
Mucilaginibacter gossypiicola,,33,4,28,37
Mucilaginibacter gossypiicola,Gh-48,10,20,28,30
Mucilaginibacter gotjawali,SA3-7,27,10,25,37
Mucilaginibacter gracilis,TPT18T,31,2,20,33
Mucilaginibacter gynuensis,YC7003,31,4,30,35
Mucilaginibacter herbaticus,DR-9T,20,20,25,40
Mucilaginibacter jinjuensis,YC7004T,31,4,30,35
Mucilaginibacter kameinonensis,SCK,25,5,25,30
Mucilaginibacter koreensis,KACC 17468T,28,4,25,32
Mucilaginibacter lappiensis,LMG 25358T,31,0,25,31
Mucilaginibacter litoreus,BR-18T,30,10,25,40
Mucilaginibacter litoreus,BR-18,41,4,25,45
Mucilaginibacter lutimaris,BR-3T,33,4,25,37
Mucilaginibacter mallensis,,31,2,25,33
Mucilaginibacter mallensis,LMG 25360T,36,-3,25,33
Mucilaginibacter myungsuensis,HMD1056,20,10,30,30
Mucilaginibacter oryzae,B9T,20,15,25,35
Mucilaginibacter oryzae,B9,20,15,25,35
Mucilaginibacter paludis,TPT56T,31,2,20,33
Mucilaginibacter pedocola,TBZ30T,24,4,25,28
Mucilaginibacter phyllosphaerae,PP-F2F-G21,33,4,15,37
Mucilaginibacter pineti,M47C3BT,15,15,26,30
Mucilaginibacter pocheonensis,Gsoil 032,32,10,30,42
Mucilaginibacter polysacchareus,DRP28T,24,4,25,28
Mucilaginibacter polytrichastri,RG4-7,33,4,28,37
Mucilaginibacter psychrotolerans,JCM 30607T,30,0,20,30
Mucilaginibacter puniceus,WS71,17,20,25,37
Mucilaginibacter rigui,WPCB133T,33,4,25,37
Mucilaginibacter roseus,TTM-1T,27,10,30,37
Mucilaginibacter rubeus,EF23T,27,10,28,37
Mucilaginibacter sabulilitoris,SMS-12T,28,4,25,32
Mucilaginibacter soli,R9-65T,28,4,28,32
Mucilaginibacter soli,R9-65,28,4,25,32
Mucilaginibacter soyangensis,HME6664,23,4,25,30
Mucilaginibacter straminoryzae,KCTC 92039T,23,17,25,40
Mucilaginibacter terrenus,KCTC 72075T,14,16,28,30
Mucilaginibacter vulcanisilvae,G27,26,4,25,30
Mucilaginibacter ximonensis,XM-003T,23,10,28,33
Mucilaginibacter yixingensis,YX-36,22,15,37,37
Mucor nidicola,F53T,20,15,25,35
Multiple lines,DSM 14954T,19,19,30,38
Multiple sequences,34079T,40,10,35,50
Multiverruca sinensis,None,35,15,40,50
Mumia flava,MUSC 201T,16,20,30,36
Mumia flava,MUSC 201,16,20,28,36
Mumia xiangluensis,NEAU-KD1,20,15,28,35
Mumia zhuanghuii,CGMCC 4,15,20,28,35
Muricauda alvinocaridis,JCM 33425T,24,16,37,40
Muricauda amoyensis,KCTC 52432T,37,4,28,41
Muricauda antarctica,Ar-22T,22,15,35,37
Muricauda beolgyonensis,BB-My12T,30,10,37,40
Muricauda flavescens,SW-62T,34,10,33.5,44
Muricauda hadalis,DSM 109894T,30,10,30,40
Muricauda hymeniacidonis,176CP4-71T,25,10,30,35
Muricauda indica,3PC125-7T,31,10,25,41
Muricauda iocasae,KCTC 62196T,18,22,37,40
Muricauda lutaonensis,CC-HSB-11T,30,25,41,55
Muricauda lutaonensis,CC-HSB-11,30,25,37,55
Muricauda lutea,CSW06T,24,16,28,40
Muricauda lutimaris,SMK-108,28,10,30,38
Muricauda marina,H19-56T,29,16,32,45
Muricauda nanhaiensis,KCTC 62797T,27,15,37,42
Muricauda ochracea,JGD-17T,25,20,25,45
Muricauda olearia,CL-SS4,25,15,25,40
Muricauda olearia,JCM 15563T,25,15,30,40
Muricauda pacifica,SW027,32,10,37,42
Muricauda ruestringensis,B1,10,20,25,30
Muricauda spongiicola,2012CJ35-5T,22,20,30,42
Muricauda taeanensis,105,25,15,30,40
Muricauda zhangzhouensis,12C25,30,10,25,40
Muriicola jejuensis,KCTC 22299T,20,15,25,35
Muriicola marianensis,CGMCC 1,46,4,30,50
Murimonas intestini,SRB-530-5-HT,5,37,37,42
Myceligenerans cantabricum,M-201T,33,4,28,37
Myceligenerans crystallogenes,CD12E2-27,30,10,28,40
Myceligenerans halotolerans,XJEEM 11063T,30,10,28,40
Myceligenerans salitolerans,XHU 5031,25,15,35,40
Myceligenerans xiligouense,XLG9A10.2T,46,4,28,50
Myceligenerans xiligouense,XLG9A10.2,46,4,20,50
Mycetocola lacteus,,29,4,25,33
Mycetocola manganoxydans,MB1-14T,38,4,30,42
Mycetocola manganoxydans,MB1-14,15,20,30,35
Mycetocola miduiensis,MD-T1-10-2,34,0,22.5,34
Mycetocola reblochoni,LMG 22367,10,20,30,30
Mycetocola saprophilus,,29,4,25,33
Mycetocola tolaasinivorans,,29,4,25,33
Mycetocola zhadangensis,ZD1-4,40,0,25,40
Mycetocola zhujimingii,449T,26,4,28,30
Mycobacterium ahvazicum,AFP-003,9,33,37,42
Mycobacterium algericum,CIP 110121T,3,37,37,40
Mycobacterium alvei,CR-21,12,25,30,37
Mycobacterium anyangense,QIA-38T,12,25,37,37
Mycobacterium aquiterrae,S-I-6,27,10,25,37
Mycobacterium arabiense,,32,5,28,37
Mycobacterium arabiense,DSM 45768T,32,5,28,37
Mycobacterium arcueilense,,12,25,30,37
Mycobacterium arosiense,T1921T,12,30,42,42
Mycobacterium arosiense,T1921,6,36,42,42
Mycobacterium arupense,AR30097T,15,22,30,37
Mycobacterium aubagnense,,13,24,30,37
Mycobacterium bohemicum,DSM 44277T,15,25,37,40
Mycobacterium bolletii,BDT,13,24,30,37
Mycobacterium bourgelatii,MLB-A84,22,20,37,42
Mycobacterium brumae,CR-270,27,25,30,52
Mycobacterium celatum,ATCC 51131,18,27,37,45
Mycobacterium celeriflavum,AFPC-000207,12,25,37,37
Mycobacterium chlorophenolicum,PCP-IT,19,18,28,37
Mycobacterium confluentis,1389/90,19,22,34,41
Mycobacterium cookii,NZ2,9,22,31,31
Mycobacterium cosmeticum,LTA-388T,9,28,35,37
Mycobacterium eburneum,X82,9,28,37,37
Mycobacterium europaeum,FI-95228,7,30,37,37
Mycobacterium gastri,ATCC 15754,15,25,37,40
Mycobacterium genavense,ATCC 51234,18,24,42,42
Mycobacterium goodii,,15,30,35,45
Mycobacterium gordonae,ATCC 14470,9,28,35,37
Mycobacterium grossiae,DSM 104744T,18,24,37,42
Mycobacterium haemophilum,ATCC 29548,5,25,30,30
Mycobacterium heckeshornense,DSM 44428,8,37,42,45
Mycobacterium heidelbergense,ATCC 51253,7,30,33,37
Mycobacterium hiberniae,Hi 11,15,22,37,37
Mycobacterium hodleri,EM12,22,15,25,37
Mycobacterium immunogenum,ATCC 700505,5,30,30,35
Mycobacterium intracellulare,DSM 44049,19,22,31,41
Mycobacterium iranicum,DSM 45541T,15,25,37,40
Mycobacterium komaniense,GPK 1020T,20,25,37,45
Mycobacterium koreense,01-305T,12,25,37,37
Mycobacterium kubicae,CDC 941078,9,28,37,37
Mycobacterium kyorinense,JCM 15038T,14,28,35,42
Mycobacterium lacus,NRCM 00-255,17,25,37,42
Mycobacterium lehmannii,SN 1900,9,28,37,37
Mycobacterium litorale,F4T,20,25,37,45
Mycobacterium llatzerense,CECT 7273T,8,22,22,30
Mycobacterium madagascariense,P2,9,22,31,31
Mycobacterium malmesburyense,WCM 7299T,20,25,37,45
Mycobacterium malmoense,ATCC 29571,15,22,37,37
Mycobacterium mantenii,04-1474,11,25,36,36
Mycobacterium minnesotense,DSM 45633T,6,28,30,34
Mycobacterium murale,DSM 44340T,27,10,30,37
Mycobacterium nebraskense,DSM 44803T,10,25,30,35
Mycobacterium oryzae,JC290T,20,25,30,45
Mycobacterium palustre,E846,12,30,36,42
Mycobacterium paraense,IEC26T,12,25,37,37
Mycobacterium paraintracellulare,MOTT64T,12,25,37,37
Mycobacterium parakoreense,299T,20,25,37,45
Mycobacterium parascrofulaceum,ATCC BAA-614,12,25,37,37
Mycobacterium paraseoulense,31118,12,25,37,37
Mycobacterium phocaicum,,13,24,30,37
Mycobacterium pulveris,NCH 33505,14,28,37,42
Mycobacterium riyadhense,NLA000201958T,12,24,36,36
Mycobacterium rutilum,,17,28,37,45
Mycobacterium saskatchewanense,ATCC BAA-544,12,25,37,37
Mycobacterium scrofulaceum,ATCC 19981,20,22,35,42
Mycobacterium sediminis,,32,5,26.5,37
Mycobacterium sediminis,DSM 45643T,32,5,25,37
Mycobacterium seoulense,DSM 44998,12,25,37,37
Mycobacterium setense,ABO-M06T,17,20,30,37
Mycobacterium sherrisii,4773,13,24,30,37
Mycobacterium shimoidei,ATCC 27962,17,28,37,45
Mycobacterium simiae,ATCC 25275,12,25,37,37
Mycobacterium stephanolepidis,NJB0901T,20,15,30,35
Mycobacterium stomatepiae,T11,8,22,30,30
Mycobacterium talmoniae,NE-TNMC-100812T,17,25,37,42
Mycobacterium vanbaalenii,PYR-1,13,24,37,37
Mycobacterium vulneris,NLA000700772,12,24,36,36
Mycobacterium wolinskyi,ATCC 700010T,15,30,35,45
Mycolicibacter algericus,TBE 500028/10,15,25,37,40
Mycolicibacter hiberniae,ATCC 49874,15,22,37,37
Mycolicibacter minnesotensis,DL49,6,28,30,34
Mycolicibacter paraterrae,05乚2522,12,25,37,37
Mycolicibacterium arabiense,DSM 45768,32,5,28,37
Mycolicibacterium aubagnense,U8,13,24,30,37
Mycolicibacterium chlorophenolicum,DSM 43826,19,18,37,37
Mycolicibacterium conceptionense,D16,12,25,30,37
Mycolicibacterium confluentis,1380/90,19,22,31,41
Mycolicibacterium hippocampi,BFLP-6,20,15,25,35
Mycolicibacterium iranicum,M05,15,25,37,40
Mycolicibacterium komossense,ATCC 33013,15,22,31,37
Mycolicibacterium madagascariense,P2,9,22,31,31
Mycolicibacterium mageritense,938,23,22,30,45
Mycolicibacterium malmesburyense,WCM 7299,20,25,37,45
Mycolicibacterium murale,MA112/96,27,10,30,37
Mycolicibacterium oryzae,JC290,20,25,30,45
Mycolicibacterium setense,ABO-M06,12,25,30,37
Mycolicibacterium sphagni,ATCC 33027,15,22,31,37
Mycoplasma agassizii,PS6,7,30,30,37
Mycoplasma alligatoris,A21JP2T,12,22,32,34
Mycoplasma ciconiae,DSM 25251T,21,23,37,44
Mycoplasma crocodyli,MP145,17,25,37,42
Mycoplasma ellychniae,ATCC 43707,14,18,30,32
Mycoplasma enhydrae,Nov-43,9,31,35,40
Mycoplasma feriruminatoris,G5847,27,18,37,45
Mycoplasma hafezii,NCTC 13928,16,28,37,44
Mycoplasma iguanae,NCTC 11745T,17,25,37,42
Mycoplasma leachii,PG50,15,22,37,37
Mycoplasma lucivorax,ATCC 49196,14,18,30,32
Mycoplasma luminosum,ATCC 49195,22,10,30,32
Mycoplasma melaleucae,ATCC 49191,20,10,23,30
Mycoplasma microti,IL371T,2,35,37,37
Mycoplasma mobile,163K,13,17,25,30
Mycoplasma mobile,,26,4,25,30
Mycoplasma mucosicanis,1642,17,25,37,42
Mycoplasma somnilux,PYAN-1T,22,10,30,32
Mycoplasma sturni,UCMF,12,25,35.5,37
Mycoplasma testudineum,BH29T,8,22,30,30
Mycoplasma testudinis,None__2,15,20,30,35
Mycoplasma testudinis,1008,12,25,30,37
Mycoplasma tullyi,56A97,17,25,37,42
Mycoplasma tullyi,56A97T,8,34,37,42
Myroides guanonis,IM13T,30,5,30,35
Myroides indicus,UKS3,30,10,30,40
Myroides marinus,JS-08,27,10,30,37
Myroides phaeus,MY15,31,6,28,37
Myroides profundi,D-25,34,8,30,42
Myxococcus fulvus,ATCC 25199,19,18,26,37
Myxococcus virescens,M22,19,18,28,37
Myxococcus xanthus,FB,10,25,26,35
Naasia aerilata,5116S-4T,27,10,30,37
Naasia lichenicola,YIM 131853T,33,4,28,37
Nafulsella turpanensis,ZLM-10T,35,10,30,45
Nakamurella deserti,KCTC 49114T,27,8,30,35
Nakamurella endophytica,2Q3S-4-2,17,20,29,37
Nakamurella endophytica,2Q3S-4-2T,17,20,28,37
Nakamurella flava,KCTC 49196T,27,10,30,37
Nakamurella intestinalis,63MJ-1T,31,4,29,35
Nakamurella intestinalis,63MJ-1,31,4,28,35
Nakamurella multipartita,Y-104,25,10,25,35
Nakamurella panacisegetis,P4-7,32,5,20,37
Nakamurella silvestris,S20-107T,30,0,25,30
Nakamurella silvestris,S20-107,30,0,20,30
Namhaeicola litoreus,DPG-25T,17,20,25,37
Nannocystis konarekensis,MNa11734,12,25,37,37
Natranaerobaculum magadiense,Z-1001T,37,20,45,57
Natranaerobaculum magadiense,Z-1001,37,20,45,57
Natranaerobius thermophilus,DSM 18059T,21,35,53,56
Natranaerobius trueperi,JW/NM-WN-LU,29,26,52,55
Natrarchaeobaculum aegyptiacum,DSM 23470T,18,38,52,56
Natrarchaeobius chitinivorans,AArcht4,33,20,43,53
Natrarchaeobius halalkaliphilus,AArcht-Sl,30,25,45,55
Natrialba aegyptiaca,40T,23,37,42,60
Natrialba chahannaoensis,,35,20,50,55
Natrialba chahannaoensis,C112,35,20,45,55
Natrialba hulunbeirensis,,35,20,45,55
Natrialba hulunbeirensis,X21,35,20,50,55
Natrialba magadii,MS3,30,20,37,50
Natrialba swarupiae,JCM 33002T,20,35,40,55
Natrialba taiwanensis,,20,35,40,55
Natribacillus halophilus,HN30T,20,20,30,40
Natribaculum breve,TRM20010,32,30,37,62
Natribaculum longum,TRM20345T,32,30,37,62
Natrinema ejinorense,EJ-57T,25,25,37,50
Natrinema gari,HIS40-3T,40,20,38.5,60
Natrinema gari,HIS40-3,40,20,37,60
Natrinema salaciae,MDB25,35,20,45,55
Natrinema salsiterrestre,CECT 30623T,30,25,37,55
Natrinema soli,5-3T,20,25,40,45
Natrinema versiforme,XF10,33,20,37,53
Natronincola peptidivorans,Z-7031,25,15,35,40
Natronoarchaeum mannanilyticum,JCM 16328T,35,20,37,55
Natronoarchaeum persicum,WIIAL99T,35,20,37,55
Natronoarchaeum philippinense,294-194-5T,30,20,37,50
Natronoarchaeum rubrum,GX48T,25,25,37,50
Natronobacterium gregoryi,SP2,15,25,37,40
Natronobacterium texcoconense,B23T,20,25,37,45
Natronobacterium vacuolata,NCIMB 13189,30,20,35,50
Natronobiforma cellulositropha,AArcel5,35,18,43,53
Natronococcus amylolyticus,Ah-36,28,22,40,50
Natronococcus jeotgali,KCTC 4018T,29,21,45,50
Natronococcus jeotgali,B1,29,21,37,50
Natronococcus occultus,SP4,25,25,35,50
Natronococcus roseus,CG-1,20,30,37,50
Natronolimnobius aegyptiacus,JW/NM-HA 15T,26,30,52,56
Natronolimnobius baerhuensis,IHC-005,16,30,37,46
Natronolimnobius innermongolicus,N-1311,35,19,43,54
Natronolimnohabitans innermongolicus,CGMCC 1,33,19,45,52
Natronomonas gomsonensis,SA3,25,20,40,45
Natronomonas moolapensis,8.8.11,20,25,37,45
Natronomonas pharaonis,Gabara,30,25,45,55
Natronorubrum aibiense,CGMCC 1,30,20,45,50
Natronorubrum aibiense,44015,25,25,45,50
Natronorubrum bangense,A33T,30,25,45,55
Natronorubrum sediminis,CG-6,40,15,37,55
Natronorubrum sediminis,CECT 7487T,25,25,37,50
Natronorubrum sulfidifaciens,AD2T,35,20,45.5,55
Natronorubrum sulfidifaciens,AD2,35,20,44,55
Natronorubrum texcoconense,B4,20,25,37,45
Natronorubrum tibetense,GA33,30,25,45,55
Natronovirga wadinatrunensis,JW/NM-WN-LH1,30,26,51,56
Naumannella huperziae,CPCC 204135,17,20,30,37
Naumannella huperziae,CPCC 204135T,17,20,28,37
Nautella italica,LMG 24365,41,4,20,45
Nautella italica,LMG 24365T,41,4,28,45
Nautilia abyssi,PH1209,32,33,60,65
Nautilia lithotrophica,525,31,37,53,68
Nautilia nitratireducens,DSM 22087T,40,25,55,65
Nautilia profundicola,DSM 18972T,25,30,40,55
Naxibacter alkalitolerans,YIM 31775T,51,4,37,55
Naxibacter haematophilus,,22,15,25,37
Naxibacter suwonensis,,35,5,30,40
Naxibacter varians,CCUG 35299,22,15,27.5,37
Negadavirga shengliensis,SLG210-21,32,10,37,42
Neiella marina,J221T,30,10,26.5,40
Neiella marina,J221,30,10,25,40
Neisseria dumasiana,93087T,20,22,37,42
Neisseria elongata,M2,25,20,33,45
Neisseria macacae,M-738,20,22,37,42
Neisseria oralis,6332,14,28,37,42
Neisseria shayeganii,,32,10,37,42
Neisseria wadsworthii,,32,10,37,42
Neisseria weaveri,NCTC 12742,24,18,37,42
Neither menaquinones,JCM 31555T,25,10,30,35
Nemorella caseinilytica,J116-2T,12,20,29,32
Nemorincola caseinilytica,J116-2,12,20,28,32
Neobacillus terrae,KACC 21661T,30,15,37,45
Neomegalonema perideroedes,Gr1,20,15,25,35
Neomicrococcus aestuarii,DY66,33,4,30,37
Neorhizobium alkalisoli,CCBAU 01393,25,12,28,37
Neorhizobium tomejilense,HAMBI 540,18,12,28,30
Neorhizobium turbinariae,JCM 35342T,31,10,28,41
Neptunicella marina,KCTC52335T,31,10,25,41
Neptunicoccus sediminis,CY02T,37,5,35,42
Neptuniibacter halophilus,antisso-13T,17,20,25,37
Neptuniibacter halophilus,antisso-13,17,20,25,37
Neptuniibacter marinus,ATR 1.1T,26,4,25,30
Neptuniibacter pectenicola,LFT 1.8,33,4,25,37
Neptunitalea chrysea,AM327,17,20,30,37
Neptunomonas acidivorans,MEBiC06243T,29,10,29,39
Neptunomonas antarctica,S3-22T,21,4,15,25
Neptunomonas concharum,LHW37T,35,10,37,45
Neptunomonas japonica,JCM 14595T,20,5,20,25
Neptunomonas phycophila,SYM1,36,4,30,40
Neptunomonas qingdaonensis,P10-2-4,29,4,20,33
Nesterenkonia aethiopica,DSM 17733,15,25,30,40
Nesterenkonia alba,CAAS 252T,30,20,42,50
Nesterenkonia alkaliphila,F10T,46,4,40,50
Nesterenkonia aurantiaca,CK5,26,4,25,30
Nesterenkonia cremea,10C,45,10,37,55
Nesterenkonia endophytica,NBRC 112398T,25,5,20,30
Nesterenkonia flava,JCM 14814T,40,10,42,50
Nesterenkonia halobia,ATCC 21727T,20,20,37,40
Nesterenkonia halophila,DSM 16378T,41,4,28,45
Nesterenkonia halotolerans,YIM 70084,36,4,28,40
Nesterenkonia jeotgali,JG-241T,32,4,25,36
Nesterenkonia lacusekhoensis,IFAM EL-30T,33.5,8.5,30.25,42
Nesterenkonia massiliensis,NP1,20,25,37,45
Nesterenkonia muleiensis,RB2T,35,10,35,45
Nesterenkonia natronophila,JCM 32100T,28,10,30,38
Nesterenkonia pannonica,BV-35T,30,10,26.5,40
Nesterenkonia pannonica,BV-35,30,10,25,40
Nesterenkonia populi,GP10-3T,32,10,37,42
Nesterenkonia rhizosphaerae,EGI 80099T,30,15,30,45
Nesterenkonia suensis,Sua-BAC020T,20,20,36,40
Nesterenkonia xinjiangensis,DSM 15475T,20,20,28,40
Nevskia aquatilis,F2-63,20,15,30,35
Nevskia lacus,Seoho-38,21,15,20,36
Nevskia persephonica,G6M-30,20,15,30,35
Nevskia soli,GR15-1T,15,15,26.5,30
Nevskia soli,GR15-1,15,15,25,30
Nevskia terrae,KIS13-15T,20,15,29,35
Nevskia terrae,KIS13-15,20,15,28,35
Newbler version,"of Xinfangfangia soli , 95",12,20,28,32
Niabella aquatica,RP-2T,27,10,30,37
Niabella aurantiaca,R2A15-11,25,10,25,35
Niabella aurantiaca,KACC 11698T,25,10,30,35
Niabella defluvii,KACC 22647T,25,20,30,45
Niabella ginsengisoli,GR10-1,30,5,29,35
Niabella ginsengisoli,KACC 13021T,30,5,30,35
Niabella ginsenosidivorans,BS26,24,18,25,42
Niabella hibiscisoli,THG-DN5.5T,36,4,25,40
Niabella pedocola,R384,25,15,28,40
Niabella soli,JS13-8,20,15,30,35
Niabella terrae,ICM 1-15,20,15,25,35
Niabella thaonhiensis,NHI-24,35,15,30,50
Niabella tibetensis,15-4T,33,4,30,37
Niabella tibetensis,4寧15擔,19,15,25,34
Niabella yanshanensis,CCBAU 05354,27,10,28,37
Niastella gongjuensis,5GH22-11T,29,4,28,40
Niastella gongjuensis,5GH22-11,22,15,28,37
Niastella hibisci,THG-YS3.2.1T,30,10,28,40
Niastella populi,THYL-44T,20,17,30,37
Niastella vici,DJ57T,22,20,28,42
Nibrella saemangeumensis,KACC 16453T,22,15,25,37
Nibrella viscosa,KACC 16447T,22,15,25,37
Nibribacter flagellatus,THG-T16,30,10,28,40
Nibribacter koreensis,GSR3061,22,15,25,37
Nibricoccus aquaticus,HZ-65T,22,15,30,37
Nibricoccus aquaticus,HZ-65,22,15,25,37
Ningiella ruwaisensis,LMG 30288 T,30,15,30,45
Nioella aestuarii,JCM 30752T,36,4,30,40
Nioella aestuarii,MME-018,36,4,25,40
Nioella halotolerans,W635T,17,20,28,37
Nioella nitratireducens,SSW136,27,10,30,37
Nioella ostreopsis,KCTC 62459T,22,15,30,37
Nioella sediminis,JS7-11,30,10,27.5,40
Nioella sediminis,KCTC 42144T,30,10,30,40
Nisaea denitrificans,DR41_21T,29,15,30,44
Nisaea nitritireducens,DSM 19540T,29,15,30,44
Nitratifractor salsuginis,JCM 12458T,12,28,37,40
Nitratireductor aestuarii,LMG 29090T,20,25,30,45
Nitratireductor alexandrii,KCTC 62458T,17,25,30,42
Nitratireductor aquimarinus,CL-SC21,30,5,35,45
Nitratireductor aquimarinus,JCM 17288T,20,20,30,40
Nitratireductor indicus,,33,10,25,43
Nitratireductor indicus,C115,33,10,25,43
Nitratireductor kimnyeongensis,KY 101T,30,10,30,40
Nitratireductor lacus,GSS14T,35,10,37,45
Nitratireductor lucknowense,IITR-21,22,20,30,42
Nitratireductor pacificus,pht-3B,31,10,25,41
Nitratireductor shengliensis,110399,20,20,30,40
Nitratireductor soli,ZZ-1,22,15,25,37
Nitratiruptor tergarcus,JCM 12459T,17,40,55,57
Nitrincola alkalilacustris,DSM 29817T,27,10,20,37
Nitrincola alkalisediminis,MEB087T,15,22,30,37
Nitrincola iocasae,KXZD1103T,36,4,28,40
Nitrincola lacisaponensis,4CAT,15,22,30,37
Nitrincola nitratireducens,AK23,27,15,30,42
Nitrincola schmidtii,DSM 100788T,18,10,15,28
Nitrincola schmidtii,R4-8,18,10,15,28
Nitrincola tibetensis,CICC 24457T,25,15,37,40
Nitritalea halalkaliphila,LW7,15,25,37,40
Nitrobacter hamburgensis,X14,32,5,28,37
Nitrobacter vulgaris,DSM 10236,32,5,28,37
Nitrosarchaeum koreense,MY1,15,15,25,30
Nitrosopumilus adriaticus,NF5,19,15,30,34
Nitrosopumilus cobalaminigenes,,22,10,25,32
Nitrosopumilus cobalaminigenes,HCA1,20,10,25,30
Nitrosopumilus maritimus,SCM1T,20,15,32,35
Nitrosopumilus oxyclinae,HCE1,26,4,25,30
Nitrosopumilus piranensis,D3C,22,15,32,37
Nitrosopumilus ureiphilus,PS0,20,10,26,30
Nitrososphaera viennensis,EN76,19,28,42,47
Nitrosospira lacus,APG3,26,4,25,30
Nitrospira bockiana,None,16,28,42,44
Nitrospira cells,None__14,16,28,42,44
Nitrospira isolate,None__22,16,28,42,44
Nitrospira moscoviensis,M-1,7,33,39,40
Nitrospira revealed,None__26,16,28,42,44
Niveibacterium umoris,MIC2059,27,10,30,37
Niveispirillum cyanobacteriorum,TH16,17,20,30,37
Niveispirillum fermenti,CC-LY736,20,20,35,40
Niveispirillum lacus,1-14T,12,20,28,32
Niveitalea solisilvae,6-4T,15,20,30,35
Nocardia aciditolerans,CSCA68,20,10,28,30
Nocardia altamirensis,OFN S17T,12,25,30,37
Nocardia amarae,IMRU W3960,14,23,28,37
Nocardia amikacinitolerans,W9988,20,25,25,45
Nocardia araoensis,IFM 0575,15,30,30,45
Nocardia artemisiae,YIM 65623,27,10,24,37
Nocardia artemisiae,DSM 45379T,27,10,20,37
Nocardia aurantia,,22,15,28,37
Nocardia aurantiaca,JCM 33775T,25,15,37,40
Nocardia aurea,K10002T,26,4,28,30
Nocardia caishijiensis,F829T,20,17,28,37
Nocardia camponoti,1H-HV4,15,15,28,30
Nocardia casuarinae,BMG51109a,17,15,28,32
Nocardia cavernae,YIM A1135,31,4,28,35
Nocardia coubleae,OFN N12T,12,25,37,37
Nocardia crassostreae,NB4H,8,22,28,30
Nocardia endophytica,KLBMP 1256,24,4,28,28
Nocardia flavorosea,JCM 3332,25,25,30,50
Nocardia goodfellowii,,27,10,28,37
Nocardia halotolerans,LMG 28544T,30,15,30,45
Nocardia halotolerans,Chem15,30,15,28,45
Nocardia heshunensis,DSM 46764T,46,4,4,50
Nocardia higoensis,,15,30,30,45
Nocardia jiangsuensis,KLBMP S0027,27,10,28,37
Nocardia jiangxiensis,43401T,20,17,28,37
Nocardia jinanensis,04-5195T,22,15,28,37
Nocardia kroppenstedtii,N1286T,12,25,28,37
Nocardia lasii,3C-HV12,25,12,28,37
Nocardia macrotermitis,,22,15,28,37
Nocardia mangyaensis,JCM 32795T,28,10,28,38
Nocardia miyunensis,,20,17,28,37
Nocardia pneumoniae,,15,30,30,45
Nocardia polyresistens,YIM 33361,9,28,28,37
Nocardia rayongensis,RY45-3,17,20,23,37
Nocardia rhizosphaerae,KLBMP S0043,27,15,28,42
Nocardia rhizosphaerihabitans,KLBMP S0039,27,10,28,37
Nocardia speluncae,N2-11T,27,10,30,37
Nocardia stercoris,CGMCC 4,17,18,28,35
Nocardia sungurluensis,CR3272T,27,10,28,37
Nocardia tengchongensis,CFH S0057,41,4,28,45
Nocardia thraciensis,A2019,17,20,28,37
Nocardia uniformis,JCM 3224,26,14,30,40
Nocardia wallacei,ATCC 49873,20,25,35,45
Nocardia xestospongiae,ST01-07,20,20,30,40
Nocardia yunnanensis,DSM 46763T,41,4,28,45
Nocardia zapadnayensis,FMN18,27,10,28,37
Nocardia zhihengii,YIM TG2190,26,4,28,30
Nocardioides aestuarii,JC2056T,15,20,30,35
Nocardioides agariphilus,KCTC 19276T,12,25,28,37
Nocardioides agariphilus,MSL-28,10,25,28,35
Nocardioides agri,MAH-18T,20,20,30,40
Nocardioides agrisoli,djl-8T,12,25,30,37
Nocardioides albertanoniae,CD40127,20,10,25,30
Nocardioides albidus,THG-S11.7,15,20,28,35
Nocardioides albus,IMET 7807,19,18,28,37
Nocardioides alkalitolerans,KCTC 19037T,30,4,30,34
Nocardioides allogilvus,KCTC 49020T,31,4,28,35
Nocardioides alpinus,Cr7-14,32.5,1,20,42
Nocardioides antarcticus,M-SA3-94T,33,4,20,37
Nocardioides aquaticus,EL-17K,40.5,3,16,43.5
Nocardioides aquiterrae,GW-9T,27,15,30,42
Nocardioides aromaticivorans,H-1,18,22,30,40
Nocardioides baekrokdamisoli,B2-12T,32,5,25,37
Nocardioides baekrokdamisoli,B2-12,15,15,25,30
Nocardioides bigeumensis,MSL-19,15,20,28,35
Nocardioides caeni,MN8,25,10,30,35
Nocardioides caricicola,YC6903T,35,10,30,45
Nocardioides cavernae,YIM A1136,31,4,28,35
Nocardioides currus,IB-3T,20,20,25,40
Nocardioides daecheongensis,KIS2-16,30.5,4,28,40
Nocardioides daedukensis,MDN22,33,4,30,37
Nocardioides daeguensis,2C1-5T,41,4,30,45
Nocardioides daejeonensis,MJ31T,41,4,30,45
Nocardioides daejeonensis,MJ31,22,15,30,37
Nocardioides daphniae,D287,34,4,28,38
Nocardioides deserti,SC8A-24T,32,10,29,42
Nocardioides deserti,SC8A-24,32,10,28,42
Nocardioides dokdonensis,KCTC 19309T,26,4,25,30
Nocardioides dongxiaopingii,CGMCC 4,26,4,25,30
Nocardioides dubius,KSL-104T,27,10,30,37
Nocardioides eburneiflavus,KCTC 49177T,36,4,30,40
Nocardioides eburneus,KCTC 59264T,25,20,37,45
Nocardioides echinoideorum,CC-CZW004T,17,20,30,37
Nocardioides endophyticus,MWE 3-5,27,10,30,37
Nocardioides euryhalodurans,KCTC 49175T,36,4,30,40
Nocardioides exalbidus,RC825,20,15,30,35
Nocardioides ferulae,SZ4R5S7T,33,4,28,37
Nocardioides flava,THG-DN5.4,27,10,18,37
Nocardioides flavescens,KCTC 49303T,30,10,28,40
Nocardioides flavus,Y4,36,4,36,40
Nocardioides flavus,LMG 28100T,36,4,37,40
Nocardioides fonticola,NAA-13,12,25,30,37
Nocardioides furvisabuli,SBS-26T,41,4,30,45
Nocardioides furvisabuli,SBS-26,33,4,30,37
Nocardioides ganghwensis,JC2055T,30,10,30,40
Nocardioides gansuensis,KCTC 49117T,26,16,28,42
Nocardioides gilvus,XZ17,38,4,30,42
Nocardioides ginkgobilobae,SYP-A7303,21,21,28,42
Nocardioides ginsengagri,BX5-10,27,10,30,37
Nocardioides ginsengisegetis,Gsoil 485,33,4,25,37
Nocardioides ginsengisoli,Gsoil 1124,22,15,30,37
Nocardioides glacieisoli,HLT3-15,32,0,20,32
Nocardioides guangzhouensis,CICC 24668T,16,20,25,36
Nocardioides hankookensis,DS-30,24,10,25,34
Nocardioides houyundeii,CGMCC 4,18,14,28,32
Nocardioides humi,DCY24,17,25,30,42
Nocardioides hungaricus,OS4,17,20,20,37
Nocardioides hwasunensis,HFW-21T,33,4,30,37
Nocardioides immobilis,FLL521T,16,16,28,32
Nocardioides insulae,DS-51T,24,10,30,34
Nocardioides intraradicalis,YIM DR1091,15,15,29,30
Nocardioides intraradicalis,JCM 30632T,15,15,28,30
Nocardioides iriomotensis,IR27-S3,25,12,30,37
Nocardioides kandeliae,BGMRC 2075,25,10,28,35
Nocardioides kongjuensis,A2-4T,30,10,30,40
Nocardioides koreensis,KCTC 19272T,10,27,30,37
Nocardioides kribbensis,KCTC 19038T,31,4,30,35
Nocardioides lacus,BP30T,20,15,30,35
Nocardioides lentus,KSL-17T,30,4,28,34
Nocardioides lianchengensis,D94-1,30,10,30,40
Nocardioides litoris,002-2T,20,10,28,30
Nocardioides litorisoli,x-2T,21,16,28,37
Nocardioides luteus,KCTC 9575,35,10,28,45
Nocardioides maradonensis,,17,20,30,37
Nocardioides maradonensis,KCTC 19384T,17,20,30,37
Nocardioides marinquilinus,CL-GY44T,25,10,30,35
Nocardioides marinus,DSM 18248T,30,10,25,40
Nocardioides massiliensis,GD13,12,25,37,37
Nocardioides mesophilus,MSL-22T,17,20,28,37
Nocardioides montaniterrae,SR-1,22,15,30,37
Nocardioides nanhaiensis,YIM M13091,32,5,30,37
Nocardioides nitrophenolicus,NSP41T,25,15,30,40
Nocardioides okcheonensis,KCTC 49651T,27,10,30,37
Nocardioides opuntiae,OS1-21,38,4,30,42
Nocardioides opuntiae,KCTC 19804T,22,20,30,42
Nocardioides pacificus,XH274,33,4,28,37
Nocardioides pakistanensis,NCCP-1340,20,20,37,40
Nocardioides panacihumi,KCTC 19187T,15,15,30,30
Nocardioides panacisoli,Gsoil 346,32,10,18,42
Nocardioides panaciterrulae,Gsoil 958,33,4,25,37
Nocardioides panzhihuensis,KLBMP 1050,22,10,25,32
Nocardioides pelophilus,THG-T63,30,10,28,40
Nocardioides perillae,I10A-01402,17,20,32,37
Nocardioides phosphati,WYH11-7T,34,4,30,38
Nocardioides pini,STR2T,22,15,30,37
Nocardioides pinisoli,STR3T,22,15,30,37
Nocardioides plantarum,NCIMB 12834,25,5,25,30
Nocardioides pyridinolyticus,OS4,20,20,35,40
Nocardioides rotundus,GY0594T,25,15,30,40
Nocardioides rubriscoriae,Sco-A25,33,4,20,37
Nocardioides salarius,CL-Z59,25,10,25,35
Nocardioides salarius,DSM 18239T,25,10,30,35
Nocardioides salsibiostraticola,PAMC 26527,20,5,20,25
Nocardioides sambongensis,KCTC 39855T,12,25,30,37
Nocardioides secundeburneus,KACC 23738T,15,15,30,30
Nocardioides sediminis,MSL-01T,17,20,28,37
Nocardioides seonyuensis,KCTC 49176T,36,4,30,40
Nocardioides silvaticus,KCTC 49137T,22,20,37,42
Nocardioides soli,KACC 17152T,22,20,30,42
Nocardioides solisilvae,Ka25,25,20,30,45
Nocardioides sonneratiae,BGMRC0092T,17,15,28,32
Nocardioides taihuensis,X17T,38,4,37,42
Nocardioides taihuensis,X17,14,28,37,42
Nocardioides terrae,VA15T,18,16,29,34
Nocardioides terrigena,KCTC 19217T,31,4,30,35
Nocardioides thalensis,DSM 103833T,22,20,30,42
Nocardioides tritolerans,MSL-14,20,20,30,40
Nocardioides ultimimeridianus,KCTC 19368T,32,10,30,42
Nocardioides ungokensis,UKS-03T,38,4,30,42
Nocardioides vastitatis,JCM 33365T,27,10,30,37
Nocardioides zeae,JM-1068,21,15,28,36
Nocardioides zeicaulis,JM-601T,27,10,28,37
Nocardioides zeicaulis,JM-601,27,10,28,37
Nocardioides zhouii,CGMCC 1,27,0,20,27
Nocardiopsis aegyptia,DSM 44442T,30,10,28,40
Nocardiopsis akesuensis,TRM 46250,25,25,28,50
Nocardiopsis akesuensis,KCTC 39725T,25,25,37,50
Nocardiopsis algeriensis,B32,25,20,25,45
Nocardiopsis alkaliphila,YIM 80379,35,10,29,45
Nocardiopsis alkaliphila,DSM 44657T,35,10,28,45
Nocardiopsis ansamitocini,EGI 80425,35,15,30,50
Nocardiopsis arabia,S186T,30,10,28,40
Nocardiopsis arabia,,30,10,29,40
Nocardiopsis arvandica,DSM 45278T,30,15,30,45
Nocardiopsis baichengensis,,30,20,37,50
Nocardiopsis baichengensis,KCTC 19009T,30,20,37,50
Nocardiopsis chromatogenes,,40,20,38.5,60
Nocardiopsis chromatogenes,KCTC 19008T,40,20,37,60
Nocardiopsis compostus,KS9T,56,4,28,60
Nocardiopsis coralliicola,DSM 45611T,25,20,28,45
Nocardiopsis deserti,CGMCC 4,22,15,28,37
Nocardiopsis fildesensis,GW9-2T,21,16,28,37
Nocardiopsis fildesensis,GW9-2,27,10,28,37
Nocardiopsis flavescens,SA6,17,23,35,40
Nocardiopsis ganjiahuensis,HBUM 20038,22,10,30,32
Nocardiopsis gilva,YIM 90087,30,10,30,40
Nocardiopsis gilva,KCTC 19006T,30,10,28,40
Nocardiopsis halophila,CGMCC 4,21,15,30,36
Nocardiopsis halotolerans,DSM 44410,7,28,28,35
Nocardiopsis kunsanensis,HA-9T,7,30,37,37
Nocardiopsis litoralis,JSM 073097T,15,20,25,35
Nocardiopsis mangrovei,HA11166,25,15,30,40
Nocardiopsis metallicus,DSM 44598,20,10,30,30
Nocardiopsis nanhaiensis,CGMCC 47227T,30,10,37,40
Nocardiopsis nikkonensis,YU1183-22,27,10,30,37
Nocardiopsis oceani,DSM 45931T,25,15,37,40
Nocardiopsis quinghaiensis,DSM 44739T,27,10,28,37
Nocardiopsis rhizosphaerae,EGI 80674,20,20,30,40
Nocardiopsis rhodophaea,,40,20,37,60
Nocardiopsis rhodophaea,KCTC 19049T,40,20,37,60
Nocardiopsis rosea,,40,20,37,60
Nocardiopsis rosea,KCTC 19007T,40,20,37,60
Nocardiopsis salina,YIM 90010,20,20,28,40
Nocardiopsis sediminis,NBRC 110934T,20,20,28,40
Nocardiopsis sediminis,1SS5-02,20,20,25,40
Nocardiopsis sinuspersici,HM6,22,15,28,37
Nocardiopsis synnemasporogenes,NEAE-85,35,10,30,45
Nocardiopsis synnemataformans,IMMIB D-1215,17,20,30,37
Nocardiopsis terrae,YIM 90022,35,10,30,45
Nocardiopsis trehalosi,CIP 106425,27,18,28,45
Nocardiopsis tropica,VKM Ac-1457,32,10,29,42
Nocardiopsis valliformis,CGMCC 4,35,10,28,45
Nocardiopsis yanglingensis,A18,30,25,45,55
Nonlabens aestuariivivens,OITF-31,20,10,30,30
Nonlabens agnitus,JC2678,31,4,30,35
Nonlabens antarcticus,AKS622,12,8,15,20
Nonlabens arenilitoris,M-M3,27,10,25,37
Nonlabens dokdonensis,DSW-6,28,4,25,32
Nonlabens halophilus,CAU 1131T,27,10,30,37
Nonlabens marinus,S1-08,20,10,20,30
Nonlabens spongiae,UST030701-156,16,20,28,36
Nonlabens tegetincola,UST030701-324T,32,12,36,44
Nonlabens tegetincola,UST030701-324,32,12,28,44
Nonlabens ulvanivorans,PLR,31,4,20,35
Nonomuraea antimicrobica,YIM 61105,22,15,28,37
Nonomuraea bangladeshensis,5-10-10T,30,15,30,45
Nonomuraea cavernae,SYSU K10005,22,15,28,37
Nonomuraea ceibae,XMU 110T,30,15,37,45
Nonomuraea coxensis,,30,15,30,45
Nonomuraea endophytica,YIM 65601,27,10,24,37
Nonomuraea endophytica,DSM 45385T,27,10,20,37
Nonomuraea flavida,YN-5-1,27,10,28,37
Nonomuraea fuscirosea,NEAU-dht8T,21,16,28,37
Nonomuraea gerenzanensis,ATCC 39727,18,22,28,40
Nonomuraea glycinis,NEAU-BB2C19T,27,10,28,37
Nonomuraea guangzhouensis,NEAU-ZJ3,28,4,28,32
Nonomuraea harbinensis,NEAU-yn31,27,10,28,37
Nonomuraea indica,DRQ-2,35,10,28,45
Nonomuraea jabiensis,A4036,17,20,28,37
Nonomuraea jiangxiensis,FXJ1.102T,25,20,25,45
Nonomuraea lactucae,NEAU-YG30T,20,20,28,40
Nonomuraea lycopersici,NEAU-DE8,25,15,28,40
Nonomuraea mangrovi,HA15826,24,16,28,40
Nonomuraea maritima,FXJ7.203T,27,10,28,37
Nonomuraea muscovyensis,FMN03,12,28,28,40
Nonomuraea nitratireducens,WYY166T,27,15,37,42
Nonomuraea purpurea,1SM4-01T,30,10,28,40
Nonomuraea purpurea,1SM4-01,30,10,22,40
Nonomuraea rhizophila,YIM 67092,27,10,24,37
Nonomuraea rhizophila,,46,4,28,50
Nonomuraea rhizophila,YIM 67092T,27,10,20,37
Nonomuraea rhizosphaerae,NEAU-mq18,30,10,28,40
Nonomuraea rhodomycinica,NR4-ASC07,25,20,30,45
Nonomuraea shaanxiensis,NEAU-st1,10,18,28,28
Nonomuraea solani,NEAU-Z6T,19,20,28,39
Nonomuraea solani,NEAU-Z6,9,20,28,29
Nonomuraea soli,YIM 120770,22,15,28,37
Nonomuraea suaedae,10-20SHSu,28,15,27,43
Nonomuraea syzygii,NBRC 110400T,26,10,18,36
Nonomuraea thermotolerans,3-33-9BT,35,25,37,60
Nonomuraea typhae,JCM 33461T,20,20,28,40
Nonomuraea wenchangensis,210417T,17,20,28,37
Nonomuraea zeae,NEAU-ND5T,20,15,28,35
North arm,of Pseudomonas halophila and transferred to the genus Halomonas as Halomonas utahensis nom,15,20,28,35
Nosocomiicoccus ampullae,TRF-1,15,30,37,45
Nosocomiicoccus massiliensis,NP2,20,25,37,45
Nostoc thermotolerans,9C-PST,4,26,28,30
Notoacmeibacter marinus,XMTR2A4,22,15,29,37
Notoacmeibacter marinus,KCTC 52427T,22,15,28,37
Novel sublineage,None__16,16,28,42,44
Novibacillus thermophilus,SG-1T,35,30,50,65
Noviherbaspirillum aerium,122213-3T,33,4,28,37
Noviherbaspirillum agri,K-1-15,35,10,25,45
Noviherbaspirillum aurantiacum,LMG 26150T,17,20,28,37
Noviherbaspirillum aurantiacum,SUEMI08,22,15,28,37
Noviherbaspirillum autotrophicum,JCM 17723T,32,10,30,42
Noviherbaspirillum canariense,,17,20,28,37
Noviherbaspirillum canariense,SUEMI03,19,15,28,34
Noviherbaspirillum denitrificans,TSA40,27,10,30,37
Noviherbaspirillum denitrificans,JCM 17722T,32,10,30,42
Noviherbaspirillum malthae,BCRC 80516T,20,20,30,40
Noviherbaspirillum massiliense,,7,30,37,37
Noviherbaspirillum massiliense,JC206,20,20,28,40
Noviherbaspirillum psychrotolerans,PB1,35,-5,14,30
Noviherbaspirillum soli,LMG 26149T,17,20,28,37
Noviherbaspirillum soli,SUEMI10,22,15,28,37
Noviherbaspirillum suwonense,5410S-62,30,10,28,40
Novimethylophilus kurashikiensis,La2-4,25,15,28,40
Novispirillum itersonii,,28,15,28,43
Novosphingobium acidiphilum,FSW06-204dT,28,4,25,32
Novosphingobium aquaticum,FNE08-86T,28,4,25,32
Novosphingobium aquiterrae,E-II-3,41,4,28,45
Novosphingobium arvoryzae,BCRC 80537T,30,10,20,40
Novosphingobium bradum,STM-24T,15,15,20,30
Novosphingobium chloroacetimidivorans,BUT-14,36,4,30,40
Novosphingobium clariflavum,164T,20,15,28,35
Novosphingobium colocasiae,Teta-03,27,10,20,37
Novosphingobium endophyticum,EGI 60015,40,20,30,60
Novosphingobium fontis,STM-14T,22,15,30,37
Novosphingobium fuchskuhlense,FNE08-7T,28,4,22,32
Novosphingobium ginsenosidimutans,FW-6,32,10,25,42
Novosphingobium gossypii,JM-1396,26,10,25,36
Novosphingobium guangzhouense,SA925T,25,10,30,35
Novosphingobium humi,R1-4T,30,15,30,45
Novosphingobium indicum,H25T,31,10,28,41
Novosphingobium indicum,H25,31,10,25,41
Novosphingobium ipomoeae,BCRC 80904T,20,15,30,35
Novosphingobium kaempferiae,Sx8-5T,12,25,30,37
Novosphingobium kunmingense,18-11HK,22,15,30,37
Novosphingobium lentum,MT1T,26,4,23,30
Novosphingobium lentum,MT1,29,4,23,33
Novosphingobium lindaniclasticum,LE124T,7,25,28,32
Novosphingobium lotistagni,THG-DN6.20T,38,4,25,42
Novosphingobium malaysiense,MUSC 273,12,20,28,32
Novosphingobium marinum,LA53T,22,15,35,37
Novosphingobium meiothermophilum,KCTC 52672T,17,28,45,45
Novosphingobium naphthae,D39,30,12,25,42
Novosphingobium naphthalenivorans,TUT562,22,15,30,37
Novosphingobium nitrogenifigens,Y88,20,15,30,35
Novosphingobium nitrogenifigens,DSM 19370T,10,25,30,35
Novosphingobium oryzae,ZYY112T,20,20,35,40
Novosphingobium oryzae,ZYY112,20,20,28,40
Novosphingobium ovatum,BCRC 81051T,20,20,37,40
Novosphingobium piscinae,SLH-16T,20,20,40,40
Novosphingobium piscinae,SLH-16,20,20,37,40
Novosphingobium pokkalii,L3E4,24,18,28,42
Novosphingobium rhizosphaerae,JM-1,21,15,25,36
Novosphingobium sediminicola,HU1-AH51T,19,18,30,37
Novosphingobium sediminis,YG-17,19,18,28,37
Novosphingobium taihuense,T3-B9T,27,10,25,37
Novosphingobium tardaugens,ARI-1T,38,4,25,42
Novosphingobium tardum,16-28-2,22,15,28,37
Nubsella zeaxanthinifaciens,TDMA-5T,22,18,30,40
Nucleotide blast,Cd-10T,12,20,28,32
Obligate methylotroph,AY486133,25,20,40,45
Obligately alkaliphilic,DSM 24923T,37,20,45,57
Obligately anaerobic,of Natranaerobius thermophilus (95,37,20,45,57
Obligately heterotrophic,"Monostroma species, USA Surface seawater, South Pacific Gyre Umbonium species, Russia Activated sludge, Australia Activated sludge, Japan Activated sludge, Japan Activated sludge, USA Sulfidic well water, USA Activated sludge, USA Sulfidic lake water, Russia Sulfidic spring water, USA Activated sludge, USA",23,14,20,37
Obligately natronophilic,of Natranaerobius thermophilus (95,37,20,45,57
Oblitimonas alkaliphila,DSM 100830T,32,10,35,42
Oblitimonas alkaliphila,B4199,32,10,20,42
Occallatibacter riparius,DSM 25168T,29,11,26,40
Occallatibacter savannae,A2-1c,29,11,29,40
Oceanibacterium hippocampi,BFLP-8,25,10,25,35
Oceanibaculum indicum,LMG 24626T,32,10,37,42
Oceanibaculum indicum,P24,32,10,25,42
Oceanibaculum nanhaiense,KCTC 52312T,35,10,25,45
Oceanibaculum pacificum,LMC2up-L3,35,10,28,45
Oceanibium sediminis,KCTC 62076T,20,20,37,40
Oceanicaulis alexandrii,C116-18T,27,10,30,37
Oceanicaulis alexandrii,Balech CCMP 116,33,4,30,37
Oceanicaulis stylophorae,GISW-4,30,15,35,45
Oceanicella actignis,PRQ-67,32.5,25,50,57.5
Oceanicoccus sagamiensis,PZ-5,20,10,15,30
Oceanicola antarcticus,,34.5,4,28,40
Oceanicola batsensis,,36,4,30,40
Oceanicola batsensis,DSM 15984T,36,4,28,40
Oceanicola flagellatus,,29,4,28,40
Oceanicola granulosus,,36,4,29,40
Oceanicola granulosus,DSM 15982T,36,4,28,40
Oceanicola granulosus,HTCC2516,36,4,28,40
Oceanicola litoreus,M-M22,36,4,30,40
Oceanicola marinus,AZO-CT,38,4,30,42
Oceanicola marinus,LMG 23705T,38,4,35,42
Oceanicola nanhaiensis,LMG 23508T,27,10,28,37
Oceanicola nitratireducens,JLT1210T,35,10,28,45
Oceanicola pacificus,LMG 24619T,31,10,30,41
Oceaniglobus ichthyenteri,YLY08T,36,4,28,40
Oceaniglobus indicus,KCTC 52709T,32,5,28,37
Oceanihabitans sediminis,S9-10T,34,1,25,35
Oceanimonas aquatica,KACC 23248T,30,10,30,40
Oceanimonas smirnovii,31-13,35,10,28,45
Oceaniovalibus guishaninsula,JLT2003,24,16,20,40
Oceanipulchritudo coccoides,CK1056T,22,15,30,37
Oceaniradius stylonematis,KACC 19231T,15,30,37,45
Oceanirhabdus sediminicola,NH-JN4T,20,22,34,42
Oceaniserpentilla haliotis,DSM 19503T,6,2,2,8
Oceanisphaera arctica,V1-41,33,4,18,37
Oceanisphaera litoralis,DSM 15406T,38,4,28,42
Oceanisphaera marina,YM319T,35,5,30,40
Oceanisphaera marina,YM319,35,5,25,40
Oceanisphaera ostreae,T-w6,33,4,25,37
Oceanisphaera profunda,SM1222T,31,4,25,35
Oceanisphaera psychrotolerans,LAM-WHM-ZC,36,4,20,40
Oceanisphaera psychrotolerans,JCM 30466T,36,4,33,40
Oceanisphaera sediminis,KACC 15117T,33,4,30,37
Oceanispirochaeta crateris,DSM 16308T,29,5,30,34
Oceanispirochaeta sediminicola,SY2,30,10,25,40
Oceanitalea nanhaiensis,JLT1488T,36,4,35,40
Oceanithermus desulfurans,NBRC 100063T,35,30,60,65
Oceanithermus profundus,DSM 14977T,28,40,60,68
Oceanobacillus aidingensis,AD7-25,41,4,33,45
Oceanobacillus arenosus,CAU 1183,17,20,30,37
Oceanobacillus bengalensis,Ma-21,30,15,37,45
Oceanobacillus caeni,KCTC 13061T,25,20,30,45
Oceanobacillus chironomi,LMG 23627T,34,12,37,46
Oceanobacillus chungangensis,CAU 1051,17,20,30,37
Oceanobacillus damuensis,PT-20,25,15,30,40
Oceanobacillus endoradicis,py1294,32,10,30,42
Oceanobacillus gochujangensis,TK1655,20,20,30,40
Oceanobacillus halophilus,J8BT,25,20,35,45
Oceanobacillus iheyensis,HTE831,27,15,30,42
Oceanobacillus indicireducens,A21T,30,18,39,48
Oceanobacillus jeddahense,S5,30,15,37,45
Oceanobacillus kapialis,KCTC 13177T,35,8,37,43
Oceanobacillus kimchii,X50,30,15,37,45
Oceanobacillus limi,H9B,20,25,35,45
Oceanobacillus locisalsi,CHL-21T,35,10,30,45
Oceanobacillus longus,T9B,20,25,35,45
Oceanobacillus luteolus,WM-1T,46,4,30,50
Oceanobacillus luteolus,WM-1,35,15,30,50
Oceanobacillus manasiensis,YD3-56,32,10,30,42
Oceanobacillus massiliensis,Ndiop,20,25,30,45
Oceanobacillus neutriphilus,A1gT,35,10,37,45
Oceanobacillus oncorhynchi,R-2T,25,15,27,40
Oceanobacillus oncorhynchi,R-2,30,10,30,40
Oceanobacillus pacificus,XH204T,27,15,37,42
Oceanobacillus picturae,DSM 14867,35,5,25,40
Oceanobacillus piezotolerans,JCM 32870T,35,15,37,50
Oceanobacillus polygoni,SA9,43,5,35,48
Oceanobacillus profundus,CL-MP28,27,15,35,42
Oceanobacillus rekensis,PT-11,25,15,30,40
Oceanobacillus sojae,Y27,30,15,30,45
Oceanobacillus zhaokaii,CGMCC 1,41,4,35,45
Oceanobacter antarcticus,wDCs-4T,36,4,10,40
Oceanococcus atlanticus,22II-S10r2,31,10,28,41
Oceanomonas baumannii,GB6,20,10,25,30
Oceanospirillum beijerinckii,DSM 12178T,30,10,30,40
Oceanospirillum hiroshimense,,33,2,25,35
Oceanospirillum kriegii,DSM 12178T,30,10,30,40
Oceanospirillum linum,DSM 12178T,30,10,30,40
Oceanospirillum multiglobuliferum,,31,6,30,37
Oceanospirillum pelagicum,,33,8,33.5,41
Oceanospirillum pusillum,,34,6,32,40
Oceanospirillum sanctuarii,AK56,27,10,30,37
Oceanotoga teriensis,OCT74T,45,25,56.5,70
Oceanotoga teriensis,27303,45,25,55,70
Ochrobactrum cytisi,ESC1T,5,25,28,30
Ochrobactrum daejeonense,MJ11,14,20,30,34
Ochrobactrum endophyticum,EGI 60010,35,10,30,45
Ochrobactrum grignonense,OgA9a,36,4,30,40
Ochrobactrum oryzae,DSM 17471T,27,10,30,37
Ochrobactrum pituitosum,CCUG 50899,15,20,27.5,35
Ochrobactrum pseudintermedium,ADV31,20,25,37,45
Ochrobactrum teleogrylli,KCTC 72031T,22,20,30,42
Ochrobactrum tritici,SCII24,36,4,30,40
Ochrovirga pacifica,S85,34,8,25,42
Octadecabacter ascidiaceicola,RA1-3,20,10,25,30
Octadecabacter ponticola,HDSW-34,33,4,30,37
Octadecabacter temperatus,SB1T,21,4,20,25
Oenococcus alcoholitolerans,UFRJ-M7.2.18,20,20,30,40
Oenococcus kitaharae,JCM 13282T,10,20,30,30
Oenococcus oeni,ATCC 23179,10,20,22,30
Oharaeibacter diazotrophicus,SM30T,35,5,28,40
Ohtaekwangia koreensis,3B-2T,29,10,30,39
Ohtaekwangia kribbensis,10AO,29,10,30,39
Okibacterium endophyticum,EGI 650022,40,5,25,45
Okibacterium fritillariae,VKM Ac-2059,30,7,25.5,37
Oleiagrimonas citrea,MEBiC09124,20,18,30,38
Oleiagrimonas soli,3.5XT,37,4,20,41
Oleibacter marinus,NBRC 105760T,30,10,25,40
Oleiharenicola alkalitolerans,NVTT,25,15,25,40
Oleiphilus messinensis,ME102,27,10,27.5,37
Oleisolibacter albus,KCTC 62417T,32,10,30,42
Oleispira antarctica,RB-8T,34.8,-6.8,4,28
Oleispira lenta,DFH11,30,0,28,30
Oleomonas sagaranensis,HD-1,15,25,37,40
Oligoflexus tunisiensis,JCM 16864T,17,20,25,37
Oligosphaera ethanolica,JCM 17152T,15,25,37,40
Olivibacter composti,CC-KYC063T,22,15,30,37
Olivibacter ginsengisoli,KCTC 12646T,15,15,30,30
Olivibacter ginsenosidimutans,BS18,35,10,30,45
Olivibacter jilunii,14-2A,38,4,29,42
Olivibacter jilunii,KCTC 23098T,38,4,28,42
Olivibacter oleidegradans,TBF2/20.2,27,15,33.5,42
Olivibacter oleidegradans,TBF2/20.2T,27,15,37,42
Olivibacter sitiensis,DSM 17696T,40,5,32,45
Olivibacter sitiensis,AW-6,40,5,28,45
Olivibacter soli,KCTC 12645T,22,15,30,37
Olleya algicola,3Alg 18,33,4,25,37
Olleya aquimaris,L-4T,36,4,37,40
Olleya namhaensis,WT-MY15T,26,4,25,30
Olsenella faecalis,KGMB04489T,10,30,37,40
Olsenella umbonata,lac31T,24,21,37,45
Once amoebae,None__15,12,25,30,37
One example,UHT,35,20,37,55
One important,DSM 11002,25,20,42,45
One might,DSM 12178T,30,10,30,40
One millilitre,NBRC 110391T,37,13,42,50
Only low,JCM 16476T,25,15,35,40
Optical density,"of Xinfangfangia soli , 95",12,20,28,32
Optimal growth,"of a novel species of a novel genus, named Crassaminicella profunda",20,25,30,45
Optimal growth,JLT354-WT,46,4,25,50
Optimal ranges,JCM 30603T,22,20,30,42
Orbus hercynius,CN3,33,4,20,37
Orbus sasakiae,C7T,33,4,20,37
Orenia metallireducens,Z6,40,20,30,60
Orenia salinaria,SG 3902,40,10,40,50
Oribacterium asaccharolyticum,,12,30,37,42
Oribacterium parvum,DSM 24637T,12,30,37,42
Oricola cellulosilytica,CC-AMH-0,20,20,25,40
Ornatilinea apprima,DSM 23815T,30,20,42,50
Ornithinibacillus bavariensis,WSBC 24001,30,15,42,45
Ornithinibacillus californiensis,MB-9,27,10,30,37
Ornithinibacillus composti,GSS05,35,15,37,50
Ornithinibacillus contaminans,CCUG 53201,25,20,30,45
Ornithinibacillus contaminans,,7,30,30,37
Ornithinibacillus gellani,LJ137T,25,15,37,40
Ornithinibacillus halophilus,,35,20,37.5,55
Ornithinibacillus halophilus,G8B,35,20,35,55
Ornithinibacillus halotolerans,GD04T,35,10,30,45
Ornithinibacillus heyuanensis,GIESS003(,25,25,35,50
Ornithinibacillus salinisoli,LCB256T,42,10,25,52
Ornithinibacillus scapharcae,TW25,27,10,30,37
Ornithinibacter aureus,HB09001T,41,4,34,45
Ornithinicoccus halotolerans,EGI 80423,10,25,30,35
Ornithinicoccus hortensis,HKI 0125T,14,28,37,42
Ornithinicoccus soli,KCTC 49259T,14,16,30,30
Ornithinimicrobium algicola,JC311T,20,25,30,45
Ornithinimicrobium cerasi,NBRC 113522T,22,15,32,37
Ornithinimicrobium flavum,CPCC 203535,27,10,29,37
Ornithinimicrobium flavum,NBRC 109452T,27,10,28,37
Ornithinimicrobium humiphilum,HKI 0124,8,37,42,45
Ornithinimicrobium kibberense,K22-20,17,20,28,37
Ornithinimicrobium murale,01-Gi-040,15,15,25,30
Ornithinimicrobium pekingense,LW6,12,26,33,38
Ornithinimicrobium pratense,W204T,25,15,30,40
Ornithinimicrobium tianjinense,B2T,20,20,30,40
Ornithobacterium rhinotracheale,LMG 9085,1,36,37,37
Oryzihumus soli,Aerobe-19T,15,15,30,30
Oryzihumus terrae,KIS22-12,25,10,29,35
Oryzihumus terrae,KIS22-12T,25,10,28,35
Oryzobacter terrae,PSGM2-16,35,5,28,40
Oryzomicrobium terrae,TPP412T,21,24,25,45
Oscillibacter ruminantium,GH1,15,30,40,45
Oscillibacter valericigenes,Sjm18-20T,20,15,30,35
Otariodibacter oris,Baika1T,22,20,37,42
Ottowia beijingensis,GCS-AN-3,27,10,30,37
Ottowia flava,GY511,33,4,28,37
Ottowia konkukae,DSM 105395T,12,25,30,37
Ottowia oryzae,KACC 19325T,27,10,28,37
Ottowia pentelensis,RB3-7,33,4,20,37
Ottowia shaoguanensis,J5-66,12,25,30,37
Ottowia thiooxydans,K11,27,2,25,29
Owenweeksia hongkongensis,UST20020801T,29,4,30,33
Owenweeksia hongkongensis,UST20020801,33,4,25,37
Oxalicibacterium solurbis,MY14,33,4,37,37
Oxidase activity,was 44,40,4,28,44
Oxidase activity,JCM 30603T,22,20,30,42
Oxobacter pfennigii,V5-2,16,23,36,39
Oxyplasma meridianum,DSM 116605T,37,15,40,52
Pacificibacter aestuarii,KJ21T,25,10,30,35
Pacificibacter marinus,HDW-9,30,4,30,34
Pacificibacter maritimus,KMM 9031T,34,2,25,36
Pacificimonas aurantium,JLT2012,35,10,30,45
Pacificimonas flava,JLT2015,10,20,25,30
Paenalcaligenes faecalis,YLCF04T,30,10,28,40
Paenalcaligenes hermetiae,KBL009,27,15,37,42
Paenalcaligenes hominis,CCUG 53761AT,17,25,30,42
Paenalcaligenes suwonensis,ABC02-12T,30,10,28,40
Paenarthrobacter aromaticivorans,MMS21-TAE1-1T,27,10,30,37
Paenibacillus aceris,KUDC4121,19,18,30,37
Paenibacillus aceti,L14T,35,15,37,50
Paenibacillus aestuarii,CJ25T,17,20,30,37
Paenibacillus alba,J20-6,22,15,25,37
Paenibacillus albidus,Q4-3,33,4,29,37
Paenibacillus albidus,CGMCC 1,33,4,28,37
Paenibacillus alginolyticus,DSM 5050,35,5,28,40
Paenibacillus algorifonticola,XJ259T,27,10,25,37
Paenibacillus algorifonticola,XJ259,27,10,20,37
Paenibacillus alkaliterrae,KSL-134T,27,10,30,37
Paenibacillus amylolyticus,ATCC 9995,35,10,28,45
Paenibacillus anaericanus,MH21T,35,5,32.5,40
Paenibacillus antarcticus,LMG 22078T,27,4,10,31
Paenibacillus antri,SYSU K30003,17,28,37,45
Paenibacillus apiarius,ATCC 29575,25,15,28,40
Paenibacillus apis,KCTC 33844T,22,15,25,37
Paenibacillus aquistagni,11,36,10,30,46
Paenibacillus arachidis,E3T,10,30,35,40
Paenibacillus arachidis,,10,30,30,40
Paenibacillus arcticus,JCM 30981T,20,4,20,24
Paenibacillus aurantiacus,KCTC 33816T,20,20,30,40
Paenibacillus azotifigens,NF2-4-5,19,18,30,37
Paenibacillus baekrokdamisoli,Back-11T,20,10,25,30
Paenibacillus baimaensis,WQ 127069T,35,5,20,40
Paenibacillus barengoltzii,SAFN-016,40,10,37,50
Paenibacillus beijingensis,BJ-18,35,10,30,45
Paenibacillus borealis,KK19,35,5,28,40
Paenibacillus bovis,DSM 28815T,30,10,30,40
Paenibacillus brassicae,112,30,10,30,40
Paenibacillus campinasensis,324T (= KCTC 0364BPT),35,10,40,45
Paenibacillus catalpae,D75T,25,15,26.5,40
Paenibacillus catalpae,D75,25,15,25,40
Paenibacillus cathormii,BK114-2T,30,15,30,45
Paenibacillus cavernae,C4-5T,22,20,30,42
Paenibacillus cellulosilyticus,LMG 22232T,27,10,28,37
Paenibacillus cellulositrophicus,P2-1,35,20,30,55
Paenibacillus cellulositrophicus,KCTC 13135T,35,20,37,55
Paenibacillus chartarius,CCUG 55240,30,15,30,45
Paenibacillus chibensis,NRRL,40,10,37,50
Paenibacillus chinensis,4R1,33,4,30,37
Paenibacillus chinjuensis,WN9T,25,20,33.5,45
Paenibacillus chinjuensis,WN9,25,20,30,45
Paenibacillus chitinolyticus,EAG-3,27,18,25,45
Paenibacillus chondroitinus,DSM 5051,35,5,28,40
Paenibacillus chungangensis,KCTC 13717T,25,20,30,45
Paenibacillus cisolokensis,LC2-13AT,20,40,45,60
Paenibacillus contaminans,CKOBP-6T,27,10,30,37
Paenibacillus crassostreae,LPB0068T,31,4,25,35
Paenibacillus cucumis,AP-115T,35,10,29,45
Paenibacillus darwinianus,DSM 27245T,22,15,18,37
Paenibacillus darwinianus,Br,22,15,18,37
Paenibacillus dendritiformis,T168T,25,20,37,45
Paenibacillus dongdonensis,KUDC0114,22,18,37,40
Paenibacillus donghaensis,JH8,26,4,20,30
Paenibacillus doosanensis,CAU 1055,41,4,30,45
Paenibacillus ehimensis,EAG-5,35,18,28,53
Paenibacillus elymi,KCTC 33853T,20,25,30,45
Paenibacillus endophyticus,PECAE04T,30,10,30,40
Paenibacillus enshidis,RP-207,30,15,30,45
Paenibacillus esterisolvens,KCTC 33624T,30,10,28,40
Paenibacillus etheri,CECT 8558T,45,5,30,50
Paenibacillus eucommiae,CPCC 100226,30,10,30,40
Paenibacillus eucommiae,DSM 26048T,30,10,28,40
Paenibacillus faecis,,30,20,33.5,50
Paenibacillus faecis,DSM 23593T,30,20,37,50
Paenibacillus ferrarius,CY1,33,4,28,37
Paenibacillus filicis,S4,22,15,25,37
Paenibacillus flagellatus,KCTC 33976T,34,15,37,49
Paenibacillus fonticola,ZL T,25,20,38.5,45
Paenibacillus forsythiae,DSM 17842T,30,10,30,40
Paenibacillus gansuensis,B518T,35,10,37.5,45
Paenibacillus gansuensis,B518,35,10,35,45
Paenibacillus gelatinilyticus,PG1,35,10,25,45
Paenibacillus ginsengarvi,Gsoil 139T,27,18,37,45
Paenibacillus ginsengihumi,DCY16T,17,25,37,42
Paenibacillus ginsengiterrae,DCY89,17,20,25,37
Paenibacillus glacialis,KFC91T,26,4,22,30
Paenibacillus glufosinatiresistens,KCTC 43611T,27,15,30,42
Paenibacillus gorillae,G1,12,25,25,37
Paenibacillus graminis,RSA19T,35,5,28,40
Paenibacillus guangzhouensis,GSS02T,24,16,35,40
Paenibacillus harenae,B519T,30,10,33.5,40
Paenibacillus harenae,B519,30,10,32,40
Paenibacillus hemerocallicola,KCTC 33185T,25,15,37,40
Paenibacillus herberti,R33,33,4,28,37
Paenibacillus hispanicus,AMTAE,22,15,30,37
Paenibacillus hodogayensis,SGT,20,20,30,40
Paenibacillus hordei,RH-N24,36,4,35,40
Paenibacillus horti,MAH-16,20,20,30,40
Paenibacillus ihbetae,IHBB 9852,25,5,28,30
Paenibacillus illinoisensis,DSM 11733,40,10,37,50
Paenibacillus intestini,KCTC 33832T,27,10,20,37
Paenibacillus jilunlii,Be17T,35,15,30,50
Paenibacillus konkukensis,SK-3146,27,18,30,45
Paenibacillus konsidensis,LBYT,12,30,37,42
Paenibacillus koreensis,YC300T,40,10,39,50
Paenibacillus koreensis,YC300,40,10,38,50
Paenibacillus kribbensis,AM49,34,10,30,44
Paenibacillus kyungheensis,DCY88,32,5,30,37
Paenibacillus lacus,Agd-32T,15,25,37,40
Paenibacillus lautus,,45,5,29,50
Paenibacillus lemnae,L7-75T,20,20,30,40
Paenibacillus lentus,CMG1240T,20,30,38,50
Paenibacillus lentus,,20,30,41,50
Paenibacillus lentus,CMG1240,20,30,35,50
Paenibacillus liaoningensis,JCM 30712T,33,4,30,37
Paenibacillus limicola,KACC 19303T,22,15,30,37
Paenibacillus lupini,RLAHU15T,30,10,30,40
Paenibacillus luteus,CGMCC 1,34,4,30,38
Paenibacillus luteus,R-3,34,4,28,38
Paenibacillus macquariensis,ATCC 23464,25,0,15,25
Paenibacillus mangrovi,JCM 34931T,22,20,37,42
Paenibacillus marchantiophytorum,R55T,17,20,28,37
Paenibacillus marchantiophytorum,,38,4,28,42
Paenibacillus marinisediminis,LHW35,20,25,37,45
Paenibacillus marinum,THE22,20,40,55,60
Paenibacillus medicaginis,CC-Alfalfa-19,20,20,30,40
Paenibacillus medicaginis,,35,10,30,45
Paenibacillus mesophilus,SYSU K30004,17,28,37,45
Paenibacillus methanolicus,BL24T,38,4,30,42
Paenibacillus methanolicus,BL24,37,5,30,42
Paenibacillus mobilis,S8T,20,25,37,45
Paenibacillus montanisoli,KCTC 33894T,33,4,37,37
Paenibacillus montanisoli,RA17,33,4,28,37
Paenibacillus motobuensis,MC10,35,20,37,55
Paenibacillus nanensis,MX2-3,25,20,37,45
Paenibacillus naphthalenovorans,PR-N1,7,30,30,37
Paenibacillus nasutitermitis,P5-1T,30,10,30,40
Paenibacillus nebraskensis,JJ-59T,26,10,24,36
Paenibacillus nebraskensis,JJ-59,26,10,20,36
Paenibacillus nematophilus,NEM1aT,27,10,30,37
Paenibacillus nicotianae,YIM h-19,41,4,28,45
Paenibacillus oceanisediminis,L10T,35,10,30,45
Paenibacillus odorifer,,30,5,28,35
Paenibacillus oenotherae,KCTC 33186T,22,15,30,37
Paenibacillus oryzae,JCM 30486T,30,15,30,45
Paenibacillus oryzae,1DrF-4,25,15,30,40
Paenibacillus ottowii,DSM 107750T,35,10,30,45
Paenibacillus pabuli,DSM 3036,35,5,28,40
Paenibacillus paeoniae,KCTC 33997T,27,10,30,37
Paenibacillus panacisoli,Gsoil 1411,30,15,37,45
Paenibacillus panaciterrae,DCY95,22,15,30,37
Paenibacillus paridis,py1325,30,10,30,40
Paenibacillus pectinilyticus,KCTC 13222T,15,15,30,30
Paenibacillus periandrae,PM10,22,15,30,37
Paenibacillus phocaensis,mt24,31,25,37,56
Paenibacillus phoenicis,3PO2SA,29,21,37,50
Paenibacillus phyllosphaerae,PALXIL04T,27,10,28,37
Paenibacillus physcomitrellae,XBT,7,25,28,32
Paenibacillus pini,S22,27,10,20,37
Paenibacillus pinihumi,S23,22,15,25,37
Paenibacillus pinisoli,KACC 17472,30,15,25,45
Paenibacillus polysaccharolyticus,NBRC 105191T,22,15,28,37
Paenibacillus populi,LAM0705,20,25,30,45
Paenibacillus profundus,Sl 79,37,5,30,42
Paenibacillus prosopidis,PW21T,41,4,30,45
Paenibacillus protaetiae,KACC 19327T,35,15,37,50
Paenibacillus pueri,b09i-3,17,25,37,42
Paenibacillus puernese,DCY97,25,15,30,40
Paenibacillus puldeungensis,KCTC 13718T,25,20,30,45
Paenibacillus purispatii,ES MS17,29,10,32,39
Paenibacillus qingshengii,S1-9T,27,10,30,37
Paenibacillus qinlingensis,TEGT-2,30.5,4,28,42
Paenibacillus quercus,1寧25擔,15,20,28,35
Paenibacillus radicis,694T,37.5,5,28,45
Paenibacillus radicis,694,35,10,30,45
Paenibacillus relictisesami,KB0549T,30,15,37,45
Paenibacillus residui,MC-246,25,25,37,50
Paenibacillus rhizolycopersici,JCM 34488T,30,20,37,50
Paenibacillus rhizoplanae,JJ-64T,26,10,29,36
Paenibacillus rhizoplanae,JJ-64,26,10,28,36
Paenibacillus rhizoryzae,1ZS3-5T,30,15,30,45
Paenibacillus rhizosphaerae,CECAP06T,27,10,28,37
Paenibacillus rigui,WPCB173T,46,4,30,50
Paenibacillus rigui,WPCB173,22,15,30,37
Paenibacillus ripae,LMG 28639T,27,15,30,42
Paenibacillus sabinae,T27T,33,4,30,37
Paenibacillus sacheonensis,DSM 23054T,30,10,30,40
Paenibacillus salinicaeni,LAM0A28,30,15,30,45
Paenibacillus segetis,DB13260,35,5,30,40
Paenibacillus selenii,W126T,38,4,28,42
Paenibacillus selenii,W126,33,4,28,37
Paenibacillus selenitireducens,ES3-24T,22,15,28,37
Paenibacillus senegalensis,JC66,15,30,37,45
Paenibacillus seodonensis,DCT-19,30,15,25,45
Paenibacillus sepulcri,LMG 19508T,20,10,25,30
Paenibacillus shenyangensis,A9T,25,20,30,45
Paenibacillus shirakamiensis,NBRC 109471T,31,4,25,35
Paenibacillus shunpengii,YYJ7-1T,24,18,35,42
Paenibacillus silvae,CGMCC 1,43,10,30,53
Paenibacillus sinopodophylli,TEGR-3,33,4,25,37
Paenibacillus sinopodophylli,KCTC 33807T,20,10,25,30
Paenibacillus solanacearum,T16R-228T,41,4,28,45
Paenibacillus solanacearum,T16R-228,25,15,28,40
Paenibacillus solani,FJAT-22460,30,10,30,40
Paenibacillus solisilvae,CGMCC 1,10,25,30,35
Paenibacillus sonchi,X19-5,30,10,30,40
Paenibacillus sophorae,S27T,35,15,30,50
Paenibacillus spongiae,PHS-Z3T,30,10,20,40
Paenibacillus sputi,KIT 00200-70066-1,27,15,30,42
Paenibacillus susongensis,M327T,40,5,30,45
Paenibacillus susongensis,M327,25,15,30,40
Paenibacillus swuensis,DY6,20,10,30,30
Paenibacillus taichungensis,V10537,35,5,30,40
Paenibacillus taihuensis,THMBG22T,20,20,37,40
Paenibacillus taihuensis,THMBG22,20,20,30,40
Paenibacillus taiwanensis,G-soil-2-3,35,10,30,45
Paenibacillus taohuashanense,gs65,35,15,30,50
Paenibacillus tarimensis,DSM 19409T,20,25,37,45
Paenibacillus telluris,PS38,30,15,37,45
Paenibacillus tepidiphilus,KCTC 33952T,14,23,28,37
Paenibacillus terrae,AM141,30,10,30,40
Paenibacillus terreus,KACC 18491T,30,20,37,50
Paenibacillus tezpurensis,AS-S24-II,30,30,45,60
Paenibacillus thailandensis,KCTC 13043T,35,20,37,55
Paenibacillus thalictri,JCM 33293T,27,10,30,37
Paenibacillus thermoaerophilus,DSM 26310T,33,25,50,58
Paenibacillus thermophilus,WP-1,23,37,42,60
Paenibacillus thiaminolyticus,DSM 7262,25,20,28,45
Paenibacillus tianmuensis,B27T,41,4,30,45
Paenibacillus tianmuensis,B27,17,20,30,37
Paenibacillus tibetensis,DSM 29321T,21,4,20,25
Paenibacillus translucens,CJ11T,17,20,30,37
Paenibacillus tritici,RTAE36,30,15,30,45
Paenibacillus triticisoli,BJ-18,35,10,30,45
Paenibacillus tumbae,CSA42,32,10,37,42
Paenibacillus tundrae,A10b,24,13,27,37
Paenibacillus turicensis,MOL722T,33,15,39.5,48
Paenibacillus turicensis,MOL722,33,15,37,48
Paenibacillus typhae,xj7T,30,10,29,40
Paenibacillus tyrfis,MSt1,22,20,30,42
Paenibacillus validus,JCM 9077,45,5,28,50
Paenibacillus vini,LAM0504,28,20,30,48
Paenibacillus vulneris,CCUG 53270,35,15,30,50
Paenibacillus wenxiniae,373,30,15,30,45
Paenibacillus wooponensis,KCTC 13280T,27,10,30,37
Paenibacillus woosongensis,YB-45T,19,28,37,47
Paenibacillus wynnii,LMG 22176,26,4,20,30
Paenibacillus xanthanilyticus,AS7,46,4,30,50
Paenibacillus xanthanilyticus,LMG 29451T,25,15,30,40
Paenibacillus xanthinilyticus,11N27T,15,20,35,35
Paenibacillus xerothermodurans,ATCC 27380T,22,20,37,42
Paenibacillus xinjiangensis,B538T,30,10,32.5,40
Paenibacillus xinjiangensis,B538,30,10,30,40
Paenibacillus xylanexedens,B22a,19,13,23,32
Paenibacillus xylaniclasticus,TW1,20,30,37,50
Paenibacillus xylanisolvens,X11-1,35,15,33.5,50
Paenibacillus xylanisolvens,KCTC 13042T,35,15,37,50
Paenibacillus yanchengensis,J-3T,27,15,30,42
Paenibacillus yunnanensis,CGMCC 1,30,20,37,50
Paenibacillus zanthoxyli,JH29T,33,4,30,37
Paenibacillus zeae,6R2,32,10,30,42
Paeniglutamicibacter antarcticus,SPC26,21,4,22,25
Paeniglutamicibacter cryotolerans,LI3,30,-6,16,24
Paeniglutamicibacter gangotriensis,Lz1y,26,4,22,30
Paeniglutamicibacter psychrophenolicus,AG31,24,1,25,25
Paenimyroides aestuarii,SCSIO 72103T,17,20,28,37
Paenirhodobacter enshiensis,DW2-9T,38,4,28,42
Paenisporosarcina antarctica,N-05(,23,0,17,23
Paenisporosarcina indica,PN2,25,0,20,25
Paenisporosarcina macmurdoensis,CMS 21w,21,4,18,25
Paenisporosarcina quisquiliarum,SK 55,22,15,25,37
Paenochrobactrum glaciei,Pi26,35,5,28,40
Paenochrobactrum pullorum,280,30,15,25,45
Paired genomic,SK-G1T,25,40,55,65
Palaeococcus ferrophilus,DMJ,28,60,83,88
Palaeococcus helgesonii,PI1,40,45,80,85
Palaeococcus pacificus,DY20341,40,50,80,90
Pale cream,of M,35,15,26,50
Pale orange,of M,35,15,26,50
Palleronia abyssalis,221-F1,22,15,30,37
Palleronia marisminoris,B33T,17,20,32,37
Palleronia soli,CAU 1105,20,20,37,40
Paludibacter jiangxiensis,NM7,25,15,37,40
Paludibacter propionicigenes,WB4T,20,15,30,35
Paludibacterium paludis,KBP-21T,25,15,30,40
Paludibacterium purpuratum,KJ031T,17,20,30,37
Paludibacterium yongneupense,5YN8-15,31,4,28,35
Paludibaculum fermentans,P105T,31,4,24,35
Paludibaculum fermentans,P105,31,4,20,35
Paludicola psychrotolerans,NC1253,31,4,25,35
Paludifilum halophilum,SMBg3T,25,30,42.5,55
Paludifilum halophilum,SMBg3,25,30,40,55
Paludirhabdus pumila,KACC 19266T,25,15,30,40
Paludirhabdus telluriireducens,KACC 19267T,20,15,30,35
Paludisphaera borealis,PX4T,24,6,24,30
Paludisphaera borealis,PX4,24,6,15,30
Panacagrimonas perspica,Gsoil 142,27,15,30,42
Panacibacter ginsenosidivorans,Gsoil 1550,27,10,30,37
Pandoraea apista,LMG 16407,12,30,37,42
Pandoraea pnomenusa,,12,30,37,42
Pandoraea pulmonicola,,12,30,37,42
Pandoraea sputorum,,12,30,37,42
Pandoraea terrae,SE-S21T,30,10,30,40
Pandoraea thiooxydans,ATSB16,46,4,30,50
Pandoraea thiooxydans,KACC 12757T,38,4,30,42
Pannonibacter carbonis,CGMCC 1,51,4,30,55
Pannonibacter indicus,HT23,25,20,37,45
Pannonibacter phragmitetus,C6/19T,27,10,25,37
Pannonibacter phragmitetus,C6/19,27,10,22,37
Pantoea agglomerans,DSM 3493T,40,4,28,44
Pantoea alhagi,LTYR-11Z,41,7,37,48
Pantoea anthophila,ATCC 12775T,40,4,28,44
Pantoea citrea,,31,8,30,39
Pantoea coffeiphila,Ca04,27,10,20,37
Pantoea coffeiphila,CIP 110718T,10,20,30,30
Pantoea dispersa,ATCC 14589,11,30,30,41
Pantoea intestinalis,29Y89B,30,15,35,45
Pantoea punctata,SHS 2006T,31,8,30,39
Pantoea terrea,,31,8,30,39
Pantoea theicola,QC88-366,30,10,30,40
Pantoea vagans,ATCC 12775T,40,4,28,44
Papillibacter cinnamivorans,CIN1,25,15,37,40
Parabacteroides acidifaciens,CGMCC 1,25,20,40,45
Parabacteroides chartae,NS31-3,30,10,36,40
Parabacteroides chartae,JCM 17797T,30,10,35,40
Parabacteroides chongii,YMC B3181,20,20,37,40
Parabacteroides faecis,157,15,25,37,40
Parabactertoides faecis,157T,15,25,37,40
Parablastomonas arctica,M0-2,24,4,22,28
Paraburkholderia acidipaludis,SA33,20,17,28,37
Paraburkholderia aromaticivorans,KACC 19419T,17,20,30,37
Paraburkholderia aromaticivorans,BN5,17,20,25,37
Paraburkholderia azotifigens,NF2-5-3,22,15,25,37
Paraburkholderia caffeinilytica,CF1T,22,15,25,37
Paraburkholderia caseinilytica,HM451T,38,4,28,42
Paraburkholderia diazotrophica,JPY461,25,15,30,40
Paraburkholderia dilworthii,WSM3556,22,15,28,37
Paraburkholderia dinghuensis,KCTC 42627T,22,15,28,37
Paraburkholderia dipogonis,ICMP 19430,27,10,25,37
Paraburkholderia eburnea,RR11,27,15,20,42
Paraburkholderia flava,LD6T,25,10,28,35
Paraburkholderia ginsengisoli,KMY03,17,25,25,42
Paraburkholderia ginsengiterrae,DCY85,17,20,30,37
Paraburkholderia heleia,SA41,25,17,32,42
Paraburkholderia humisilvae,Y-12,45,10,28,55
Paraburkholderia insulsa,PNG-April,36,4,30,40
Paraburkholderia jirisanensis,JRM2-1,20,10,25,30
Paraburkholderia kururiensis,KP23,27,15,37,42
Paraburkholderia metalliresistens,D414,40,10,30,50
Paraburkholderia metrosideri,DNBP6-1,25,15,30,40
Paraburkholderia monticola,JC2948,27,10,25,37
Paraburkholderia oxyphila,OX-01,25,15,30,40
Paraburkholderia pallida,KACC 19962T,33,4,28,37
Paraburkholderia pallidirosea,DHOK13,21,16,30.5,37
Paraburkholderia pallidirosea,KCTC 42626T,21,16,28,37
Paraburkholderia paradisi,WA,30,15,30,45
Paraburkholderia peleae,PP52-1,25,15,30,40
Paraburkholderia phosphatilytica,7QSK02T,25,12,28,37
Paraburkholderia piptadeniae,,2,28,28,30
Paraburkholderia rhizosphaerae,WR43,45,10,30,55
Paraburkholderia ribeironis,,2,28,28,30
Paraburkholderia sacchari,PT101,12,25,28,37
Paraburkholderia sediminicola,HU2-65W,15,15,25,30
Paraburkholderia sejongensis,MMS20-SJTR3T,30,10,30,40
Paraburkholderia silviterrae,CGMCC 1,38,4,20,42
Paraburkholderia soli,GP25-8,30,10,28,40
Paraburkholderia solisilvae,Y-47,45,10,28,55
Paraburkholderia susongensis,L226,25,15,30,40
Paraburkholderia symbiotica,JPY-345,28,15,35,43
Paraburkholderia telluris,DHOC27T,33,4,33,37
Paraburkholderia translucens,MMS20-SJTN17T,25,15,30,40
Paraburkholderia tropica,Ppe8,18,22,30,40
Paracandidimonas caeni,KACC 19692T,27,15,30,42
Paracandidimonas soli,IMT-305T,25,20,22.5,45
Paracoccus acridae,KCTC 42932T,30,10,25,40
Paracoccus actinidiae,M09T,30,15,30,45
Paracoccus aerius,011410T,37,4,30,41
Paracoccus aestuariivivens,GHD-30,30,15,30,45
Paracoccus alimentarius,LB2T,27,10,25,37
Paracoccus alkanivorans,CGMCC 1,17,25,30,42
Paracoccus aminovorans,,7,30,30,37
Paracoccus angustae,E6,41,4,28,45
Paracoccus aquimaris,KF89,25,10,32,35
Paracoccus caeni,MJ17,5,25,30,30
Paracoccus carotinifaciens,E-396T,23,10,28,33
Paracoccus cavernae,0511ARD5E5T,33,4,25,37
Paracoccus chinensis,KS-11T,15,25,28,40
Paracoccus communis,S3,24,16,29,40
Paracoccus endophyticus,KCTC 62180T,26,4,28,30
Paracoccus fistulariae,22-5T,30,10,30,40
Paracoccus fontiphilus,MVW-1,15,15,23,30
Paracoccus fontiphilus,BCRC 80974T,15,15,20,30
Paracoccus gahaiensis,CUG 00006,21,4,20,25
Paracoccus haeundaensis,BC74171T,17,20,25,37
Paracoccus haeundaensis,BC74171,17,20,25,37
Paracoccus halophilus,HN-182T,35,7,25,42
Paracoccus hibisci,THG-T2.8,27,10,28,37
Paracoccus hibiscisoli,THG-T2.31,25,10,28,35
Paracoccus homiensis,DD-R11,30,10,27.5,40
Paracoccus homiensis,KACC 11518T,30,10,25,40
Paracoccus huijuniae,FLN-7,38,4,28,42
Paracoccus isoporae,SW-3,36,4,25,40
Paracoccus kondratievae,GB,20,30,40,50
Paracoccus koreensis,Ch05T,22,15,30,37
Paracoccus laeviglucosivorans,JCM 30587T,19,16,30,35
Paracoccus liaowanqingii,CGMCC 1,23,14,28,37
Paracoccus limosus,NB88T,38,4,30,42
Paracoccus limosus,NB88,17,20,30,37
Paracoccus litorisediminis,GHD-05,30,10,30,40
Paracoccus lutimaris,HDM-25T,27,10,30,37
Paracoccus mangrovi,gyp-1T,22,15,25,37
Paracoccus marinus,KKL-A5,27,10,30,37
Paracoccus marinus,NBRC 100637T,25,10,25,35
Paracoccus niistensis,NII-0918,30,10,28,40
Paracoccus oceanense,JLT1679,25,10,28,35
Paracoccus pacificus,F14,36,4,28,40
Paracoccus panacisoli,DCY94,22,15,30,37
Paracoccus pueri,THG-N2.35,30,10,28,40
Paracoccus rhizosphaerae,CC-CCM15-8,36,4,28,40
Paracoccus salipaludis,WN007T,35,10,37,45
Paracoccus saliphilus,YIM 90738,45,10,37,55
Paracoccus sanguinis,5503,15,22,28,37
Paracoccus sediminilitoris,KCTC 62644T,36,4,35,40
Paracoccus seriniphilus,MBT-A4,22,18,30,40
Paracoccus sordidisoli,LP91T,32,8,28,40
Paracoccus sphaerophysae,Zy-3T,56,4,28,60
Paracoccus spongiarum,LMG 33062T,27,10,25,37
Paracoccus stylophorae,KTW-16T,25,15,35,40
Paracoccus sulfuroxidans,LW36T,11,25,32.5,36
Paracoccus suum,KACC 19328T,27,10,30,37
Paracoccus tegillarcae,KCTC 72032T,20,10,20,30
Paracoccus thiocyanatus,IAM 12814,23,17,30,40
Paracoccus tibetensis,Tibet-S9a3,25,10,28,35
Paracoccus versutus,A2,23,17,30,40
Paracoccus xiamenensis,KCTC 72687T,27,10,30,37
Paracoccus zeaxanthinifaciens,ATCC 21588,30,10,28,40
Paracoccus zhejiangensis,J6,27,10,30,37
Paraconexibacter algicola,KCTC 39791T,21,15,30,36
Paradevosia shaoguanensis,J5-3,36,4,30,40
Paradonghicola geojensis,FJ12,35,10,25,45
Paraferrimonas haliotis,KCTC 52632T,22,15,28,37
Paraferrimonas sedimenticola,NBRC 101628T,25,15,25,40
Parafilimonas rhizosphaerae,T16E-198T,33,4,28,37
Parafilimonas rhizosphaerae,T16E-198,30,15,28,45
Parafilimonas terrae,5GHs7-2,25,15,29,40
Parafilimonas terrae,5GHs7-2T,25,15,28,40
Parafrigoribacterium mesophilum,MSL-08,17,20,28,37
Parageobacillus caldoxylosilyticus,S1812,32,43,65,75
Parageobacillus thermantarcticus,M1,28,37,63,65
Parageobacillus thermoglucosidasius,DSM 2542,31,37,60,68
Paraglaciecola aestuariivivens,JDTF-33,36,4,30,40
Paraglaciecola aquimarina,GGW-M5,33,4,30,37
Paraglaciecola arctica,BSs20135,24,4,25,28
Paraglaciecola hydrolytica,S66T,15,10,20,25
Paraglaciecola hydrolytica,S66,15,10,20,25
Paraglaciecola mesophila,KMM 241,28,7,25,35
Paraglaciecola oceanifecundans,162Z-12T,26,4,25,30
Paraglaciecola psychrophila,170,11,4,12,15
Paraglycomyces xinjiangensis,TRM 49201T,20,20,37,40
Parahaliea aestuarii,S2-26T,30,15,25,45
Paraherbaspirillum soli,JS5-2,25,5,28,30
Parahymenobacter deserti,ZLB-3,36,4,30,40
Paralcaligenes ginsengisoli,DCY104,20,10,30,30
Paralcaligenes ureilyticus,GR24-5,20,10,28,30
Paraliobacillus quinghaiensis,YIM-C158T,46,4,37,50
Paraliobacillus ryukyuensis,O15-7,37.5,10,37,47.5
Paraliobacillus sediminis,126C4T,36,4,29,40
Paraliobacillus sediminis,126C4,36,4,28,40
Paraliobacillus zengyii,DSM 107811T,33,4,28,37
Paralkalibacillus indicireducens,Bps-1T,22,18,33,40
Paramaledivibacter caminithermalis,DVird3,38,20,45,58
Paramesonia marina,KCTC 52325T,30,10,28,40
Paramoritella alkaliphila,A3F-7T,32,8,30,40
Paramoritella alkaliphila,A3F-7(,22,15,30,37
Paramoritella sediminis,MEBiC06500T,19.7,10.5,23.5,30.2
Paramoritella sediminis,MEBiC06500,19.2,11,23.5,30.2
Paraoceanicella profunda,D4M1,35,10,37,45
Paraoerskovia marina,CTT-37T,41,4,28,45
Paraoerskovia marina,DSW-2,27,10,25,37
Paraoerskovia sediminicola,H25-14T,20,10,28,30
Parapedobacter composti,KACC 10972T,30,15,30,45
Parapedobacter defluvii,NBRC 112611T,30,15,30,45
Parapedobacter deserti,N5SSJ16T,38,12,30,50
Parapedobacter indicus,RK1,25,20,37,45
Parapedobacter koreensis,Jip14T,17,25,37,42
Parapedobacter luteus,4M29,30,15,30,45
Parapedobacter lycopersici,T16R-256T,22,15,29,37
Parapedobacter lycopersici,T16R-256,22,15,28,37
Parapedobacter pyrenivorans,P-4T,30,15,37,45
Parapedobacter soli,KCTC 12984T,22,15,30,37
Paraperlucidibaca baekdonensis,RL-2T,20,10,20,30
Paraperlucidibaca wandonensis,WT-RY4,26,4,25,30
Paraphaeobacter pallidus,DCSW07T,35,10,28,45
Paraphotobacterium marinum,NSCS20N07D,20,15,30,35
Parapusillimonas granuli,Ch07T,38,4,30,42
Parapusillimonas granuli,Ch07,12,25,30,37
Pararheinheimera aquatica,GR-5,30,10,35,40
Pararheinheimera arenilitoris,J-MS1,36,4,30,40
Pararheinheimera chironomi,K19414,36,4,30,40
Pararheinheimera mesophila,IITR-13,30,12,30,42
Pararheinheimera soli,BD-d46,20,15,25,35
Pararheinheimera tangshanensis,JA3-B52,27,10,30,37
Pararheinheimera texasensis,A62-14B,17,20,30,37
Pararheinheimera tilapiae,Ruye-90,26,4,20,30
Pararhizobium antarcticum,DSM 103442T,24,4,20,28
Pararhizobium capsulatum,Mller 216,21,14,27,35
Pararhodobacter aggregans,DSM 18938T,25,15,30,40
Pararhodobacter aggregans,D1-19,25,15,30,40
Pararhodobacter marinus,ZQ420T,35,10,35,45
Pararhodobacter marinus,KCTC 52336T,37,4,28,41
Pararhodobacter oceanensis,AM505T,36,4,33,40
Pararhodobacter zhoushanesis,KCTC 62579T,35,10,35,45
Pararhodospirillum oryzae,JA318,15,25,30,40
Pararhodospirillum sulfurexigens,JA143,10,25,30,35
Pararobbsia silviterrae,KCTC 42628T,13,20,28,33
Parasedimentitalea denitrificans,KCTC 62199T,20,10,20,30
Parasediminibacterium paludis,HME6815,5,25,30,30
Parasegetibacter luojiensis,RHYL-37T,20,17,30,37
Parasegetibacter terrae,SGM2-10T,30,10,29,40
Parasegetibacter terrae,SGM2-10,30,10,28,40
Parashewanella curva,KCTC 62318T,17,20,25,37
Parashewanella tropica,JCM 16653T,30,8,24,38
Parasphingomonas caseinilytica,GB1N7T,25,0,20,25
Parasphingomonas frigoris,RB3P16T,30,0,20,30
Parasphingomonas halimpatiens,RT2P30T,35,0,25,35
Parasphingomonas puruogangriensis,PB4P5T,25,0,20,25
Parasphingomonas zepuensis,CGMCC 1,35,0,25,35
Parasphingopyxis algicola,ATAX6-5T,30,5,30,35
Parasphingopyxis lamellibrachiae,JAMH 0132T,31,5,30,36
Parasphingopyxis lamellibrachiae,JAMH 0132,31,5,28,36
Parendozoicomonas haliclonae,S-B4-1U,29,8,25,37
Parolsenella catena,2CBEGH3T,15,30,37,45
Parvibacter caecicola,NR06,12,25,37,37
Parvibaculum hydrocarboniclasticum,EPR92T,20,20,35,40
Parvibaculum indicum,LMG 24712T,31,10,25,41
Parvibium lacunae,KMB9,20,20,25,40
Parvibium lacunae,BCRC 81053T,20,20,37,40
Parviterribacter kavangonensis,DSM 25205T,30,13,35,43
Parviterribacter multiflagellatus,DSM 25204T,26,17,32,43
Parvularcula bermudensis,HTCC2503,27,10,30,37
Parvularcula dongshanenis,SH25T,31,10,28,41
Parvularcula dongshanensis,SH25T,31,10,28,41
Parvularcula flava,NH6-79T,38,4,37,42
Parvularcula lutaonensis,CC-MMS-1T,25,25,37,50
Parvularcula marina,SM1705T,30,10,35,40
Parvularcula oceani,JLT2013,30,10,30,40
Pasenisporosarcina indica,LMG 23933T,25,0,20,25
Pasteurella skyensis,95A1,18,14,20,32
Pasteurized milk,DSM 5366T,30,40,60,70
Patiriisocius marinistellae,JCM 33344T,26,4,25,30
Patulibacter americanus,CP177-2T,20,10,25,30
Patulibacter brassicae,CICC 24108T,32,10,30,42
Patulibacter ginsengiterrae,P4-5T,32,5,25,37
Patulibacter medicamentivorans,I11T,19,20,32,39
Patulibacter minatonensis,KV-614T,12,16,24,28
Paucibacter oligotrophus,CHU3,31,4,25,35
Paucibacter oligotrophus,KCTC 42519T,15,15,25,30
Paucibacter sediminis,S2-9T,30,10,35,40
Paucihalobacter ruber,KCTC 72450T,36,4,35,40
Paucisalibacillus globulus,CIP 108857T,25,20,37,45
Pectinatus brassicae,TY,30,10,28,40
Pectinatus haikarae,VTT E-88329T,15,15,25,30
Pectinatus haikarae,VTT E-88329,15,15,20,30
Pectinatus portalensis,B6,22,20,37,42
Pectinatus sottacetonis,FSRU B0405,22,15,30,37
Pectobacterium chrysanthemi,,14,23,30,37
Pectobacterium peruviense,IFB5232,10,20,25,30
Pediococcus cellicola,Z-8,31,13,33.5,44
Pediococcus cellicola,LMG 22956T,31,13,30,44
Pediococcus dextrinicus,DSM 20335,37,8,30,45
Pediococcus ethanolidurans,Z-9,30,15,33,45
Pediococcus ethanolidurans,LMG 23354T,30,15,34,45
Pediococcus lolii,NGRI 0510Q,28,15,37,43
Pedobacter agri,PB92T,20,10,25,30
Pedobacter agrisoli,YHM-9T,15,15,30,30
Pedobacter alpinus,RSP19T,23.5,4,15,30
Pedobacter alpinus,RSP19,21,4,20,25
Pedobacter antarcticus,4BY,28,2,25,30
Pedobacter aquatilis,AR107T,26,4,26.5,30
Pedobacter aquatilis,AR107,26,4,25,30
Pedobacter arcticus,A12T,21,4,18,25
Pedobacter ardleyensis,R2-28T,21,4,18,25
Pedobacter bauzanensis,DSM 22554T,20,5,25,25
Pedobacter bauzanensis,BZ42,20,5,20,25
Pedobacter boryungensis,BR-9,33,4,30,37
Pedobacter boryungensis,KCTC 23344T,31,4,30,35
Pedobacter changchengzhani,E01020,21,4,20,25
Pedobacter chinensis,KCTC 62850T,33,4,28,37
Pedobacter chitinilyticus,CM134L-2T,31,4,28,35
Pedobacter chitinilyticus,CM134L-2,36,4,28,40
Pedobacter composti,TR6-06,22,15,30,37
Pedobacter cryoconitis,A37T,24,1,20,25
Pedobacter cryoconitis,A37,24,1,15,25
Pedobacter cryophilus,,24,4,15,28
Pedobacter daechungensis,Dae 13T,15,15,30,30
Pedobacter daejeonensis,,26,4,26.5,30
Pedobacter daejeonensis,THG-DN3.18,26,4,25,30
Pedobacter duraquae,DSM 19034T,23,9,25,32
Pedobacter edaphicus,THG-DA2.1,18,10,28,28
Pedobacter frigidisoli,,32,0,15,32
Pedobacter frigoris,,28,4,15,32
Pedobacter ginsengisoli,Gsoil 104,26,4,25,30
Pedobacter ginsengiterrae,DCY49T,30.5,4,28,35
Pedobacter ginsengiterrae,DCY49,30,4,28,34
Pedobacter ginsenosidimutans,THG-45,26,4,25,30
Pedobacter glacialis,8月24日,24,4,18,28
Pedobacter glucosidilyticus,1-2T,22,15,30,37
Pedobacter hainanensis,13-Q,30,10,25,40
Pedobacter hartonius,DSM 19033T,20,6,12,26
Pedobacter helvus,KCTC 62821T,27,10,30,37
Pedobacter hiemivivus,,32,0,15,32
Pedobacter himalayensis,HHS 22T,21,4,22,25
Pedobacter huanghensis,,24,4,19,28
Pedobacter huanghensis,M1-27,16,4,18,20
Pedobacter humi,THG S15-2,29,4,26,33
Pedobacter humi,KCTC 42735T,29,4,24,33
Pedobacter humicola,R135,32,10,25,42
Pedobacter insulae,DS-139,36,4,25,40
Pedobacter insulae,KCTC 12820T,27,4,25,31
Pedobacter jamesrossensis,CCM 8689,29,1,20,30
Pedobacter jamesrossensis,,30,5,15,35
Pedobacter jejuensis,THG-DR3,33,4,23,37
Pedobacter jeongneungensis,BH45,26,4,25,30
Pedobacter koreensis,WPCB189T,33,4,25,37
Pedobacter kyonggii,K-4-11-1,32,0,10,32
Pedobacter kyungheensis,THG-T17,36,4,25,40
Pedobacter lentus,,27,4,25,31
Pedobacter lithocola,,30,5,15,35
Pedobacter lithocola,CCM 8691,29,1,20,30
Pedobacter lotistagni,THG-DN6.8,33,4,25,37
Pedobacter lusitanus,NL19,26,4,18,30
Pedobacter luteus,N7d-4,15,15,25,30
Pedobacter lycopersici,T16R-88,31,4,28,35
Pedobacter mendelii,,30,5,15,35
Pedobacter mendelii,CCM 8685,29,1,20,30
Pedobacter metabolipauper,DSM 19035T,23,8,24,31
Pedobacter mongoliensis,1-32T,29,4,28,33
Pedobacter mongoliensis,1-32,33,4,28,37
Pedobacter namyangjuensis,5G38,35,5,28,40
Pedobacter nanyangensis,Q-4,15,20,30,35
Pedobacter nototheniae,36B243,20,10,25,30
Pedobacter nutrimenti,J22T,33,4,30,37
Pedobacter nyackensis,NWG-II14,30,2,10,32
Pedobacter oryzae,KACC 12821T,20,15,25,35
Pedobacter panaciterrae,Gsoil 042T,26,4,25,30
Pedobacter petrophilus,,30,5,15,35
Pedobacter petrophilus,CCM 8687,29,1,20,30
Pedobacter pituitosus,MIC2002,27,10,25,37
Pedobacter polaris,,32,0,17.5,32
Pedobacter psychrodurus,,32,0,15,32
Pedobacter psychrophilus,,24,1,15,25
Pedobacter psychrophilus,P4487A,20,5,20,25
Pedobacter psychrotolerans,V5RDT,35,0,10,35
Pedobacter psychrotolerans,CGMCC 1,30,0,10,30
Pedobacter quisquiliarum,C62-2T,17,20,30,37
Pedobacter rhizosphaerae,,35,2,28,37
Pedobacter rivuli,HME8457,33,4,30,37
Pedobacter roseus,CL-GP80,28,5,25,33
Pedobacter roseus,JCM 13399T,28,5,30,33
Pedobacter ruber,W1,24,1,20,25
Pedobacter sandarakinus,DS-27,29,4,30,33
Pedobacter sandarakinus,,36,4,30,40
Pedobacter seoulensis,THG-G12,26,4,20,30
Pedobacter silvilitoris,W-WS1,26,4,30,30
Pedobacter soli,,31,4,28,35
Pedobacter soli,KCTC 12984T,22,15,30,37
Pedobacter solisilvae,KCTC 42612T,20,15,28,35
Pedobacter steynii,DSM 19110T,20,10,25,30
Pedobacter suwonensis,15-52,36,1,34,37
Pedobacter terrae,DS-57,31,4,25,35
Pedobacter terricola,,30,4,25,34
Pedobacter tournemirensis,LB10T,25,12,30,37
Pedobacter trunci,THG-DN3.19,26,4,18,30
Pedobacter ureilyticus,KACC 17660T,36,4,25,40
Pedobacter vanadiisoli,XNV015T,33,4,28,37
Pedobacter vanadiisoli,XNV015,27,10,28,37
Pedobacter westerhofensis,DSM 19036T,19,9,22,28
Pedobacter xinjiangensis,12157,33,4,30,37
Pedobacter xixiisoli,S27T,31,6,28,37
Pedobacter yonginense,HMD1002,33,4,30,37
Pedobacter yulinensis,YL28-9,27,15,30,42
Pedobacter zeae,22T,32,5,28,37
Pedobacter zeae,22,15,15,30,30
Pedomicrobium americanum,IFAM G-1381,26,15,32,41
Pedomicrobium americanum,ACM 3090,21,15,29,36
Pedomicrobium australicum,IFAM ST-1306T,21,15,30,36
Pedomicrobium australicum,ATCC 43611,21,15,29,36
Pedomicrobium ferrugineum,IFAM S乚1290,30,10,30,40
Pelagibaca abyssi,JLT2014,36,4,25,40
Pelagibacillus goriensis,CL-GR16T,28,15,30,43
Pelagibacterium halotolerans,B2,32,10,30,42
Pelagibacterium lacus,XYN52T,33,4,30,37
Pelagibacterium lentulum,B2,41,4,33,45
Pelagibacterium luteolum,1_C16_27,33,4,30,37
Pelagibacterium nitratireducens,JLT2005,15,20,25,35
Pelagibacterium sediminicola,KACC 19595T,38,4,30,42
Pelagibaculum spongiae,DSM 104963T,2,20,22,22
Pelagibius litoralis,CL-UU02T,18,15,29,33
Pelagibius litoralis,CL-UU02,18,15,28,33
Pelagicoccus albus,,22,15,27,37
Pelagicoccus albus,YM14-201,22,15,25,37
Pelagicoccus croceus,N5FB36-5,10,20,25,30
Pelagicoccus litoralis,,26,4,27,30
Pelagicoccus litoralis,H-MN57,26,4,25,30
Pelagicoccus mobilis,02PA-Ca-133T,17,20,29,37
Pelagicola litoralis,CL-ES2,10,20,25,30
Pelagicola litorisediminis,D1-W8,36,4,25,40
Pelagicola marinus,DSW4-44T,20,10,25,30
Pelagimonas varians,SH4-1,33,4,30,37
Pelagirhabdus alkalitolerans,S5T,65,0,37,65
Pelagirhabdus alkalitolerans,S5,35,20,37,55
Pelagivirga sediminicola,BH-SD19T,25,15,35,40
Pelagovum pacificum,SM1903T,22,15,35,37
Pelistega indica,HM-7,20,20,30,40
Pelobacter acetylenicus,WoAcy 1,25,15,28,40
Pelobacter carbinolicus,Gra Bd 1,25,15,35,40
Pelobacter propionicus,Ott Bd 1,41,4,33,45
Pelobacter venetianus,Gra PEG1,30,10,33,40
Pelobium manganitolerans,YS-25T,33,4,28,37
Pelobium manganitolerans,YS-25,19,18,28,37
Pelolinea submarina,MO-CFX1,27,10,27.5,37
Pelolinea submarina,MO-CFX1T,27,10,30,37
Pelomonas aquatica,CCUG 52575,17,20,30,37
Pelomonas puraquae,CCUG 52769,27,10,37,37
Pelosinus defluvii,LMG 25549T,32,10,30,42
Pelosinus propionicus,DSM 13327T,22,15,30,37
Pelotomaculum isophthalicicum,JI,20,25,37,45
Pelotomaculum propionicicum,MGP T,20,25,37,45
Pelotomaculum terephthalicicum,JT,10,30,37,40
Pelotomaculum thermopropionicum,SI,20,45,55,65
Pengzhenrongella phosphoraccumulans,M0-14T,21,4,4,25
Penibacillus montanisoli,KCTC 33894T,33,4,28,37
Penicillium araracuarense,,5,25,25,30
Penicillium jamesonlandense,DAOM 234087,13,12,17.5,25
Penicillium pedernalense,F01-11T,26,4,25,30
Penicillium penarojense,,5,25,25,30
Penicillium simile,414T,20,5,25,25
Penicillium vanderhammenii,,5,25,25,30
Penicillium wotroi,,17,20,25,37
Peptacetobacter hominis,JCM 33482T,20,25,37,45
Peptides were,DSM 11002,25,20,42,45
Peptoanaerobacter stomatis,ACC19a,12,30,37,42
Peptococcus simiae,M108T,10,32,37,42
Peptoniphilus catoniae,M6.X2D,13,30,37,43
Peptoniphilus equinus,CBA3646T,20,20,35,40
Peptoniphilus methioninivorax,NRRL B-23883,27,15,37,42
Peptoniphilus senegalensis,JC140,7,30,37,37
Peptoniphilus stercorisuis,SF-S1T,30,4,30,47
Peptoniphilus stercorisuis,SF-S1,17,20,30,37
Peptostreptococcus canis,CCUG 57081,20,25,37,45
Peptostreptococcus equinus,CBA3647T,20,20,35,40
Peptostreptococcus russellii,RT-10B,20,25,37,45
Perlucidibaca aquatica,BK296T,27,10,30,37
Perlucidibaca piscinae,NBRC 102354T,29,8,30,37
Persephonella guaymasensis,None,20,55,70,75
Persephonella hydrogeniphila,29W,22.5,50,70,72.5
Persephonella marina,EX-H1,25,55,73,80
Persephonella marina,None__2,25,55,70,80
Persicirhabdus sediminis,YM20-087,10,20,25,30
Persicivirga ulvanivorans,PLRT,31,4,25,35
Persicobacter diffluens,B-1 Lewin,25,15,30,40
Persicobacter psychrovividus,Asr22-19,40,5,25,45
Perspicuibacter marinus,NBRC 110144T,16,15,22,31
Petrimonas mucosa,DSM 28695T,30,20,45,50
Petrimonas sulfuriphila,DSM 16547T,25,15,37,40
Petrobacter succinatimandens,DSM 15512T,25,35,55,60
Petroclostridium xylanilyticum,DSM 103557T,25,35,50,60
Petrothermobacter organivorans,NBRC 112621T,35,25,55,60
Petrotoga halophila,DSM 16923T,5,55,60,60
Petrotoga halophila,MET-B,20,45,60,65
Petrotoga mexicana,DSM 14811T,40,25,55,65
Petrotoga mobilis,SJ95T,25,40,59,65
Petrotoga mobilis,SJ95,25,40,58,65
Petrotoga olearia,SL24T,23,37,55,60
Petrotoga sibirica,SL25,18,37,55,55
Phaeobacter arcticus,20188,25,0,19.5,25
Phaeobacter arcticus,CGMCC 1,25,0,19,25
Phaeobacter bryozoorum,A36a-5aT,29,8,25,37
Phaeobacter caeruleus,LMG 24369,41,4,20,45
Phaeobacter caeruleus,LMG 24369T,41,4,28,45
Phaeobacter cretensis,C3_T13_0T,29,8,25,37
Phaeobacter daeponensis,TF-218T,38,4,37,42
Phaeobacter gallaeciensis,BS107,22,15,23,37
Phaeobacter inhibens,T5,32,4,27,36
Phaeobacter italicus,LMG 24365,41,4,20,45
Phaeobacter leonis,306T,28,4,17,32
Phaeobacter marinintestinus,UB-M7,20,10,25,30
Phaeobacter piscinae,27-4T,25,10,32,35
Phaeobacter piscinae,4寧27擔,25,10,31,35
Phaeobacter porticola,P97T,26,4,24,30
Phaeobacter porticola,P97,26,4,20,30
Phaeobacterium nitratireducens,AK40T,15,22,30,37
Phaeochromatium fluminis,JA418,15,20,30,35
Phaeocystidibacter luteus,PG2S01T,30,10,28,40
Phaeocystidibacter marisrubri,G18,32,10,28,42
Phaeocystidibacter marisrubri,G18T,32,10,37,42
Phaeodactylibacter luteus,GYP20T,17,20,28,37
Phaeodactylibacter xiamenensis,KD52,17,20,28,37
Phaeospirillum chandramohanii,JA145T,10,25,30,35
Phaeospirillum oryzae,JA317T,10,25,30,35
Phaeospirillum tilakii,JA492T,10,25,30,35
Phaeovibrio sulfidiphilus,JA480T,20,20,25,40
Phaseolibacter colonies,was 44,40,4,28,44
Phaseolibacter flectens,ATCC 12775,40,4,29,44
Phaseolibacter flectens,ATCC 12775T,40,4,28,44
Phenylobacterium aquaticum,W2-3-4,22,18,25,40
Phenylobacterium aquaticum,KACC 18306T,22,18,25,40
Phenylobacterium composti,4T-6T,30,15,30,45
Phenylobacterium conjunctum,,20,20,30,40
Phenylobacterium deserti,YIM 73061,20,20,33,40
Phenylobacterium deserti,DSM 103871T,20,20,30,40
Phenylobacterium falsum,AC-49,15,25,35,40
Phenylobacterium haematophilum,,30,10,37,40
Phenylobacterium hankyongense,HKS-05,27,10,25,37
Phenylobacterium immobile,DSM 1986,2,28,30,30
Phenylobacterium koreense,Slu-01T,17,20,29,37
Phenylobacterium koreense,Slu-01,17,20,28,37
Phenylobacterium kunshanense,BUT-10T,12,25,29,37
Phenylobacterium kunshanense,BUT-10,12,25,28,37
Phenylobacterium lituiforme,FaiI3T,20,25,40.5,45
Phenylobacterium muchangponense,A8,25,15,25,40
Phenylobacterium panacis,DCY109T,10,20,25,30
Phenylobacterium parvum,KACC 19185T,20,15,25,35
Phenylobacterium terrae,YIM 730227,25,25,37,50
Phenylobacterium zucineum,HLK1,22,25,37,47
Phocaeicola abscessus,CCUG 55929T,7,30,37,37
Phocaeicola oris,BCRC 81305T,20,20,30,40
Phorcysia thermohydrogeniphila,HB-8T,15,65,75,80
Photobacterium aestuarii,YA11T,20,10,20,30
Photobacterium alginatilyticum,P03D4,40,10,32,50
Photobacterium aphoticum,M46T,33,4,28,37
Photobacterium aplysiae,GMD509T,21,10,25,31
Photobacterium aquae,AE6,25,15,30,40
Photobacterium aquae,AE6T,25,15,35,40
Photobacterium atrarenae,M3-4,25,15,37,40
Photobacterium carnosum,TMW 2.2021,20,0,10,20
Photobacterium chitinilyticum,BEI247T,27,10,24,37
Photobacterium frigidiphilum,SL13T,14,6,14,20
Photobacterium gaetbulicola,Gung47T,30,10,30,40
Photobacterium galatheae,S2753,25,15,28,40
Photobacterium ganghwense,KCTC 12328T,35,10,35,45
Photobacterium halotolerans,LMG 22194T,33,4,28,37
Photobacterium indicum,NBRC 14233T,21,4,25,25
Photobacterium jeanii,R-40508,15,20,26,35
Photobacterium lipolyticum,M37T,30,4,26.5,34
Photobacterium lutimaris,KCTC 12723T,41,4,25,45
Photobacterium lutimaris,DF-42,37,4,25,41
Photobacterium marinum,AK15,27,10,30,37
Photobacterium obscurum,SDRW27T,21,16,28,37
Photobacterium panuliri,LBS5,23,15,28,38
Photobacterium phosphoreum,ATCC 11040,21,4,20,25
Photobacterium profundum,DSJ4,14,4,8,18
Photobacterium proteolyticum,13-12T,41,4,28,45
Photobacterium rosenbergii,LMG 22223,10,20,28,30
Photobacterium salinisoli,JCM 30852T,30,10,35,40
Photobacterium toruni,H01100410BT,31,4,22,35
Photorhabdus heterorhabditis,SF41T,18,24,30,42
Photorhabdus luminescens,PB45.5T,31,8,29,39
Photorhabdus namnaonensis,PB45.5,27,10,28,37
Phreatobacter cathodiphilus,KACC 18497T,30,10,30,40
Phreatobacter oligotrophus,PI_21,25,20,25,45
Phreatobacter stygius,YC6-17T,20,10,30,30
Phycicoccus aerophilus,5516T-20T,32,5,30,37
Phycicoccus badiiscoriae,Sco-B23T,15,20,30,35
Phycicoccus bigeumensis,MSL-03,17,20,28,37
Phycicoccus cremeus,V2M29T,21,14,29,35
Phycicoccus dokdonensis,DS-8,26,10,30,36
Phycicoccus endophyticus,IP6SC6,22,20,37,42
Phycicoccus ginsengisoli,DCY87T,27,10,30,37
Phycicoccus ginsenosidimutans,KCTC 19419T,27,10,30,37
Phycicoccus jejuensis,KSW2-15T,38,4,30,42
Phycicoccus jejuensis,KSW2-15,33,4,30,37
Phycicoccus ochangensis,L1b-b9,35,10,20,45
Phycicoccus soli,THG-a14T,25,10,28,35
Phycicola gilvus,SSWW-21T,26,4,25,30
Phycisphaera mikurensis,FYK2301M01,20,10,25,30
Phyllobacterium endophyticum,PEPV15,34,5,28,39
Phyllobacterium loti,S658T,33,6,28,39
Phyllobacterium salinisoli,LLAN61T,31,6,28,37
Phyllobacterium sophorae,CCBAU 03422,27,10,28,37
Phyllobacterium trifolii,PETP02T,33,4,28,37
Phylogenetically related,DSM 14954T,19,19,30,38
Phytoactinopolyspora alkaliphila,EGI 80629T,30,15,30,45
Phytoactinopolyspora endophytica,EGI 60009,17,20,28,37
Phytoactinopolyspora halotolerans,YIM 96448,30,15,28,45
Phytoactinopolyspora mesophila,JCM 33740T,30,15,37,45
Phytobacter diazotrophicus,LS8,35,5,28,40
Phytobacter ursingii,ATCC 27989,35,5,32.5,40
Phytohabitans flavus,JCM 17387T,15,20,34,35
Phytohabitans flavus,K09-0627,15,20,22,35
Phytohabitans houttuyneae,,22,20,30,42
Phytohabitans rumicis,,14,20,27,34
Phytohabitans rumicis,JCM 17829T,14,20,28,34
Phytohabitans rumicis,K11-0047,14,20,26,34
Phytohabitans suffuscus,DSM 45306T,15,22,35,37
Phytomonospora cypria,KT1403,27,10,28,37
Phytomonospora endophytica,YIM 65646,30,10,24,40
Phytomonospora endophytica,DSM 45386T,30,10,20,40
Phytophthora intercalaris,45B7T,25,5,25,30
Phytophthora pseudopolonica,LS06.3.2T,30,5,30,35
Phytosymbiont producing,AY486133,25,20,40,45
Pibocella ponti,KMM 6031T,29,4,23,33
Pibocella ponti,KMM 6031,29,4,21,33
Pichia chibodasensis,14Y260T,5,25,25,30
Picrophilus oshimae,JCM 10054,18,47,60,65
Picrophilus torridus,KAW 2/3,18,47,60,65
Pigmentiphaga aceris,SAP-32T,20,10,30,30
Pigmentiphaga daeguensis,K110T,31,15,37,46
Pigmentiphaga humi,LMG 30658T,8,20,25,28
Pigmentiphaga litoralis,JSM 061001,31,4,25,35
Pigmentiphaga litoralis,KCTC 22165T,31,4,30,35
Pigmentiphaga soli,BS12,27,15,30,42
Pinisolibacter ravus,E9,41,4,30,45
Piscibacillus halophilus,DSM 21633T,40,15,35,55
Piscibacillus salipiscarius,RBU1-1,33,15,37,48
Piscicoccus intestinalis,Ngc37-23,27,10,28,37
Piscinibacter aquaticus,IMCC1728,27,15,30,42
Piscinibacter caeni,MQ-18T,12,25,30,37
Piscinibacter defluvii,SH-1T,15,25,37,40
Piscinibacterium candidicorallinum,LYH-15T,25,15,30,40
Pistricoccus aurantiacus,SS9,38,4,33,42
Planctobacterium marinum,K7,31,4,25,35
Planctomicrobium piriforme,P3,20,10,24,30
Planctomicrobium piriforme,DSM 26348T,20,10,20,30
Planctomonas deserti,KCTC 49115T,29,8,30,37
Planctomonas psychrotolerans,DSM 101894T,33,4,25,37
Planctopirus ephydatiae,spb1,18,15,30,33
Planctopirus limnophila,Mu 290,22,17,30,39
Planifilum composti,P8T,25,50,55,75
Planifilum fimeticola,JCM 12507T,15,50,55,65
Planifilum fulgidum,JCM 12508T,17,50,55,67
Planifilum fulgidum,500275,17,50,60,67
Planifilum yunnanense,LA5T,25,50,65,75
Planifilum yunnanense,LA5,25,50,60,75
Planktomarina temperata,RCA23,31,4,25,35
Planktosalinus lacus,X14M-14T,35.5,0,30,40
Planktosalinus lacus,X14M-14,31,4,25,35
Planktotalea arctica,IMCC9565T,26,4,20,30
Planktotalea frisia,SH6-1,28,4,22.5,32
Planktotalea frisia,DSM 23709T,28,4,20,32
Planobacterium taklimakanense,X-65T,19,18,30,37
Planobispora takensis,A-T 7458,12,25,25,37
Planococcus antarcticus,CMS26or,28,2,20,30
Planococcus columbae,PgEx11T,34,8,30,42
Planococcus dechangensis,NEAU-ST10-9,46,4,30,50
Planococcus donghaensis,JH1,33,4,27.5,37
Planococcus donghaensis,KCTC 13050T,33,4,25,37
Planococcus faecalis,AJ003,50,-20,25,30
Planococcus halocryophilus,DSM 24743T,27,10,25,37
Planococcus halocryophilus,Or1,52,-15,25,37
Planococcus halotolerans,CGMCC 1,40,0,35,40
Planococcus halotolerans,SCU63,40,0,30,40
Planococcus maritimus,TF-9,37,4,30,41
Planococcus massiliensis,ES2,15,25,37,40
Planococcus notacanthi,DSM 115753T,36,4,28,40
Planococcus plakortidis,AS/ASP6,22,15,30,37
Planococcus ruber,CW1T,22,15,27.5,37
Planococcus ruber,CW1,22,15,25,37
Planococcus salinarum,ISL-16,34,4,30,38
Planococcus salinus,LCB217T,35,10,30,45
Planococcus stackebrandtii,DSM 16419T,15,15,25,30
Planococcus versutus,L10.15T,26,4,25,30
Planococcus versutus,L10.15,26,4,26,30
Planomicrobium chinense,DX3-12,31,12,32.5,43
Planomicrobium chinense,JCM 12466T,35,10,30,45
Planomicrobium flavidum,ISL-41,33,4,30,37
Planomicrobium glaciei,0423T,24,4,20.5,28
Planomicrobium glaciei,423,24,4,20,28
Planomicrobium iranicum,MX6T,35,10,35,45
Planomicrobium koreense,JG07T,34,4,25,38
Planomicrobium koreense,JG07,34,4,20,38
Planomicrobium soli,XN13,34,4,29,38
Planomicrobium soli,XN13T,34,4,28,38
Planomonospora alba,A82600 (= NRRL 18924),45,5,30,50
Planomonospora algeriensis,PM3,20,20,30,40
Planomonospora corallina,A-T 11038,17,20,25,37
Planomonospora sphaerica,A51460 (= NRRL 18923),45,5,30,50
Planosporangium mesophilum,YIM 48875,2,28,28,30
Planotetraspora mira,NA9211028,9,28,28,37
Plantactinospora endophytica,YIM68255,35,10,20,45
Plantactinospora mayteni,YIM 61359,22,15,28,37
Plantactinospora sonchi,NEAU-QY2,25,15,28,40
Plantactinospora soyae,NEAU-gxj3T,12,20,28,32
Plantactinospora veratri,NEAU-FHS4T,30,15,28,45
Plasticicumulans acidivorans,TUD-YJ37T,15,20,30,35
Plasticicumulans lactativorans,DSM 25287T,25,20,40,45
Plastorhodobacter daqingensis,DQW12E81-30,30,15,37,45
Pleionea mediterranea,MOLA115T,22,15,25,37
Pleionea sediminis,KCTC 72149T,25,15,30,40
Pleomorphic cells,None__40,16,28,42,44
Pleomorphic rods,JCM 30603T,22,20,30,42
Pleomorphobacterium xiamenense,CLWT,37,28,58,65
Pleomorphochaeta caudata,SEBR 4223,22,20,37,42
Pleomorphochaeta caudata,DSM 103077T,20,20,37,40
Pleomorphochaeta multiformis,MO-SPC2,19,0,7,19
Pleomorphochaeta naphthae,DSM 104684T,17,25,37,42
Pleomorphomonas diazotrophica,R5-392T,17,20,30,37
Pleomorphomonas diazotrophica,KCTC 42635T,25,20,40,45
Pleomorphomonas koreensis,Y9,27,15,30,42
Pleomorphomonas koreensis,JCM 30603T,22,20,30,42
Pleomorphomonas koreensis,KCTC 42635T,25,20,40,45
Pleomorphomonas oryzae,JCM 30603T,22,20,30,42
Pleomorphovibrio marinus,CGMCC 1,38,4,30,42
Plesiocystis pacifica,SIR-1T,17,15,29,32
Polaribacter atrinae,WP25T,26,4,20,30
Polaribacter butkevichii,"KMM 3,938",28,4,21,32
Polaribacter dokdonensis,DSW-5T,29,4,26.5,33
Polaribacter dokdonensis,DSW-5,29,4,25,33
Polaribacter filamentus,ATCC 700397,15,4,10,19
Polaribacter gangjinensis,K17-16T,33,4,30,37
Polaribacter gangjinensis,K17-16,22,15,30,37
Polaribacter haliotis,RA4-7,26,4,25,30
Polaribacter huanghezhanensis,SM1202,31,4,20,35
Polaribacter insulae,OITF-22,20,10,25,30
Polaribacter irgensii,,13.5,-1.5,10,12
Polaribacter lacunae,HMF2268,26,4,20,30
Polaribacter litorisediminis,OITF-11,24,4,25,28
Polaribacter marinaquae,RZW3-2T,28,4,26,32
Polaribacter marinaquae,RZW3-2,28,4,24,32
Polaribacter marinivivus,GYSW-15,22,15,30,37
Polaribacter pacificus,HRA130-1T,47,0,16,47
Polaribacter pacificus,HRA130-1,28,4,16,32
Polaribacter ponticola,KACC 22340T,10,15,25,25
Polaribacter porphyrae,LNM-20T,35,5,25,40
Polaribacter porphyrae,LNM-20,20,10,25,30
Polaribacter reichenbachii,6Alg 8,31,4,26,35
Polaribacter sejongensis,KOPRI 21160,33,4,25,37
Polaribacter staleyi,KCTC 52773T,30,4,25,34
Polaribacter tangerinus,WS2-14T,27,10,28,37
Polaribacter undariae,W-BA7,26,4,25,30
Polaribacter vadi,LPB0003,31,4,25,35
Polaromonas cryoconiti,,41,1,20,42
Polaromonas cryoconiti,Cr4-35,24,1,1,25
Polaromonas eurypsychrophila,B717-2T,15,5,15,20
Polaromonas ginsengisoli,Gsoil 115T,20,10,30,30
Polaromonas glacialis,,41,1,20,42
Polaromonas hydrogenivorans,DSM 17735,25,0,17.5,25
Polaromonas hydrogenivorans,DSM 17735T,25,0,20,25
Polaromonas jejuensis,JS12-13T,25,5,29,30
Polaromonas jejuensis,JS12-13,25,5,28,30
Polaromonas naphthalenivorans,CJ2T,21,4,20,25
Polaromonas vacuolata,34-P,15,0,4,15
Polycentric thallus,T130AT,25,20,30,45
Polycladomyces abyssicola,JCM 18147T,18,55,60,73
Polycladomyces abyssicola,JIR-001,18,55,55,73
Polycladomyces subterraneus,KSR 13,35,40,50,75
Polycladomyces subterraneus,NBRC 109332T,20,45,55,65
Polycladomyces zharkentensis,ZKZ2T,20,55,70,75
Polygonibacillus indicireducens,In2-9T,35,10,36,45
Polygonibacillus indicireducens,In2-9,32,13,35,45
Polymorphobacter fuscus,D40PT,31,4,25,35
Polymorphobacter glacialis,B555-2,20,0,15,20
Polymorphobacter multimanifer,262-7T,26,4,25,30
Polymorphobacter multimanifer,262-7,34,-4,25,30
Polymorphospora rubra,TT 97-42T,10,20,28,30
Polymorphum gilvum,SL003B-26A1,46,4,37,50
Polynucleobacter aenigmaticus,MWH-K35W1T,27,5,28,32
Polynucleobacter difficilis,AM-8B5T,26,4,28,30
Pontibaca methylaminivorans,GRP21,22,15,30,37
Pontibacillius salipaludis,KCTC 33742T,29,16,37,45
Pontibacillus chungwhensis,BH030062T,30,15,35,45
Pontibacillus chungwhensis,BH030062,30,15,30,45
Pontibacillus halophilus,JSM 076056,25,15,25,40
Pontibacillus halophilus,,25,15,27.5,40
Pontibacillus litoralis,JSM 072002,35,15,35,50
Pontibacillus marinus,BH030004T,25,15,30,40
Pontibacillus salicampi,BH043T,45,10,30,55
Pontibacillus salipaludis,KCTC 33742T,29,16,37,45
Pontibacillus yanchengensis,Y32T,40.5,4,37,55
Pontibacillus yanchengensis,Y32,30,15,35,45
Pontibacter actiniarum,KCTC 12367T,37,6,28,43
Pontibacter actiniarum,KMM 6156,37,6,25,43
Pontibacter akesuensis,AKS 1T,32,4,29,36
Pontibacter akesuensis,AKS 1,32,4,28,36
Pontibacter amylolyticus,9-2T,36,4,30,40
Pontibacter amylolyticus,9寧2擔,36,4,30,40
Pontibacter arcticus,KCTC 62596T,33,4,28,37
Pontibacter aurantiacus,NP1T,15,25,28,40
Pontibacter aydingkolensis,JCM 31442T,31,6,28,37
Pontibacter brevis,JCM 31443T,32,5,28,37
Pontibacter chinhatensis,LP51T,40,5,28,45
Pontibacter chitinilyticus,17gy-14,30,7,28,37
Pontibacter coccineus,KCTC 92910T,15,20,30,35
Pontibacter deserti,,35,10,30,45
Pontibacter deserti,KCTC 32443T,35,10,25,45
Pontibacter diazotrophicus,H4X,36,4,30,40
Pontibacter harenae,XAAS-A31T,36,4,30,40
Pontibacter humi,SWU8,22,15,25,37
Pontibacter humidus,KCTC 72363T,15,20,30,35
Pontibacter indicus,LP100T,35,5,28,40
Pontibacter jeungdoensis,HMD3125,22,15,30,37
Pontibacter kalidii,XAAS-72T,41,4,20,45
Pontibacter korlensis,X14-1,38,7,30,45
Pontibacter korlensis,X14-1T,38,7,37,45
Pontibacter litorisediminis,YKTF-7,35,10,30,45
Pontibacter locisalis,Sy30,25,15,30,40
Pontibacter lucknowensis,DM9T,39,6,28,45
Pontibacter mangrovi,HB172049T,35,10,30,45
Pontibacter mucosus,DSM 100162T,40,5,28,45
Pontibacter niistensis,NII-0905T,27,15,28,42
Pontibacter odishensis,,30,10,27.5,40
Pontibacter odishensis,KCTC 23982T,30,10,25,40
Pontibacter populi,HYL7-15T,33,4,30,37
Pontibacter ramchanderi,LP43,9,28,37,37
Pontibacter rhizosphera,IMTB-1969,27,15,25,42
Pontibacter roseus,SRC-1,33,4,30,37
Pontibacter ruber,,35,10,30,45
Pontibacter ruber,KCTC 32442T,35,10,25,45
Pontibacter rufus,KCTC 62072T,15,20,30,35
Pontibacter rugosus,KYW1030T,36,4,30,40
Pontibacter saemangeumensis,GCM0142,26,4,25,30
Pontibacter saemangeumensis,GCM0142T,25,5,25,30
Pontibacter salisaro,HMC5104,17,20,30,37
Pontibacter silvestris,XAAS-R86,36,4,28,40
Pontibacter soli,HYL7-26,33,4,28,37
Pontibacter terrae,KCTC 52915T,19,18,30,37
Pontibacter terrae,17SD1-15,19,18,28,37
Pontibacter toksunensis,ZLD-7T,35.5,4,30,42
Pontibacter toksunensis,ZLD-7,33,7,30,40
Pontibacter ummariensis,NKM1T,41,4,28,45
Pontibacter ummariensis,NKM1,20,25,28,45
Pontibacter virosus,W14T,33,4,28,37
Pontibacter virosus,W14,20,20,28,40
Pontibacter xinjiangensis,AB 207200T,33,4,30,37
Pontibacter yuliensis,H9XT,33,4,30,37
Pontibacterium granulatum,A-1T,20,20,30,40
Pontibacterium sinense,N1Y112T,15,20,28,35
Ponticaulis koreensis,GSW-23,32,10,30,42
Ponticaulis profundi,YC239,38,4,25,42
Ponticoccus alexandrii,AT2-A,38,7,28,45
Ponticoccus gilvus,MSW-19,22,20,30,42
Ponticoccus lacteus,JL351T,25,15,30,40
Ponticoccus litoralis,CL-GR66T,27,10,30,37
Ponticoccus marisrubri,JCM 19520T,25,15,30,40
Pontimicrobium aquaticum,KCTC 72003T,10,20,30,30
Pontimonas salivibrio,CL-TW6,20,15,30,35
Pontirhabdus pectinivorans,JC2675,45,5,30,50
Pontivivens insulae,GYSW-23,20,15,25,35
Populibacterium corticicola,2D-4T,27,10,29,37
Populibacterium corticicola,2D-4,27,10,28,37
Porifericola rhodea,N5EA6-3A2B,41,4,20,45
Porphyrobacter algicida,Yeonmyeong 2-22T,30,10,30,40
Porphyrobacter colymbi,TPW-24,20,20,30,40
Porphyrobacter cryptus,DSM 12079T,5,50,50,55
Porphyrobacter cryptus,ALC-2,30,25,50,55
Porphyrobacter dokdonensis,DSW-74T,2,35,37,37
Porphyrobacter dokdonensis,DSW-74,33,10,35,43
Porphyrobacter donghaensis,SW-132T,35,10,30,45
Porphyrobacter mercurialis,Coronado,24,4,25,28
Porphyrobacter neustonensis,ACM 2844,27,10,28,37
Porphyrobacter sanguineus,IAM 12620,17,20,30,37
Porphyrobacter tepidarius,OT3,20,30,40,50
Porphyromonas pasteri,JCM 30531T,15,25,37,40
Portibacter lacus,YM8-076,25,15,30,40
Porticoccus hydrocarbonoclasticus,MCTG13d,27,10,15,37
Porticoccus litoralis,NBRC 102686T,27,15,20,42
Poseidonibacter antarcticus,R18H21T,36,4,25,40
Poseidonibacter antarcticus,KCTC 62796T,30,0,10,30
Poseidonocella pacifica,KMM 9010,37,5,25,42
Poseidonocella sedimentorum,KMM 9023,34.5,7,25,41.5
Positive reaction,DSM 12178T,30,10,30,40
Positive reactions,JCM 30603T,22,20,30,42
Postechiella marina,M091T,26,4,25,30
Povalibacter uvarum,Zumi 37T,20,13,30,33
Prauserella aidingensis,,9,28,37,37
Prauserella aidingensis,CCTCC AA 208053,30,15,28,45
Prauserella coralliicola,SCSIO 11529,28,22,28,50
Prauserella endophytica,SP28S-3,24,18,28,42
Prauserella flava,,9,28,37,37
Prauserella flava,DSM 45265T,30,15,37,45
Prauserella flava,CCTCC AA 208052,30,15,28,45
Prauserella flavalba,DSM 45973T,35,20,28,55
Prauserella halophila,YIM 90001,35,10,28,45
Prauserella isguenensis,H225T,30,10,30,45
Prauserella isguenensis,H225,25,20,30,45
Prauserella marina,DSM 45268T,30,15,28,45
Prauserella oleivorans,RIPI T,30,25,45,55
Prauserella rugosa,DSM 43194,35,10,34,45
Prauserella salsuginis,,9,28,37,37
Prauserella salsuginis,DSM 45264T,30,15,28,45
Prauserella sediminis,,9,28,37,37
Prauserella sediminis,YIM 90694T,28,22,28,50
Prauserella sediminis,CCTCC AA 208054,30,15,28,45
Prauserella shujinwangii,XJ46,29,16,28,45
Prauserella soli,12-833T,2,28,30,30
Predominant polar,"of Xinfangfangia soli , 95",12,20,28,32
Prevotella colorans,A1336T,7,30,35,37
Prevotella colorans,A1336,7,30,35,37
Prevotella dentalis,DSM 3688,20,25,37,45
Prevotella disiens,ATCC 29426,20,25,37,45
Prevotella fusca,W1435,20,25,35,45
Prevotella oryzae,KB3,20,15,30,35
Prevotella paludivivens,KB7T,30,10,30,40
Prevotella saccharolytica,,25,20,35,45
Prevotella scopos,W2052,17,25,35,42
Prevotella timonensis,4401737,12,25,37,37
Pricia antarctica,ZS1-8T,25,0,18,25
Pricia antarctica,ZS1-8,25,0,17,25
Primorskyibacter aestuariivivens,OITF-36,30,10,30,40
Primorskyibacter insulae,SSK3-2,15,20,30,35
Primorskyibacter marinus,KCTC 42952T,36,4,30,40
Primorskyibacter sedentarius,JCM 16874T,35,4,25,39
Pro teobacteria,DSM 12178T,30,10,30,40
Produces catalase,TRO-001DR8T,12,28,35,40
Produces cellular,ATCC 29719,36,4,28,40
Profundibacter amoris,BAR1T,27,10,27,37
Profundibacterium mesophilum,KAUST100406-0324T,10,15,20,25
Profundibacterium mesophilum,KAUST100406-0324,10,15,20,25
Profundimonas piezophila,YC-1,12,2,8,14
Prolixibacter bellariivorans,F2T,38,4,22,42
Prolixibacter denitrificans,MIC1-1,25,15,36,40
Prolixibacter denitrificans,MIC1-1T,25,15,35,40
Promethearchaeum syntrophicum,MK-D1T,26,4,20,30
Promicromonospora alba,HV12T,33,4,28,37
Promicromonospora callitridis,CAP94T,22,15,27,37
Promicromonospora citrea,ATCC 15908,36,6,28,42
Promicromonospora iranensis,DSM 45554T,5,25,28,30
Promicromonospora kroppenstedtii,RS16,25,12,28,37
Promicromonospora soli,NEAU-GS50T,20,18,28,38
Promicromonospora thailandica,S7F-02T,15,25,30,40
Promicromonospora viridis,NEAU-JGR1,22,18,28,40
Promicromonospora xylanilytica,DSM 21603T,27,10,28,37
Promotes germination,AY486133,25,20,40,45
Propionibacterium cyclohexanicum,TA-12,20,20,35,40
Propionibacterium damnosum,,22,20,30,42
Propionibacterium microaerophilum,M5T,25,20,30,45
Propionibacterium namnetense,NTS 31307302,22,20,35,42
Propionibacterium olivae,IGBL1T,22,20,30,42
Propionibacterium ruminifibrarum,DSM 106771T,10,35,39,45
Propionicicella superfundia,BL-10,22,15,30,37
Propioniciclava sinopodophylli,TEYR-7T,22,15,29,37
Propioniciclava sinopodophylli,TEYR-7,22,15,28,37
Propioniciclava tarda,WR061T,17,20,35,37
Propionicimonas ferrireducens,Y1A-10 4-9-1T,20,20,30,40
Propionicimonas paludicola,WdT,30,10,35,40
Propioniferax innocua,DSM 8251,30,10,37,40
Propionispira arcuata,JCM 16475T,20,20,35,40
Propionispora hippei,KST,30,20,37,50
Propionivibrio militaris,MP,27,10,25,37
Prosthecobacter algae,EBTL04T,15,15,30,30
Prosthecobacter algae,,33,4,30,37
Prosthecobacter fluviatilis,JCM 14805T,28,10,30,38
Prosthecochloris indica,JAGS6,10,25,30,35
Prosthecomicrobium pneumaticum,JCM 30603T,22,20,30,42
Protaetiibacter intestinalis,KACC 19321T,22,15,28,37
Proteiniborus ethanoligenes,GWT,28,20,37,48
Proteiniborus indolifex,DSM 103060T,25,25,35,50
Proteiniclasticum ruminis,D3RC-2,22,24,38.5,46
Proteiniclasticum ruminis,D3RC-2T,22,24,38,46
Proteiniphilum acetatigenes,TB107T,25,20,37,45
Proteiniphilum saccharofermentans,M3/6T,30,15,37,45
Proteiniphilum saccharofermentans,M3/6,30,15,35,45
Proteinivorax tanatarense,Z-910,36,16,32,52
Proteobacteria showed,DSM 12178T,30,10,30,40
Proteocatella sphenisci,PPP2,35,2,29,37
Proteus alimentorum,08MAS0041T,35,10,37,45
Proteus alimentorum,08MAS0041,15,30,37,45
Proteus cibarius,JS9,27,10,30,37
Proteus cibi,DSM 106178T,35,10,37,45
Proteus columbae,08MAS2615T,35,10,37,45
Proteus faecis,DSM 106180T,35,10,37,45
Providencia entomophila,IO-23,14,28,32,42
Providencia thailandensis,C1112,30,15,30,45
Psedoduganella eburnea,JCM 31587T,27,10,25,37
Pseudactinotalea suaedae,JCM 19624T,20,15,28,35
Pseudactinotalea terrae,5GHs33-3,33,4,29,37
Pseudactinotalea terrae,KACC 16542T,33,4,28,37
Pseudaeromonas paramecii,KCTC 62038T,32,12,36,44
Pseudaestuariivita atlantica,22II-S11-z3,35,10,28,45
Pseudahrensia aquimaris,HDW-32,28,4,30,32
Pseudahrensia todarodis,KHS02T,26,6,25,32
Pseudaminobacter defluvii,,30,10,30,40
Pseudaminobacter granuli,Gr-2,19,18,30,37
Pseudaminobacter manganicus,JH-7T,20,20,28,40
Pseudaminobacter salicylatoxidans,BN12T,20,20,30,40
Pseudarcicella hirudinis,E92T,26,10,25,36
Pseudarcicella hirudinis,E92,26,10,28,36
Pseudarthrobacter chlorophenolicus,A6,34,3,20,37
Pseudarthrobacter defluvii,4C1-a,32,5,25,37
Pseudarthrobacter humi,KACC 22359T,33,4,30,37
Pseudarthrobacter niigatensis,LC13,30,10,30,40
Pseudarthrobacter psychrotolerans,JCM 33881T,24,4,13,28
Pseudarthrobacter quantipunctorum,RC-2-3T,24,4,28,28
Pseudenhygromyxa salsuginis,SYR-2,22,18,32.5,40
Pseudenhygromyxa salsuginis,NBRC 104351T,22,18,35,40
Pseudidiomarina aestuarii,KCTC 22740T,27,10,30,37
Pseudidiomarina donghaiensis,CGMCC 1,30,15,37,45
Pseudidiomarina gelatinasegens,R04H25T,38,4,37,42
Pseudidiomarina maritima,,35,10,37,45
Pseudidiomarina salilacus,YC-516-91T,27,15,32,42
Pseudidiomarina sediminum,c121T,29,13,35,42
Pseudidiomarina taiwanensis,PIT1,27,15,32.5,42
Pseudoalteromonas aestuariivivens,DB-2,25,15,30,40
Pseudoalteromonas agarivorans,KMM 255,28,7,24,35
Pseudoalteromonas agarivorans,DSM 14585T,28,7,20,35
Pseudoalteromonas aliena,KMM 3562,26,4,23.5,30
Pseudoalteromonas aliena,LMG 22059T,25,4,23,29
Pseudoalteromonas amylolytica,JW1,20,20,30,40
Pseudoalteromonas antarctica,NF3,26,4,25,30
Pseudoalteromonas arabianensis,JCM 17292T,29,6,25,35
Pseudoalteromonas arabiensis,JCM 17292T,29,6,25,35
Pseudoalteromonas arctica,A 37-1-2T,31,4,12.5,35
Pseudoalteromonas arctica,A 37-1-2,21,4,10,25
Pseudoalteromonas atlantica,ATCC 19262,30,5,30,35
Pseudoalteromonas aurantia,208,26,4,25,30
Pseudoalteromonas byunsanensis,FR1199T,30,10,25,40
Pseudoalteromonas carrageenovora,ATCC 43555,30,5,30,35
Pseudoalteromonas citrea,ATCC 29719,31,4,30,35
Pseudoalteromonas denitrificans,Nygaard 1977,28,2,25,30
Pseudoalteromonas donghaensis,HJ51,36,4,25,40
Pseudoalteromonas espejiana,261,25,10,30,35
Pseudoalteromonas fenneropenaei,rzy34T,20,20,30,40
Pseudoalteromonas flavipulchra,,34,10,30,44
Pseudoalteromonas flavipulchra,NCIMB 2033,34,10,25,44
Pseudoalteromonas gelatinilytica,CGMCC 1,30,15,28,45
Pseudoalteromonas haloplanktis,545,25,10,30,35
Pseudoalteromonas hodoensis,H7,25,15,25,40
Pseudoalteromonas issachenkonii,KMM 3549,33,4,29,37
Pseudoalteromonas lipolytica,LMEB 39T,27.5,4,25,37
Pseudoalteromonas lipolytica,LMEB 39,22,15,25,37
Pseudoalteromonas luteoviolacea,CH130,20,10,25,30
Pseudoalteromonas maricaloris,KMM636,27,10,25,37
Pseudoalteromonas maricaloris,LMG 19692T,27,10,30,37
Pseudoalteromonas mariniglutinosa,NCIMB 1770,32,5,24,37
Pseudoalteromonas mariniglutinosa,NCIMB 1770T,32,5,20,37
Pseudoalteromonas neustonica,PAMC 28425,26,4,25,30
Pseudoalteromonas nigrifaciens,ATCC 19375,31,4,30,35
Pseudoalteromonas paragorgicola,KMM3548,26,4,25,30
Pseudoalteromonas peptidolytica,F12-50-A1,22,15,30,37
Pseudoalteromonas phenolica,O-BC30T,19,18,37,37
Pseudoalteromonas phenolica,O-BC30,19,18,25,37
Pseudoalteromonas piscicida,MB-1,27,10,30,37
Pseudoalteromonas profundi,TP162,32.5,0,27,40
Pseudoalteromonas profundi,KACC 18554T,30,10,27,40
Pseudoalteromonas prydzensis,ACAM 620T,26,4,23.5,30
Pseudoalteromonas prydzensis,MB811,32,-2,22,30
Pseudoalteromonas rubra,Atcc 29570,25,10,30,35
Pseudoalteromonas ruthenica,KMM 300,25,10,27.5,35
Pseudoalteromonas sagamiensis,B-10-31T,20,15,27,35
Pseudoalteromonas shioyasakiensis,JCM 18891T,35,5,28,40
Pseudoalteromonas tetraodonis,IAM 14160,31,4,25,35
Pseudoalteromonas translucida,KMM 520,26,4,25,30
Pseudoalteromonas tunicata,D2T,31,4,28,35
Pseudoalteromonas tunicata,DS,26,4,25,30
Pseudoalteromonas ulvae,UL12T,31,4,23,35
Pseudoalteromonas undina,ATCC 29690,26,4,25,30
Pseudoalteromonas xiamenensis,Y2,30,10,25,40
Pseudoalteromonas xishaensis,E418,30,15,25,45
Pseudobacter ginsenosidimutans,Gsoil 221T,27,10,30,37
Pseudobacteroides cellulosolvens,ATCC 35603T,25,20,40,45
Pseudobacteroides cellulosolvens,WM2,25.5,20,42,45.5
Pseudobizionia ponticola,MM-14,27,10,30,37
Pseudobowmanella zhangzhouensis,JS7-9,27,15,25,42
Pseudobutyrivibrio xylanivorans,Mz 5T,20,25,39,45
Pseudochaetosphaeronema ginkgonis,CBS 140953,2,26,26,28
Pseudochrobactrum glaciei,JCM 15115T,35,5,28,40
Pseudoclavibacter caeni,KCTC 19773T,22,20,30,42
Pseudoclavibacter caeni,MJ28,27,15,30,42
Pseudoclavibacter chungangensis,CAU 59,46,4,30,50
Pseudoclavibacter endophyticus,EGI 60007T,50,10,25,60
Pseudoclavibacter helvolus,,25,10,29,35
Pseudoclavibacter soli,KP02,17,25,30,42
Pseudoclavibacter terrae,THG-MD12,18,10,25,28
Pseudodesulfovibrio aespoeensis,Aspo-2,31,4,25,35
Pseudodesulfovibrio hydrargyri,BerOc1T,10,25,30,35
Pseudodesulfovibrio indicus,J2,31,9,30,40
Pseudodesulfovibrio nedwellii,DSM 114958T,20,10,25,30
Pseudodesulfovibrio piezophilus,C1TLV30,30,15,30,45
Pseudodesulfovibrio portus,MSL79,30,10,35,40
Pseudodesulfovibrio profundus,500-1,50,15,25,65
Pseudodonghicola xiamenensis,Y-2,19,18,25,37
Pseudoduganella danionis,E3/2T,33,4,25,37
Pseudoduganella danionis,E3/2,22,15,20,37
Pseudoduganella eburnea,10R5-21T,27,10,28,37
Pseudoduganella eburnea,10R5-21,27,10,25,37
Pseudoflavitalea rhizosphaerae,T16R-265,30,10,29,40
Pseudoflavitalea rhizosphaerae,T16R-265T,30,10,28,40
Pseudoflavitalea soli,,27,10,29,37
Pseudoflavitalea soli,KACC 17319T,27,10,28,37
Pseudoflavitalea soli,KIS20-3,30,10,28,40
Pseudofulvibacter gastropodicola,MEBiC08749,26,5,25,31
Pseudofulvibacter geojedonensis,YCS-9,27,10,25,37
Pseudofulvibacter marinus,RZW2-1T,28,4,24,32
Pseudofulvimonas gallinarii,DSM 21944T,30,15,30,45
Pseudogemmobacter bohemicus,DSM 103618T,12,20,28,32
Pseudogracilibacillus auburnensis,P-207,26,10,29,36
Pseudogracilibacillus endophyticus,DT7-02T,24,20,40,44
Pseudogracilibacillus endophyticus,DT7-02,22,22,40,44
Pseudogracilibacillus marinus,NIOT.bflm.S4T,41,4,30,45
Pseudogulbenkiania gefcensis,yH16T,15,25,32,40
Pseudogulbenkiania subflava,BP-5,27,15,25,42
Pseudogulbenkiania subflava,BCRC 17727T,27,15,35,42
Pseudohaliea rubra,CM41_15a,29,15,30,44
Pseudohalocynthiibacter aestuariivivens,BS-W9,20,10,25,30
Pseudohoeflea coraliihabitans,KCTC 82803T,20,15,30,35
Pseudohoeflea suaedae,YC6898,32,10,30,42
Pseudohongiella acticola,GBSW-5,25,10,30,35
Pseudohongiella nitratireducens,CGMCC 1,31,4,30,35
Pseudohongiella spirulinae,Ma-20,33,10,30,43
Pseudokineococcus basanitobsidens,SKC1-2,33,4,28,37
Pseudokineococcus galaxeicola,SCSIO 13315T,20,20,25,40
Pseudokineococcus lusitanus,T2A-S27,31,6,29,37
Pseudokineococcus lusitanus,LMG 24148T,31,6,28,37
Pseudokineococcus marinus,KST3-3,33,4,30,37
Pseudolysobacter antarcticus,AQ6-296T,24,4,20,28
Pseudomaribius aestuariivivens,DBTF-15,27,10,25,37
Pseudomaricurvus alcaniphilus,MEBiC06469,22,16,32,38
Pseudomaricurvus alkylphenolicus,KU41G,15,15,25,30
Pseudomethylobacillus aquaticus,H-5T,15,15,25,30
Pseudomonas abyssi,KCTC 62295T,41,4,28,45
Pseudomonas aeruginosa,ATCC 12775T,40,4,28,44
Pseudomonas aestusnigri,VGXO14,24,18,25,42
Pseudomonas alabamensis,LMG 33363T,22,15,28,37
Pseudomonas alkylphenolica,KL28,33,4,18,37
Pseudomonas arabinosi,CGMCC 1,34,-2,25,32
Pseudomonas arsenicoxydans,VC-1,33,4,30,37
Pseudomonas asiatica,DSM 107182T,36,4,30,40
Pseudomonas asuensis,CP155-2,32,5,25,37
Pseudomonas azotifigens,6H33b,13,28,30,41
Pseudomonas bauzanensis,BZ93,25,5,15,30
Pseudomonas beijerinckii,DSM 3050,15,20,28,35
Pseudomonas beijingensis,JCM 35689T,33,4,28,37
Pseudomonas benzopyrenica,JCM 35914T,21,16,30,37
Pseudomonas bohemica,IA19,33,4,28,37
Pseudomonas brassicacearum,,33,4,25,37
Pseudomonas bubulae,TH39,31,2,25,33
Pseudomonas caeni,HY-14T,33,4,30,37
Pseudomonas canadensis,2-92T,26,4,30,30
Pseudomonas caricapapayae,ATCC 33615,38,7,23,45
Pseudomonas carnis,B4-1,31,2,27,33
Pseudomonas chloritidismutans,AW-1,27,10,30,37
Pseudomonas cimarronensis,CCUG 78313T,36,4,30,40
Pseudomonas coleopterorum,Esc2Am,26,4,20,30
Pseudomonas cuatrocienegasensis,1NT,4,28,29,32
Pseudomonas daroniae,FRB 228,33,4,28,37
Pseudomonas dryadis,FRB 230,35,4,28,39
Pseudomonas duriflava,HR2T,37,5,37,42
Pseudomonas duriflava,HR2,37,5,30,42
Pseudomonas endophytica,BSTT44T,7,28,28,35
Pseudomonas entomophila,L48,38,4,30,42
Pseudomonas extremorientalis,KMM 3447,31,4,25,35
Pseudomonas fildesensis,CECT 9084T,26,4,25,30
Pseudomonas flectens,ATCC 12775T,40,4,28,44
Pseudomonas floridensis,GEV388,26,4,26,30
Pseudomonas fluvialis,ASS-1,27,15,25,42
Pseudomonas frigoris,CGMCC 1,34,-2,25,32
Pseudomonas gallaeciensis,V113,31,6,25,37
Pseudomonas gessardii,CIP 105469,37,4,30,41
Pseudomonas glareae,KMM 9500,32,5,28,37
Pseudomonas granadensis,"F-278,770",33,4,28,37
Pseudomonas guangdongensis,SgZ-6T,32,10,30,42
Pseudomonas guariconensis,PCAVU11T,39,5,28,44
Pseudomonas haemolytica,WS 5063,30,4,29,34
Pseudomonas halodenitrificans,of Pseudomonas halophila and transferred to the genus Halomonas as Halomonas utahensis nom,15,20,28,35
Pseudomonas halodurans,ATCC 29686T,39,4,30,43
Pseudomonas helleri,WS4917,29,4,31,33
Pseudomonas hormoni,LMG 33086T,20,5,25,25
Pseudomonas hunanensis,LV,31,10,25,41
Pseudomonas hussainii,CC-AMH-11T,25,15,30,40
Pseudomonas hussainii,CC-AMH-11,25,15,30,40
Pseudomonas hutmensis,XWS2,33,4,28,37
Pseudomonas indoloxydans,IPL-1,32,10,30,42
Pseudomonas izuensis,LMG 31527T,27,5,24,32
Pseudomonas jessenii,CIP 105274,31,4,30,35
Pseudomonas jinjuensis,,37,4,30,41
Pseudomonas juntendi,BML3,36,4,28,40
Pseudomonas kairouanensis,KC12,33,4,25,37
Pseudomonas koreensis,,33,4,30,37
Pseudomonas kribbensis,Feb-46,26,4,30,30
Pseudomonas kunmingensis,HL22-2,37,4,30,41
Pseudomonas lactis,WS 4992,31,4,27,35
Pseudomonas lalkuanensis,KCTC 72454,35,5,30,40
Pseudomonas laurylsulfatovorans,AP3_22,34,8,30,42
Pseudomonas leptonychotis,P5773,33,2,25,35
Pseudomonas libanensis,CFML 96-195T,32,4,30,36
Pseudomonas linyingensis,LYBRD3-7,17,20,30,37
Pseudomonas lundensis,strain 138 of Molin and Ternström (= 573 = CCM 3503),33,0,25,33
Pseudomonas lyxosi,CGMCC 1,34,-2,25,32
Pseudomonas machongensis,JCM 36318T,38,4,28,42
Pseudomonas mandelii,CIP 105273,31,4,30,35
Pseudomonas mangiferae,TBRC 7080T,28,12,28,40
Pseudomonas mangrovi,KCTC 62159,30,15,35,45
Pseudomonas marginalis,ATCC 10844,38,0,25,38
Pseudomonas marincola,KMM 3042,32,5,25,37
Pseudomonas meliae,ATCC 33050,33,4,27,37
Pseudomonas mesophilica,A47,20,10,25,30
Pseudomonas migulae,,31,4,30,35
Pseudomonas monteilii,CFML 90-60,26,10,30,36
Pseudomonas moraviensis,,31,4,28,35
Pseudomonas moraviensis,1B4,31,4,28,35
Pseudomonas mosselii,CFML 90-83,26,10,30,36
Pseudomonas mucidolens,ATCC 4685,27,10,23,37
Pseudomonas nabeulensis,E10B,33,4,25,37
Pseudomonas nautica,DSM 12178T,30,10,30,40
Pseudomonas nitritireducens,WZBFD3-5A2,25,15,25,40
Pseudomonas nitrititolerans,CGMCC 1,38,4,30,42
Pseudomonas nunensis,LMG 32653T,24,4,20,28
Pseudomonas oceani,KX 20T,37,4,28,41
Pseudomonas oryzae,WM-3,17,25,30,42
Pseudomonas panipatensis,Esp-1T,9,28,30,37
Pseudomonas paralactis,WS 4672,31,4,27,35
Pseudomonas paralcaligenes,LMG 32254T,25,15,25,40
Pseudomonas paucimobilis,CL1/70,19,18,30,37
Pseudomonas pelagia,CL-AP6,29,4,25,33
Pseudomonas persica,RUB6,22,15,28,37
Pseudomonas plantarii,NIAES 1723,28,10,33.5,38
Pseudomonas pohangensis,H3-R18T,31,4,25,35
Pseudomonas populi,KBL-4-9T,41,4,37,45
Pseudomonas profundi,M5T,36,4,25,40
Pseudomonas pseudoalcaligenes,C-42,14,27,30,41
Pseudomonas pseudoalcaligenes,K2,37,4,28,41
Pseudomonas pseudoflava,GA3,13,30,36,43
Pseudomonas psychrophila,E-3,36,-1,25,35
Pseudomonas punonensis,LMT03T,36,5,28,41
Pseudomonas reidholzensis,,33,4,28,37
Pseudomonas reidholzensis,LMG 29328T,33,4,30,37
Pseudomonas reidholzensis,CCOS 865,33,4,25,37
Pseudomonas rhizoryzae,JCM 33201T,27,10,30,37
Pseudomonas sagittaria,CC-OPY-1T,12,25,30,37
Pseudomonas salegens,GBPy5T,31,4,30,35
Pseudomonas salina,XCD-X85T,31,4,27.5,35
Pseudomonas salina,XCD-X85,31,4,25,35
Pseudomonas saxonica,WS 5072,30,4,25,34
Pseudomonas sensu,ATCC 12775T,40,4,28,44
Pseudomonas sesami,SI-P133,41,4,30,45
Pseudomonas sihuiensis,WM-2,36,4,30,40
Pseudomonas silesiensis,A3,31,4,15,35
Pseudomonas simiae,OLiT,33,4,30,37
Pseudomonas songnenensis,NEAU-ST5-5,35,10,28,45
Pseudomonas stagnisoli,CECT 31230T,15,25,35,40
Pseudomonas taeanensis,MS-3,26,4,26.5,30
Pseudomonas taeanensis,KCTC 22612T,26,4,25,30
Pseudomonas taeniospiralis,2K1,10,30,37,40
Pseudomonas taiwanensis,CMS,37,5,30,42
Pseudomonas tarimensis,MA-69T,12,25,30,37
Pseudomonas thermotolerans,CM3,31,25,47,56
Pseudomonas toyotomiensis,HT-3,38,4,35,42
Pseudomonas tructae,KCTC 72265,41,4,25,45
Pseudomonas tuomuerensis,78-123T,27,15,30,42
Pseudomonas versuta,L10.10,26,4,28,30
Pseudomonas vranovensis,,31,4,28,35
Pseudomonas vranovensis,2B2,31,4,28,35
Pseudomonas wadenswilerensis,,33,4,28,37
Pseudomonas wadenswilerensis,LMG 29327T,33,4,25,37
Pseudomonas xiamenensis,C10-2,35,10,27.5,45
Pseudomonas xiamenensis,CGMCC 1,35,10,25,45
Pseudomonas xinjiangensis,S3-3T,38,4,37,42
Pseudomonas xionganensis,R-22–3 w-18T,22,15,30,37
Pseudomonas yamanorum,8H1T,31,4,28,35
Pseudomonas yangmingensis,CRS1,37,5,30,42
Pseudomonas yangonensis,LMG 31602T,40,4,36,44
Pseudomonas zeshuii,BY-1T,20,20,35,40
Pseudomonas zeshuii,BY-1,20,20,30,40
Pseudomonas zhaodongensis,NEAU-ST5-21,36,4,28,40
Pseudomonas zhaodongensis,DSM 27559T,20,20,28,40
Pseudonocardia acaciae,GMKU095T,24,18,37,42
Pseudonocardia acaciae,GMKU095,24,18,36,42
Pseudonocardia adelaidensis,EUM 221T,22,15,27,37
Pseudonocardia ailaonensis,YIM 45505,45,0,28,45
Pseudonocardia ailaonensis,KCTC 19315T,22,15,28,37
Pseudonocardia antarctica,DVS 5a1,31,7,25,38
Pseudonocardia antitumoralis,DSM 45322T,36,4,20,40
Pseudonocardia antitumoralis,SCSIO 01299,36,4,28,40
Pseudonocardia artemisiae,YIM 63587,27,10,20,37
Pseudonocardia babensis,VN05A0561T,35,10,28,45
Pseudonocardia bannensis,YIM 63101,32,10,20,42
Pseudonocardia cypriaca,KT2142,17,28,28,45
Pseudonocardia dioxanivorans,CB1190T,27,10,30,37
Pseudonocardia endophytica,DSM 44969T,22,15,28,37
Pseudonocardia eucalypti,EUM 374T,22,15,27,37
Pseudonocardia khuvsgulensis,,15,15,28,30
Pseudonocardia khuvsgulensis,NBRC 105886T,15,15,25,30
Pseudonocardia kongjuensis,LM 157,33,4,30,37
Pseudonocardia kujensis,A4038,25,20,28,45
Pseudonocardia kunmingensis,YIM 63158,30,10,28,40
Pseudonocardia lutea,NEAU-G57T,30,10,28,45
Pseudonocardia lutea,NEAU-G57,35,10,28,45
Pseudonocardia mangrovi,TBRC 7778T,20,20,28,40
Pseudonocardia mongoliensis,,15,15,25,30
Pseudonocardia nigra,ATK03,20,10,28,30
Pseudonocardia oroxyli,D10T,5,25,27,30
Pseudonocardia profundimaris,GY0556,36,4,30,40
Pseudonocardia rhizophila,YIM 67013,27,10,20,37
Pseudonocardia saturnea,ATCC15809,27,10,28,37
Pseudonocardia sediminis,DSM 45779T,20,15,28,35
Pseudonocardia seranimata,YIM 63233,27,10,20,37
Pseudonocardia soli,NW8-21T,25,10,27.5,35
Pseudonocardia spinosispora,LM 141,26,4,30,30
Pseudonocardia tetrahydrofuranoxydans,K1,25,11,30,36
Pseudonocardia thailandensis,CMU-NKS-70,25,15,28,40
Pseudonocardia thermophila,MB A-18,32,28,40,60
Pseudonocardia tritici,NEAU-YY211,22,18,28,40
Pseudonocardia tropica,DSM 45199T,22,15,28,37
Pseudonocardia xishanensis,YIM 63638T,32,10,20,42
Pseudonocardia zijingensis,6330T,30,15,28,45
Pseudooceanicola aestuarii,E2-1T,30,15,28,45
Pseudooceanicola antarcticus,Ar-45,36,4,35,40
Pseudooceanicola atlanticus,22II-S11g,31,10,25,41
Pseudooceanicola batsensis,HTCC2597,36,4,30,40
Pseudooceanicola flagellatus,DY470,25,15,35,40
Pseudooceanicola lipolyticus,157T,25,15,30,40
Pseudooceanicola marinus,AZO-C,38,4,28,42
Pseudooceanicola nanhaiensis,SS011B1-20,27,10,28,37
Pseudooceanicola nitratireducens,JLT1210,27,10,28,37
Pseudooceanicola onchidii,KCTC 72211T,22,15,37,37
Pseudooceanicola onchidii,XY-99,22,15,35,37
Pseudooceanicola pacificus,KCTC 72688T,35,10,32,45
Pseudooctadecabacter jejudonensis,SSK2-1,20,15,30,35
Pseudopedobacter beijingensis,GCS-AE-31,27,10,28,37
Pseudopelagicola gijangensis,YSS-7T,26,4,25,30
Pseudophaeobacter arcticus,20188,25,0,19,25
Pseudophaeobacter leonis,306,28,4,17,32
Pseudophaeobacter profundi,ZH257T,33,4,32,37
Pseudopontixanthobacter vadosimaris,KCTC 62623T,40,10,30,50
Pseudopuniceibacterium sediminis,KCTC 62198T,35,5,30,40
Pseudoramibacter alactolyticus,ATCC 23263,20,25,35,45
Pseudorhizobium pelagicum,R1-200B4,30,10,28,40
Pseudorhodobacter antarcticus,ZS3-33,26,4,15,30
Pseudorhodobacter aquaticus,,26,4,22.5,30
Pseudorhodobacter aquaticus,CGMCC1,26,4,20,30
Pseudorhodobacter aquimaris,HDW-19T,31,4,30,35
Pseudorhodobacter collinsensis,4-T-34,26,4,22.5,30
Pseudorhodobacter collinsensis,LMG 28256T,26,4,20,30
Pseudorhodobacter psychrotolerans,PAMC 27389,37,0,15,37
Pseudorhodobacter psychrotolerans,KCTC 42640T,37,0,20,37
Pseudorhodobacter sinensis,CGMCC1,26,4,25,30
Pseudorhodobacter sinensis,Y1R2-4,26,4,20,30
Pseudorhodobacter wandonensis,WT-MW11T,26,4,25,30
Pseudorhodoferax aquiterrae,NAFc-7T,25,15,30,40
Pseudorhodoferax caeni,,10,20,30,30
Pseudorhodoferax soli,TBEA3T,10,20,30,30
Pseudorhodoplanes sinuspersici,RIPI 110T,20,15,30,35
Pseudorivibacter rhizosphaerae,KCTC 62325T,20,20,30,40
Pseudoroseicyclus aestuarii,DB-4,27,10,30,37
Pseudoruegeria aestuarii,JCM 30751T,25,15,30,40
Pseudoruegeria aestuarii,MME-001,25,15,25,40
Pseudoruegeria aquimaris,SW-255T,34,15,37,49
Pseudoruegeria haliotis,WM67T,27,10,30,37
Pseudoruegeria insulae,BPTF-M20,25,10,30,35
Pseudoruegeria limi,D-17,10,20,25,30
Pseudoruegeria lutimaris,HD-43T,27,10,30,37
Pseudoruegeria marinistellae,SF-16,31,10,25,41
Pseudoscardovia radai,DPVI/TET3,41,5,37,46
Pseudoseohaeicola caenipelagi,BS-W13,26,4,25,30
Pseudosphingobacterium domesticum,DC-186,21,15,30,36
Pseudosporangium ferrugineum,3-44-a(19)T,17,20,28,37
Pseudotenacibaculum haliotis,FDZSB0410T,22,15,30,37
Pseudoteredinibacter isoporae,SW-11,35,10,30,45
Pseudoteredinibacter isoporae,BCRC 17935T,35,10,35,45
Pseudoteredinibacter isoporaesp,SW-11T,35,10,35,45
Pseudothermotoga elfii,SEBR 6459,22,50,66,72
Pseudothermotoga hypogea,SEBR 7054,34,56,70,90
Pseudothermotoga lettingae,TMO,25,50,65,75
Pseudothermotoga subterranea,SL1,25,50,70,75
Pseudothermotoga thermarum,LA3,29,55,70,84
Pseudovibrio ascidiaceicola,F423T,20,10,25,30
Pseudovibrio ascidiaceicola,F423,20,10,25,30
Pseudovibrio axinellae,Ad2,20,10,24,30
Pseudovibrio denitrificans,DN34,15,20,30,35
Pseudovibrio hongkongensis,UST20140214-015B,25,15,25,40
Pseudovibrio stylochi,UST20140214-052T,25,15,26.5,40
Pseudovibrio stylochi,UST20140214-052,25,15,25,40
Pseudoxanthobacter liyangensis,DDT-3,20,20,30,40
Pseudoxanthobacter soli,DSM 19599T,27,10,37,37
Pseudoxanthomonas daejeonensis,,7,30,30,37
Pseudoxanthomonas helianthi,roo10T,17,20,30,37
Pseudoxanthomonas humi,THG-MM13,19,18,28,37
Pseudoxanthomonas icgebensis,ICGEB-L15,20,30,30,50
Pseudoxanthomonas indica,P15T,31,10,28,41
Pseudoxanthomonas japonensis,,27,10,35,37
Pseudoxanthomonas japonensis,12寧3擔,27,10,30,37
Pseudoxanthomonas jiangsuensis,wax,35,10,30,45
Pseudoxanthomonas kaohsiungensis,J36,30,10,35,40
Pseudoxanthomonas koreensis,T7-09T,7,30,30,37
Pseudoxanthomonas mexicana,AMX 26B,27,10,35,37
Pseudoxanthomonas putridarboris,KACC 15045T,30,10,30,40
Pseudoxanthomonas sacheonensis,BD-c54,20,15,25,35
Pseudoxanthomonas sangjuensis,5GH38-5,30,15,30,45
Pseudoxanthomonas suwonensis,4M1,35,10,30,45
Pseudoxanthomonas taiwanensis,CB-226T,30,30,50,60
Pseudoxanthomonas taiwanensis,CB-226,30,30,50,60
Pseudoxanthomonas wuyuanensis,XC21-2T,41,4,36,45
Pseudoxanthomonas yeongjuensis,GR12-1T,28,5,28,33
Psychrilyobacter atlanticus,HAW-EB21T,23.5,4,18.5,27.5
Psychrobacillus glaciei,PB01T,32,-2,15,30
Psychrobacillus insolitus,W 16B,25,0,20,25
Psychrobacillus lasiicapitis,NEAU-3TGS17T,35,0,29,35
Psychrobacillus lasiicapitis,NEAU-3TGS17,35,0,28,35
Psychrobacillus soli,NHI-2T,36,4,29,40
Psychrobacillus soli,NHI-2,42,-2,28,40
Psychrobacillus vulpis,CECT 9721T,37,0,28,37
Psychrobacter adeliensis,SJ 14,28,2,22,30
Psychrobacter aestuarii,SC35T,33,4,25,37
Psychrobacter aestuarii,SC35,33,4,20,37
Psychrobacter alimentarius,JG-100,31,4,30,35
Psychrobacter arcticus,273-4,38,-10,22,28
Psychrobacter arenosus,DSM 15389T,33,4,25,37
Psychrobacter celer,SW-238T,36,4,30,40
Psychrobacter celer,SW-238,36,4,25,40
Psychrobacter cibarius,KCTC 12256T,33,4,25,37
Psychrobacter cibarius,JG-219,28,4,25,32
Psychrobacter ciconiae,176/10,30,10,37,40
Psychrobacter cryohalolentis,K5,40,-10,22,30
Psychrobacter faecalis,ISO46,32,4,15,36
Psychrobacter figidicola,,40,-18,15,22
Psychrobacter fjordensis,BSw21516B,30,4,25,34
Psychrobacter frigidicola,ACAM 304,37,-18,14,19
Psychrobacter fulvigenes,KC 40,12,25,26.5,37
Psychrobacter glaciei,BIc20019T,30,4,27,34
Psychrobacter glaciei,BIc20019,30,4,25,34
Psychrobacter glacincola,ACAM 483,40,-18,15,22
Psychrobacter immobilis,ATCC 43116,2,35,35,37
Psychrobacter jeotgali,JCM 11463T,32,4,30,36
Psychrobacter jeotgali,YKJ-103,32,4,25,36
Psychrobacter marincola,KMM277,28,7,25,35
Psychrobacter maritimus,DSM 15387T,33,4,25,37
Psychrobacter muriicola,2pS,39,-2,16,37
Psychrobacter nivimaris,1988/2/7,30,5,10,35
Psychrobacter oceani,JCM 30235T,32,5,25,37
Psychrobacter okhotskensis,MD17T,35,0,25,35
Psychrobacter pacificensis,NIHB P2K6,34,4,25,38
Psychrobacter pasteurii,CIP 110853T,37,0,30,37
Psychrobacter piechaudii,1232,37,0,30,37
Psychrobacter piscatorii,JCM 15603T,30,0,26,30
Psychrobacter pocilloporae,S6-60T,33,4,25,37
Psychrobacter pocilloporae,S6-60,33,4,25,37
Psychrobacter pygoscelis,STPP5b,33,4,4,37
Psychrobacter saeujeotis,KACC 23745T,20,10,30,30
Psychrobacter salsus,DD48,28,2,22,30
Psychrobacter sanguinis,13983,33,4,30,37
Psychrobacter submarinus,,31,4,26.5,35
Psychrobacter submarinus,KMM 225,31,4,25,35
Psychrobacter urativorans,ACAM 534,37,-10,19,27
Psychroflexus aestuariivivens,DB-3,33,4,30,37
Psychroflexus halocasei,WCC 4520T,27,8,27,35
Psychroflexus lacisalsi,H7,18,10,25,28
Psychroflexus planctonicus,CGMCC 1,31,4,25,35
Psychroflexus salarius,MIC1008,15,15,25,30
Psychroflexus salinarum,KCTC 22483T,31,4,30,35
Psychroflexus saliphilus,WDS4A13T,20,20,33,40
Psychroflexus salis,X15M-6T,25,10,22.5,35
Psychroflexus salis,X15M-6,25,10,20,35
Psychroflexus sediminis,YIM-C238,30,10,25,40
Psychroflexus sediminis,YIM-C238T,30,10,30,40
Psychroflexus torquis,Psychroflexus torquis,35,-16,10,19
Psychroflexus tropicus,LA1,39,4,30,43
Psychroglaciecola arctica,M6-76T,24,4,18,28
Psychromarinibacter halotolerans,YBW34T,35,10,28,45
Psychromicrobium lacuslunae,IHBB 11108T,32,5,28,37
Psychromicrobium silvestre,AM20-18,25,5,20,30
Psychromonas agarivorans,J42-3AT,28,2,22.5,30
Psychromonas agarivorans,J42-3A,28,2,20,30
Psychromonas algarum,JCM 33154T,24,4,25,28
Psychromonas algicola,JCM 33153T,29,4,28,33
Psychromonas antarctica,star-1,15,2,12,17
Psychromonas aquatilis,M1A1T,27.5,0.5,18,28
Psychromonas aquimarina,JAMM 0404,22,5,20,27
Psychromonas arctica,Pull 5.3T,25,0,20,25
Psychromonas heitensis,AK15-027T,28,2,22.5,30
Psychromonas heitensis,AK15-027,28,2,20,30
Psychromonas japonica,JAMM 0394,20,5,20,25
Psychromonas kaikoae,JT7304,11,4,10,15
Psychromonas macrocephali,JAMM 0415,25,0,20,25
Psychromonas marina,4-22T,25,0,15,25
Psychromonas marina,4寧22擔,25,0,14,25
Psychromonas ossibalaenae,JAMM 0738,25,0,20,25
Psychromonas profunda,2825,11,2,4,13
Psychroserpens burtonensis,ACAM 188,12,0,11,12
Psychroserpens damuponensis,F051-1T,26,4,25,30
Psychroserpens jangbogonensis,PAMC 27130,16,4,15,20
Psychroserpens mesophilus,KOPRI 13649,24,10,30,34
Psychrosinus fermentans,FCF9,24,-2,14,22
Psychrosphaera aestuarii,PSC101,33,4,25,37
Psychrosphaera aquimarina,SW33T,20,10,25,30
Psychrosphaera aquimarina,SW33,20,10,25,30
Psychrosphaera haliotis,,33,4,25,37
Psychrosphaera haliotis,KDW4,33,4,20,37
Psychrosphaera saromensis,SA4-48,26,4,15,30
Pueribacillus theae,CGMCC 1,40,20,37,60
Puia dinghuensis,4GSH07T,17,16,28,33
Pukyongiella litopenaei,KCTC 62276T,15,20,30,35
Pullulanibacillus camelliae,CGMCC 1,30,20,30,50
Pullulanibacillus pueri,YN3T,30,20,30,50
Pulveribacter suum,KACC 19309T,27,10,30,37
Puniceibacterium antarcticum,SM1211T,31,4,25,35
Puniceibacterium confluentis,JSSK-17,26,4,30,30
Puniceicoccus vermicola,IMCC1545,29,8,30,37
Purified strains,34079T,40,10,35,50
Pusillimonas caeni,EBR-8-1,22,15,30,37
Pusillimonas ginsengisoli,DCY25,25,15,30,40
Pusillimonas harenae,B201T,30,15,30,45
Pusillimonas harenae,B201,25,15,30,40
Pusillimonas soli,MJ07,32,10,30,42
Pusillimonas thiosulfatoxidans,YE3T,30,10,30,40
Pustulibacterium marinum,E403T,27,16,28,43
Puteibacter caeruleilacunae,JCM 33128T,33,4,28,37
Putridiphycobacter gen.,,26,4,20,30
Putridiphycobacter roseus,SM1701T,26,4,20,30
Puzihella rosea,MI-28T,25,15,25,40
Puzihella rosea,MI-28,25,15,20,40
Pyramidobacter piscolens,W5455,17,25,37,42
Pyrinomonas methylaliphatogenes,K22T,19,50,65,69
Pyrobaculum aerophilum,IM2,29,75,100,104
Pyrobaculum arsenaticum,PZ6,32,68,90,100
Pyrobaculum calidifontis,VA1,25,75,90,100
Pyrobaculum ferrireducens,1860T,23,75,92.5,98
Pyrobaculum ferrireducens,1860,23,75,90,98
Pyrobaculum igneiluti,521T,25,70,90,95
Pyrobaculum igneiluti,521,20,75,90,95
Pyrobaculum islandicum,GEO3,28,74,100,102
Pyrobaculum oguniense,TE7,27,70,92,97
Pyrobaculum organotrophum,JCM 9190,24,78,102,102
Pyrococcus abyssi,GE5,35,67,96,102
Pyrococcus furiosus,Vc1,33,70,100,103
Pyrococcus glycovorans,AL585T,29,75,95,104
Pyrococcus horikoshii,OT3,22,80,98,102
Pyrococcus kukulkanii,NCB100T,42,70,105,112
Pyrococcus yayanosii,CH1,28,80,98,108
Pyrodictium abyssi,AV2,30,80,97,110
Pyrodictium brockii,S1,30,80,105,110
Pyrodictium delaneyi,Su06T,15,82,91,97
Pyrodictium delaneyi,Su06,15,82,90,97
Pyrodictium occultum,PL-19,28,82,105,110
Pyrolobus fumarii,1A,23,90,106,113
Pyruvatibacter mobilis,GYP-11T,30,15,30,45
Pythium kandovanense,CCTU 1813T,31,0,22,31
Qingshengfania soli,LR4T,17,20,30,37
Qipengyuania benthica,KCTC 92309T,22,15,28,37
Qipengyuania profundimaris,KCTC 8208T,32,10,35,42
Qipengyuania sediminis,M1T,33,4,30,37
Qipengyuania sediminis,M1,27,10,30,37
Qipengyuania spongiae,PHS-Z21T,30,10,30,40
Qipengyuania zhejiangensis,Z2T,22,15,30,37
Quadrisphaera granulorum,DSM 44889T,25,15,37,40
Quadrisphaera oryzae,RL12-1S,20,17,25,37
Quality filtering,3753OT,18,42,50,60
Quasibacillus thermotolerans,SgZ-8,45,20,50,65
Quatrionicoccus australiensis,Ben 117,15,15,25,30
Quinone system,JCM 30603T,22,20,30,42
Quisquiliibacterium transsilvanicum,CGI-09,35,10,25,45
Racemicystis crocea,MSr9521,19,18,30,37
Raineya orbicola,SPSPC-11T,25,35,50,60
Raineyella antarctica,LZ-22T,38,3,26,41
Raineyella antarctica,LZ-22,38,3,24,41
Raineyella fluvialis,KACC 21446T,25,15,35,40
Ralstonia campinensis,,21,20,37,41
Ralstonia gilardii,LMG 5886,12,30,37,42
Ralstonia insidiosa,LMG 21421,9,28,32,37
Ralstonia metallidurans,LMG 1195,21,20,30,41
Ralstonia paucula,LMG 3244,12,30,37,42
Ralstonia respiraculi,AU3313,9,28,32,37
Ramlibacter alkalitolerans,CJ661T,12,25,30,37
Ramlibacter humi,KCTC 52922T,22,15,30,37
Ramlibacter pinisoli,KACC 19839T,20,15,28,35
Ramlibacter rhizophilus,THG-YS3.2.7,30,10,28,40
Ramlibacter solisilvae,5-10T,27,10,30,37
Raoultella electrica,1GBT,31,10,37,41
Raoultella planticola,DSM 3096T,40,4,28,44
Rapid growth,None__21,19,25,37,44
Rarobacter faecitabidus,JCM 6097,19,20,30,39
Ravibacter arvi,J77-1,25,15,25,40
Raw milk,UHT,35,20,37,55
Rectinema cohabitans,DSM 100378T,38,12,37,50
Rectinema subterraneum,JCM 32656,35,15,40,50
Rehaibacterium terrae,YIM 77974,25,30,45,55
Reichenbachia agariperforans,JCM 11238T,31,4,28,35
Reichenbachiella agariperforans,KMM 3525,31,4,25,35
Reichenbachiella faecimaris,PCP11T,31,4,29,35
Reichenbachiella faecimaris,PCP11,30,5,28,35
Reichenbachiella versicolor,DC003T,27,10,28,37
Reinekea aestuarii,IMCC4489,27,15,25,42
Reinekea forsetii,Hel1_31_D35,15,4,12,19
Reinekea marina,HME8277,35.5,4,30,42
Reinekea marinisedimentorum,,32,10,28,42
Representative phase-contrast,IA91T,20,25,40,45
Requires seawater,"ACAM 188, which was isolated by McGuire (32) from the pycnocline of Burton Lake, Vestfold Hills, Antarctica",25,0,15,25
Requires vitamin,but shown to be as high as 55 °C for farm isolates (Scheldeman et al,35,20,37,55
Respiratory isoprenoid,JCM 31555T,25,10,30,35
Respiratory quinones,JCM 30603T,22,20,30,42
Restricted facultative,6B1T,25,20,35,45
Reyranella aquatilis,KCTC 52223T,21,15,30,36
Reyranella aquatilis,Seoho-37,21,15,25,36
Reyranella graminifolii,Wo-34T,20,15,28,35
Reyranella massiliensis,521,17,18,22,35
Reyranella soli,KIS14-15T,17,20,30,37
Reyranella terrae,11G32T,13,15,20,28
Rhabdaerophilum calidifontis,KCTC 72351T,17,28,37,45
Rhabdanaerobium thermarum,GA15001T,30,25,45,55
Rhabdobacter roseus,R49T,32.5,4,28,42
Rhabdobacter roseus,R49,27,10,25,37
Rhabdochromatium marinum,8315,27,8,30,35
Rhabdothermus arcticus,JCM 15963T,38,37,65,75
Rheinheimera aestuari,,30,10,22.5,40
Rheinheimera aestuari,H29T,30,10,25,40
Rheinheimera aestuarii,H29T,30,10,22.5,40
Rheinheimera aestuarii,H29,30,10,20,40
Rheinheimera aquimaris,SW-353,39,4,30,43
Rheinheimera baltica,OSBAC1,26,4,22.5,30
Rheinheimera coerulea,BCRC 81054T,22,15,30,37
Rheinheimera coerulea,TAPG2,22,15,25,37
Rheinheimera gaetbuli,H26,31,4,20,35
Rheinheimera hassiensis,,33,4,28,37
Rheinheimera hassiensis,LMG 27268T,5,25,28,30
Rheinheimera hassiensis,E48,33,4,25,37
Rheinheimera japonica,KMM 9513,34,5,28,39
Rheinheimera longhuensis,LH2-2,36,0,30,36
Rheinheimera longhuensis,CGMCC 1,36,0,34,36
Rheinheimera mangrovi,KCTC 62580T,35,10,40,45
Rheinheimera marina,KACC 18560T,33,4,25,37
Rheinheimera mesophila,DSM 29723T,30,12,30,42
Rheinheimera muenzenbergensis,,33,4,28,37
Rheinheimera muenzenbergensis,LMG 27269T,5,25,28,30
Rheinheimera muenzenbergensis,E49,33,4,25,37
Rheinheimera nanhaiensis,E407-8T,38,10,37,48
Rheinheimera oceanensis,KCTC 82651T,36,4,28,40
Rheinheimera perlucida,BA131T,33,4,25,37
Rheinheimera pleomorphica,PKS7,41,4,30,45
Rheinheimera salexigens,KH87,35,4,33,39
Rheinheimera salexigens,,35,4,34.5,39
Rheinheimera sediminis,KCTC 72183T,36,4,28,40
Rheinheimera soli,BD-d46,20,15,27.5,35
Rheinheimera soli,KCTC 22077T,20,15,25,35
Rheinheimera tangshanensis,CGMCC 1,27,10,30,37
Rheinheimera texasensis,DSM 17496T,17,20,30,37
Rheinheimera tilapiae,Ruye-90T,26,4,20,30
Rheinheimera tuosuensis,TS-T4,36,4,32.5,40
Rheinheimera tuosuensis,TS-T4T,36,4,30,40
Rhizobacter bergeniae,PLGR-1T,26,7,26.5,33
Rhizobacter bergeniae,PLGR-1,26,7,25,33
Rhizobacter daucus,ATCC 43778,2,28,28,30
Rhizobacter gummiphilus,NS-21,25,10,15,35
Rhizobacter profundi,DS48-6-5,22,8,30,30
Rhizobium aegyptiacum,1010,22,15,28,37
Rhizobium aethiopicum,HBR26,15,15,28,30
Rhizobium aggregatum,IFAM 1003,15,25,28,40
Rhizobium alkalisoli,CCBAU 01393,25,12,28,37
Rhizobium altiplani,BR 10423,23,12,29,35
Rhizobium altiplani,HAMBI 3664T,23,12,28,35
Rhizobium alvei,TNR-22,41,4,25,45
Rhizobium alvei,TNR-22T,41,4,30,45
Rhizobium anhuiense,CCBAU 23252,22,15,28,37
Rhizobium arenae,MIM27T,41,4,37,45
Rhizobium azooxidifex,Po 20/26,27,10,25,37
Rhizobium borbori,DN316T,33,4,28,37
Rhizobium cauense,CCBAU 101002,33,4,28,37
Rhizobium cellulosilyticum,ALA10B2T,33,4,28,37
Rhizobium daejeonense,L61T,13,28,28,41
Rhizobium deserti,SPY-1,22,15,30,37
Rhizobium ecuadorense,CNPSo 671T,3,25,28,28
Rhizobium fabae,CCBAU 33202,27,10,28,37
Rhizobium flavum,YW14T,30,10,30,40
Rhizobium gei,KCTC 32301T,23,10,28,33
Rhizobium gei,,23,10,29,33
Rhizobium glycinendophyticum,CL12,32,10,30,42
Rhizobium halophytocola,YC6881T,33,4,30,37
Rhizobium halophytocola,YC6881,33,4,28,37
Rhizobium halotolerans,AB21,12,25,30,37
Rhizobium helianthi,Xi19T,41,4,35,45
Rhizobium helianthi,Xi19,35,10,35,45
Rhizobium herbae,CCBAU 83011,30,10,28,40
Rhizobium huakuii,CCBAU 2609,5,25,28,30
Rhizobium indigoferae,CCBAU 71042,36,4,28,40
Rhizobium ipomoeae,shin9-1,35,10,30,45
Rhizobium kunmingense,LX30,19,15,25,34
Rhizobium laguerreae,LMG 27434T,27,10,28,37
Rhizobium lemnae,L6-16T,21,20,30,41
Rhizobium lentis,BLR27,25,12,28,37
Rhizobium leucaenae,CFN 299,3,25,28,28
Rhizobium lusitanum,P1-7T,27,10,28,37
Rhizobium maowusuense,,41,4,37,45
Rhizobium marinum,MGL06,15,20,28,35
Rhizobium mesoamericanum,,9,28,28,37
Rhizobium mesosinicum,CCBAU 25010,5,25,28,30
Rhizobium metallidurans,ChimEc512T,19,18,28,37
Rhizobium metallidurans,ChimEc512,19,18,25,37
Rhizobium miluonense,CCBAU 41251,5,25,28,30
Rhizobium naphthalenivorans,TSY03b,17,20,25,37
Rhizobium oryzae,LMG 24253T,30,10,28,40
Rhizobium oryzicola,ZYY136,35,10,28,45
Rhizobium oryziradicis,N19,36,4,28,40
Rhizobium pakistanense,BN-19,17,20,28,37
Rhizobium paknamense,L6-8,25,20,30,45
Rhizobium petrolearium,SL-1,30,10,30,40
Rhizobium pisi,ATCC 14482,25,10,28,35
Rhizobium pongamiae,VKLR-01,5,25,28,30
Rhizobium populi,K-38T,12,25,28,37
Rhizobium pseudoryzae,J3-A127,30,10,28,40
Rhizobium puerariae,PC004,24,14,27,38
Rhizobium pusense,NRCPB10T,25,16,30,41
Rhizobium pusense,NRCPB10,25,16,28,41
Rhizobium rhizoryzae,J3-AN59,36,4,30,40
Rhizobium rosettiformans,W3,15,25,28,40
Rhizobium soli,KCTC 12873T,27,4,25,31
Rhizobium sophorae,,27,10,28,37
Rhizobium sophorae,,22,15,28,37
Rhizobium sphaerophysae,CCNWGS0238,25,20,28,45
Rhizobium subbaraonis,JC85T,5,25,25,30
Rhizobium taibaishanense,CCNWSX 0483,36,4,28,40
Rhizobium tarimense,PL-41T,17,20,30,37
Rhizobium tibeticum,CCBAU 85039,20,10,20,30
Rhizobium tubonense,CCBAU 85046,27,10,25,37
Rhizobium vignae,CCBAU 05176,30,10,28,40
Rhizobium wenxiniae,166T,35,5,30,40
Rhizobium wenxiniae,166,22,15,30,37
Rhizobium yanglingense,CCBAU 71462,30,10,25,40
Rhizobium yantingense,H66T,33,4,28,40
Rhizobium yantingense,H66,30,10,28,40
Rhizobium zeae,CRZM18RT,20,15,28,35
Rhizocola hellebori,NBRC 109834T,28,8,32,36
Rhizocola hellebori,K12-0602,28,8,28,36
Rhizomicrobium electricum,Mfc52T,25,15,30,40
Rhizomicrobium palustre,A48,25,15,30,40
Rhizomonas suberifaciens,CA1,16,20,30,36
Rhizorhabdus dicambivorans,Ndbn-20,25,15,30,40
Rhizorhapis suberifaciens,CA1T,9,28,30,37
Rhodanobacter aciditrophus,sjH1T,20,20,25,40
Rhodanobacter aciditrophus,sjH1,20,20,25,40
Rhodanobacter caeni,MJ01T,27,10,30,37
Rhodanobacter caeni,MJ01,27,10,25,37
Rhodanobacter denitrificans,2APBS1,25,10,30,35
Rhodanobacter fulvus,Jip2,27,10,25,37
Rhodanobacter ginsengisoli,KACC 11762T,30,5,28,35
Rhodanobacter ginsenosidimutans,Gsoil 3054,22,15,30,37
Rhodanobacter humi,RS22,20,15,25,35
Rhodanobacter hydrolyticus,G-5-5,15,20,25,35
Rhodanobacter koreensis,THG-DD7,15,15,25,30
Rhodanobacter koreensis,THG-DD7T,15,15,25,30
Rhodanobacter rhizosphaerae,CR164,22,15,28,37
Rhodanobacter soli,KCTC 22620T,17,20,30,37
Rhodanobacter spathiphylli,B39T,38,7,30,45
Rhodanobacter spathiphylli,B39,10,25,30,35
Rhodanobacter terrae,,25,5,26.5,30
Rhodanobacter terrae,KACC 11761T,25,5,28,30
Rhodanobacter terrae,GP18-1,25,5,25,30
Rhodanobacter thiooxydans,LCS2,10,25,30,35
Rhodanobacter umsongensis,GR24-2,25,5,28,30
Rhodanobacter xiangquanii,BJQ-6,27,10,30,37
Rhodobaca bogoriensis,DSM 18756T,13,30,39,43
Rhodobacter aestuarii,JA296T,10,25,30,35
Rhodobacter azollae,JA912T,10,25,30,35
Rhodobacter changlensis,JA139T,27,5,29,32
Rhodobacter flagellatus,CGMCC 1,22,28,45,50
Rhodobacter johrii,JA192,10,25,30,35
Rhodobacter lacus,JA826,10,25,30,35
Rhodobacter maris,JA276T,10,25,30,35
Rhodobacter megalophilus,KCTC 5602T,35,5,35,40
Rhodobacter ovatus,JA234T,10,25,30,35
Rhodobacter sediminicola,JA983T,15,20,30,35
Rhodobacter sediminis,N1T,12,20,28,32
Rhodobacter sediminis,N1,33,12,27,45
Rhodobium orientis,MB312,5,30,30,35
Rhodobium pfennigii,AR2102T,10,25,30,35
Rhodocista pekingensis,3-p,19,25,31,44
Rhodococcus aerolatus,PAMC 27367,20,10,25,30
Rhodococcus agglutinans,CFH S0262,30,10,28,40
Rhodococcus antarcticus,KCTC 49334T,41,4,20,45
Rhodococcus antrifimi,KCTC 29469T,25,10,30,35
Rhodococcus artemisiae,YIM 65754,30,10,20,40
Rhodococcus biphenylivorans,TG9,35,10,28,45
Rhodococcus canchipurensis,MBRL 353,22,15,28,37
Rhodococcus cerastii,C5,35,15,30,50
Rhodococcus chlorophenolicus,PCP-I,19,18,28,37
Rhodococcus defluvii,Ca11,35,15,30,50
Rhodococcus degradans,CCM 4446,15,15,30,30
Rhodococcus electrodiphilus,KCTC 39856T,20,20,30,40
Rhodococcus enclensis,NIO-1009,17,20,30,37
Rhodococcus gannanensis,M1,25,15,28,40
Rhodococcus humicola,UC33,30,10,28,40
Rhodococcus imtechensis,RKJ300T,22,15,30,37
Rhodococcus koreensis,DNP505T,5,25,30,30
Rhodococcus kronopolitis,NEAU-ML12,41,4,28,45
Rhodococcus kroppenstedtii,DSM 44908T,27,10,30,37
Rhodococcus kunmingensis,YIM 45607,27,10,28,37
Rhodococcus kyotonensis,DS472T,27,10,28.5,37
Rhodococcus lactis,DSM 45625T,38,4,30,42
Rhodococcus maanshanensis,M712T,5,25,28,30
Rhodococcus marinonascens,3438W,27,3,20,30
Rhodococcus nanhaiensis,SCSIO 10187,20,15,28,35
Rhodococcus navarretei,EXRC-4A-4T,24,4,28,28
Rhodococcus pedocola,UC12,30,10,28,40
Rhodococcus percolatus,MBS1,3,27,28,30
Rhodococcus psychrotolerans,CMAA 1533,24,4,16,28
Rhodococcus pyridinivorans,PDB9,35,10,30,45
Rhodococcus soli,DSD51W,35,10,28,45
Rhodococcus sovatensis,H004T,25,10,29,35
Rhodococcus sovatensis,H004,25,10,28,35
Rhodococcus subtropicus,C9-28T,27,10,30,37
Rhodococcus trifolii,T8,35,15,30,50
Rhodococcus yunnanensis,YIM 70056,30,10,29,40
Rhodococcus yunnanensis,KCTC 19021T,30,10,28,40
Rhodocyclus purpureus,Ames 6770,10,20,30,30
Rhodocytophaga aerolata,5416T-29T,25,10,30,35
Rhodoferax bucti,CGMCC 1,20,15,25,35
Rhodoferax ferrireducens,T118T,26,4,25,30
Rhodoferax saidenbachensis,ED16,31,4,20,35
Rhodoglobus aureus,CMS 81y,30,0,22,30
Rhodoglobus vestalii,LV3T,24,-2,18,22
Rhodoglobus vestalii,LV3,23,-2,18,21
Rhodohalobacter barkolensis,15182T,30,10,37,40
Rhodohalobacter halophilus,JZ3C29T,30,20,40,50
Rhodoligotrophos appendicifer,120-1T,30,5,30,35
Rhodoligotrophos defluvii,KCTC 72156T,30,15,40,45
Rhodoligotrophos jinshengii,BUT-3T,25,15,30,40
Rhodomicrobium udaipurense,JA643T,30,10,30,40
Rhodonellum psychrophilum,DSM 17998T,22,0,10,22
Rhodonellum psychrophilum,GCM71,22,0,5,22
Rhodophyticola porphyridii,KACC 18805T,30,15,30,45
Rhodopirellula caenicola,YM26-125,10,20,28,30
Rhodopirellula lusitana,UC17,25,5,25,30
Rhodopirellula rosea,LHWP3,17,20,30,37
Rhodopirellula rubra,LF2,30,5,25,35
Rhodoplanes azumiensis,TUT3581,21,25,40,46
Rhodoplanes oryzae,JA793T,5,30,30,35
Rhodoplanes piscinae,JA266T,15,25,30,40
Rhodoplanes pokkaliisoli,JA415T,5,25,30,30
Rhodoplanes serenus,TUT3530T,23,20,35,43
Rhodoplanes tepidamans,TUT3520T,21,25,40,46
Rhodoplanes tepidicaeni,TUT3542T,20,25,40,45
Rhodopseudomonas faecalis,gcT,17,28,38,45
Rhodopseudomonas harwoodiae,,15,25,30,40
Rhodopseudomonas parapalustris,,20,15,30,35
Rhodopseudomonas pentothenatexigens,JA575T,25,25,30,50
Rhodopseudomonas pentothenatexigens,,4,28,30,32
Rhodopseudomonas telluris,TUT3615T,15,25,30,40
Rhodopseudomonas telluris,TUT3615,15,25,30,40
Rhodopseudomonas terullis,,15,25,30,40
Rhodopseudomonas thermotolerans,,4,28,30,32
Rhodopseudomonas thermotolerans,JA576T,35,25,30,60
Rhodosalinus halophilus,KCTC 52697T,20,20,37,40
Rhodosalinus sediminis,WDN1C137,25,20,40,45
Rhodospirillum oryzae,JA318T,15,25,30,40
Rhodospirillum sulfurexigens,JA143T,10,25,30,35
Rhodothalassium salexigens,WS 68,25,20,40,45
Rhodothermus marinus,DSM 4252,23,54,65,77
Rhodothermus profundi,PRI 2902T,25,55,72.5,80
Rhodothermus profundi,PRI 2902,25,55,70,80
Rhodovarius lipocyclicus,CCUG 44693,16,20,30,36
Rhodovastum atsumiense,G2-11,20,20,30,40
Rhodovibrio salinarum,ATCC 35394,25,20,40,45
Rhodovulum aestuarii,JA924,10,25,30,35
Rhodovulum algae,JA877T,15,20,30,35
Rhodovulum bhavnagarense,DSM 24766T,10,25,28,35
Rhodovulum imhoffii,JCM 13589T,15,20,28,35
Rhodovulum kholense,JA297T,15,20,30,35
Rhodovulum lacipunicei,JA322T,10,25,30,35
Rhodovulum mangrovi,JCM 19220T,13,25,28,38
Rhodovulum marinum,JA128T,10,25,30,35
Rhodovulum phaeolacus,JA580,7,28,30,35
Rhodovulum salis,JA746,10,25,30,35
Rhodovulum strictum,MB-G2,5,30,30,35
Rhodovulum viride,JA756,10,25,30,35
Rhodovulum visakhapatnamense,JCM 13531T,15,20,28,35
Riemerella columbina,LMG 11607T,18,24,37,42
Riemerella columbipharyngis,DSM 24015T,11,30,37,41
Risungbinella massiliensis,GD1,12,25,37,37
Risungbinella pyongyangensis,MC 210T,20,22,37,42
Rivibacter subsaxonicus,,20,10,26.5,30
Rivibacter subsaxonicus,DSM 19570T,20,10,25,30
Rivicola pingtungensis,Npb-03T,27,10,35,37
Rivicola pingtungensis,Npb-03,27,10,30,37
Robertkochia marina,CC-AMO-30DT,17,20,30,37
Robertkochia solimangrovi,KCTC 72252T,27,15,30,42
Robertmurraya mesotrionivorans,P23T,38,4,37,42
Robiginitalea aestuariiviva,M366T,20,20,30,40
Robiginitalea biformata,HTCC2501,34,10,30,44
Robiginitalea myxolifaciens,YM6-073T,26,4,30,30
Robiginitalea myxolifaciens,YM6-073,27,15,30,42
Robiginitomaculum antarcticum,IMCC3195,39,3,20,42
Robiginitomaculum antarcticum,IMCC3195T,22,3,20,25
Romboutsia ilealis,CRIBT,30,20,37,50
Romboutsia ilealis,CRIB,15,30,37,45
Romboutsia sedimentorum,LAM201T,35,10,30,50
Romboutsia sedimentorum,LAM201(,30,10,30,40
Roseateles albus,KACC 22887T,13,15,25,28
Roseateles amylovorans,bsSlp3-1T,32,5,28,37
Roseateles aquae,APW11T,31,4,25,35
Roseateles depolymerans,61AT,38,5,35,43
Roseateles koreensis,KACC 22885T,20,15,30,35
Roseateles subflavus,KACC 22877T,28,15,28,43
Roseateles violae,PFR6T,28,10,28,38
Roseburia cecicola,GMT,7,30,37,37
Roseiarcus fermentans,Pf56T,15,15,25,30
Roseiarcus fermentans,Pf56,15,15,22,30
Roseibaca ekhonensis,EL-50T,20,10,16,30
Roseibacillus ishigakijimensis,MN1-741,17,20,30,37
Roseibacillus persicicus,YM26-010,22,15,30,37
Roseibacillus ponti,YM27-120,22,15,30,37
Roseibacterium beibuensis,JLT1202r,28,15,28,43
Roseibium aestuarii,NBRC 112946T,30,15,28,45
Roseibium aquae,DSG-S4-2,20,20,35,40
Roseibium sediminis,BSS09T,35,10,32,45
Roseicella frigidaeris,DB1506T,17,20,30,37
Roseicitreum antarcticum,ZS2-28T,33,0,26,33
Roseicitreum antarcticum,ZS2-28,33,0,25,33
Roseicyclus mahoneyensis,ML6,33,4,30,37
Roseicyclus marinus,CCMM001T,26,16,30,42
Roseiflexus castenholzii,HLO8,10,45,50,55
Roseimarinus sediminis,HF08T,25,17,33,42
Roseimaritima ulvae,UC8,20,15,30,35
Roseimicrobium gellanilyticum,DC2a-G7,10,20,26,30
Roseisalinus antarcticus,DSM 11466T,30.5,3,26,33.5
Roseisalinus antarcticus,EL-88,30.5,3,16,33.5
Roseisolibacter agri,AW1220,21,15,20,36
Roseitalea porphyridii,MA7-20T,30,15,37,45
Roseitalea porphyridii,MA7-20,30,15,30,45
Roseithermus sacchariphilus,MEBiC09517T,24,35,50,59
Roseivirga echinicomitans,KMM 6058,27,4,21,31
Roseivirga ehrenbergii,KCTC 12282T,35,4,23,39
Roseivirga marina,PSRT,36,4,25,40
Roseivirga maritima,GM-5T,28,4,25,32
Roseivirga seohaensis,,36,4,37,40
Roseivirga seohaensis,SW-152T,36,4,23,40
Roseivirga seohaensis,SW-152,36,4,30,40
Roseivirga spongicola,UST030701-084,32,12,20,44
Roseivirga strains,"of Marinicola seohaensis had a very close phylogenetic relationship with the recognized species of the genus Roseivirga, demonstrating 99",36,4,23,40
Roseivivax isoporae,sw-2,30,10,35,40
Roseivivax jejudonensis,CDM-17,25,15,30,40
Roseivivax lentus,S5-5,30,10,30,40
Roseivivax marinus,ZL136T,33,4,32,37
Roseivivax pacificus,22DY03,30,10,30,40
Roseivivax roseus,BH87090,4,28,30,32
Roseivivax salinus,YIM D21,27,15,28,42
Roseivivax sediminis,D21T,27,15,28,42
Rosenbergiella nectarea,8N4T,31,4,29,35
Rosenbergiella nectarea,LMG 26121T,31,4,28,35
Roseobacter algicola,FF3,27,10,27.5,37
Roseobacter cerasinus,DSM 110091T,25,10,30,35
Roseobacter gallaeciensis,CIP 105210T,22,15,27,37
Roseobacter ponti,MM-7T,31,4,25,35
Roseococcus suduntuyensis,SHET,15,20,23,35
Roseomonas acroporae,NAR14T,31,10,28,41
Roseomonas aeriglobus,KER25-12,20,10,25,30
Roseomonas aerilata,5420S-30,30,5,30,35
Roseomonas aerofrigidensis,HC1T,35,10,30,45
Roseomonas aerophila,7515T-07T,36,4,30,40
Roseomonas aestuarii,JC17,20,20,30,40
Roseomonas algicola,KACC 19925T,15,25,35,40
Roseomonas alkaliterrae,YIM 78007,50,5,40,55
Roseomonas aquatica,TR53T,36,4,28,40
Roseomonas aquatica,TR53,20,15,25,35
Roseomonas arctica,M6-79T,21,4,19,25
Roseomonas arctica,M6-79,21,4,18,25
Roseomonas arcticisoli,MC 3624,27,10,25,37
Roseomonas bella,CQN31T,41,4,37,45
Roseomonas deserti,JCM 31275T,29,13,30,42
Roseomonas eburnea,BUT-5T,20,15,30,35
Roseomonas elaeocarpi,PN2,20,15,30,35
Roseomonas fluminis,D3T,25,15,35,40
Roseomonas frigidaquae,CW67,22,15,30,37
Roseomonas globiformis,KCTC 52094T,27,10,28,37
Roseomonas harenae,KCTC 62852T,27,10,32,37
Roseomonas hibiscisoli,THG-N2.22T,20,20,28,40
Roseomonas lacus,TH-G33T,25,15,30,40
Roseomonas musae,PN1,20,20,30,40
Roseomonas nepalensis,G-3-5,27,10,25,37
Roseomonas oryzae,JC288T,41,4,30,45
Roseomonas oryzicola,YC6724,30,10,30,40
Roseomonas pecuniae,N75T,25,10,30,35
Roseomonas rhizosphaerae,YW11T,25,15,28,40
Roseomonas riguiloci,KCTC 23339T,25,15,25,40
Roseomonas rubra,JCM 31177T,33,12,37,45
Roseomonas rubra,S5,33,12,30,45
Roseomonas sediminicola,FW-3,27,10,25,37
Roseomonas selenitidurans,BU-1T,17,20,30,37
Roseomonas soli,5N26,25,15,30,40
Roseomonas stagni,HS-69,15,20,30,35
Roseomonas suffusca,JCM 31176T,29,13,30,42
Roseomonas terrae,DS-48,26,10,25,36
Roseomonas terricola,EM302T,25,15,35,40
Roseomonas tokyonensis,K-20,15,25,30,40
Roseomonas vastitatis,KCTC 62043T,22,15,30,37
Roseomonas vinacea,CPCC 100056,36,4,31,40
Roseomonas vinacea,CPCC 100056T,36,4,30,40
Roseomonas wooponensis,WW53T,25,15,36,40
Roseomonas wooponensis,WW53,25,15,35,40
Roseospira goensis,JCM 14191T,10,25,30,35
Roseospira visakhapatnamensis,JA131T,10,25,30,35
Roseovariu samoyensis,KCTC 52430T,37,4,28,41
Roseovarius aestuarii,SMK-122T,30,10,30,40
Roseovarius aestuarii,SMK-122,27,10,30,37
Roseovarius aestuariivivens,GHTF-24,30,10,30,40
Roseovarius algicolus,4CoA2,25,15,28,40
Roseovarius amoyensis,KCTC 52430T,37,4,28,41
Roseovarius antarcticus,M-S13-148T,38,4,18,42
Roseovarius aquimarinus,CAU 1059,36,4,37,40
Roseovarius atlanticus,R12B,41,4,25,45
Roseovarius azorensis,SSW084,25,15,30,40
Roseovarius bejariae,CECT 9817T,30,5,28,35
Roseovarius confluentis,SAG6,25,15,30,40
Roseovarius crassostreae,CV919-312T,33,10,31,43
Roseovarius faecimaris,JCM 30757T,20,20,30,40
Roseovarius gaetbuli,YM-20,31,4,30,35
Roseovarius gahaiensis,CGMCC 1,40,5,37,45
Roseovarius halocynthiae,MA1-10,27,10,30,37
Roseovarius halotolerans,KCTC 22224T,35,10,35,45
Roseovarius indicus,B108T,29,10,25,39
Roseovarius litoreus,GSW-M15,30,10,30,40
Roseovarius lutimaris,112T,25,15,30,40
Roseovarius marinus,HDW-9T,30,4,30,34
Roseovarius marisflavi,H50,37,0,28,37
Roseovarius maritimus,KCTC 8179T,22,15,30,37
Roseovarius mucosus,DFL-24T,28,15,31,43
Roseovarius nanhaiticus,LMG 24840T,28,9,30,37
Roseovarius nitratireducens,KCTC 52967T,38,4,30,42
Roseovarius nubinhibens,ISM,30,10,30,40
Roseovarius pacificus,812,41,4,25,45
Roseovarius ramblicola,D15T,25,5,28,30
Roseovarius roseus,KCTC 8178T,22,15,30,37
Roseovarius salinarum,N53,30,20,33,50
Roseovarius scapharcae,MA4-5,20,10,25,30
Roseovarius spongiae,HN-E21T,27,15,37,42
Roseovarius tibetensis,LM2,35,10,20,45
Rothia endophytica,YIM 67072,41,4,35,45
Rothia marina,JSM078151,30,5,25,35
Rothia similimucilaginosa,DSM 118581T,7,30,37,37
Rothia terrae,L-143T,25,15,35,40
Rothia terrae,,41,4,30,45
Rouxiella chamberiensis,130333T,26,4,30,30
Ruania albidiflava,3-6T,17,20,28,37
Rubellimicrobium aerolatum,KACC 12504T,30,5,30,35
Rubellimicrobium arenae,CGMCC 1,33,4,30,37
Rubellimicrobium mesophilum,MSL-20T,17,20,28,37
Rubellimicrobium roseum,YIM 48858,5,25,28,30
Rubellimicrobium rubrum,YIM 131921,10,20,28,30
Rubellimicrobium thermophilum,C-lvk-R2A-2T,11,45,48.5,56
Rubellimicrobium thermophilum,C-lvk-R2A-2,28,28,45,56
Rubeoparvulum massiliense,mt6,31,25,37,56
Rubidibacter lacunae,KORDI 51-2T,10,25,30,35
Rubidimonas crustatorum,AK17-053,30,10,25,40
Rubricella aquisinus,J82,32,10,28,42
Rubricoccus marinus,NBRC 107124T,32,5,20,37
Rubrimonas shengliensis,SL014B-28A2,46,4,28,50
Rubripirellula obstinata,LF1,20,10,25,30
Rubritalea halochordaticola,MN1-1006,17,20,25,37
Rubritalea marina,Pol012,22,8,25,30
Rubritalea profundi,SAORIC-165T,11,4,10,15
Rubritalea sabuli,YM29-052T,27,10,25,37
Rubritalea sabuli,YM29-052,27,10,30,37
Rubritalea spongiae,YM21-132T,33,4,25,37
Rubritalea spongiae,YM21-132,33,4,30,37
Rubritalea squalenifaciens,HOact23T,22,15,30,37
Rubritalea tangerina,,22,15,25,37
Rubritalea tangerina,YM27-005,22,15,30,37
Rubrivirga marina,SAORIC-28T,27,10,25,37
Rubrivirga profundi,SAORIC-476T,38,4,25,42
Rubrivivax albus,ICH-3,12,25,30,37
Rubrobacter aplysinae,RV113T,10,20,28,30
Rubrobacter bracarensis,VF70612 S1,35,10,28,45
Rubrobacter calidifluminis,RG-1,24.5,43,60,67.5
Rubrobacter indicoceani,DSM 105148T,17,20,28,37
Rubrobacter naiadicus,RG-3,24.5,43,60,67.5
Rubrobacter spartanus,DSM 102139T,10,45,50,55
Rubrobacter taiwanensis,LS-293,40,30,60,70
Rubrobacter xylanophilus,PRD-1T,30,40,60,70
Rudaea cellulosilytica,KIS3-4T,45,5,30,50
Rudaea cellulosilytica,KIS3-4,30,5,28,35
Rudaeicoccus suwonensis,HOR6-4T,27,10,28,37
Rudaibacter terrae,5GHs34-4,27,10,29,37
Rudaibacter terrae,KACC 15523T,27,10,28,37
Rudanella lutea,5715S-11T,36,4,30,40
Ruegeria aquimaris,XHP0148T,32,10,37,42
Ruegeria arenilitoris,G-M8,41,4,30,45
Ruegeria atlantica,,25,10,27.5,35
Ruegeria conchae,TW15,27,10,25,37
Ruegeria denitrificans,CECT 5091,11,15,26,26
Ruegeria faecimaris,HD-28,33,4,30,37
Ruegeria halocynthiae,MA1-6,27,10,30,37
Ruegeria intermedia,CC-GIMAT-2,40,15,37,55
Ruegeria kandeliae,J95T,30,10,30,40
Ruegeria lacuscaerulensis,ITI-1157,35,10,37.5,45
Ruegeria lacuscaerulensis,DSM 11314T,35,10,40,45
Ruegeria lutea,JCM 30927T,17,20,30,37
Ruegeria marina,ZH17T,38,4,37,48
Ruegeria marina,ZH17,32,10,35,42
Ruegeria marisflavi,WL0004T,32,10,37,42
Ruegeria marisrubri,,41,4,37,45
Ruegeria marisrubri,JCM 19519T,30,20,37,50
Ruegeria meonggei,MA-E2-3,26,4,30,30
Ruegeria mobilis,NBRC 101030,30,5,22.5,35
Ruegeria mobilis,NBRC 101030T,30,5,25,35
Ruegeria pelagia,NBRC 102038T,26,16,37,42
Ruegeria profundi,ZGT108T,34,4,33,45
Ruegeria profundi,ZGT108,27,15,33,42
Ruegeria scottomollicae,LMG 24367,36,4,20,40
Ruegeria sediminis,CAU 1488T,17,20,30,37
Rufibacter glacialis,MDT1-10-3,21,4,20,25
Rufibacter glacialis,CGMCC 1,21,4,18,25
Rufibacter hautae,KACC 21309T,25,10,20,35
Rufibacter immobilis,MCC P1T,30,15,30,45
Rufibacter latericius,CGMCC 1,10,20,30,30
Rufibacter quisquiliarum,DSM 29854T,41,4,20,45
Rufibacter roseus,H359T,33,4,30,37
Rufibacter ruber,CCM 8646,27,10,25,37
Rufibacter sediminis,CGMCC 1,22,15,28,37
Rufibacter tibetensis,1351,15,18,30,33
Ruficoccus amylovorans,CC-MHH0563,22,15,25,37
Rugosibacter aromaticivorans,Ca6T,15,20,32,35
Rugosibacter aromaticivorans,Ca6,15,20,30,35
Rugosimonospora acidiphila,DSM 45227T,15,17,22,32
Ruminiclostridium cellobioparum,ATCC 15832T,20,25,37,45
Ruminococcus callidus,,15,30,37,45
Ruminococcus champanellensis,18P13,6,33,39,39
Rummeliibacillus pycnus,NRRL NRS-1691,40,5,28,45
Rummeliibacillus stabekisii,KSC-SF6g,27,28,28,55
Rummeliibacillus suwonensis,G20,30,20,37,50
Runella aurantiaca,YX9T,14,16,28,30
Runella defluvii,EMB13,25,15,32.5,40
Runella limosa,KCTC 12615T,25,15,25,40
Runella palustris,HMF3829T,10,20,30,30
Runella palutris,HMF3829T,10,20,30,30
Runella salmonicolor,KACC 22689T,25,15,25,40
Runella soli,15J11-1,22,15,28,37
Runella zeae,NS12,22,15,28,37
Rurimicrobium arvi,J107-1,27,15,20,42
Sabulilitoribacter arenilitoris,HMF6543T,20,10,30,30
Sabulilitoribacter multivorans,M-M16,33,4,30,37
Saccharedens versatilis,NCIMB 15010T,24,23,40,47
Saccharibacillus brassicae,ATSA2,22,15,25,37
Saccharibacillus deserti,WLJ055T,25,10,25,35
Saccharibacillus endophyticus,JM-1350,26,10,29,36
Saccharibacillus kuerlensis,KCTC 13182T,27,15,37,42
Saccharibacillus kuerlensis,HR1,27,15,30,42
Saccharibacillus qingshengii,H6T,27,15,30,42
Saccharibacillus sacchari,LMG 24085T,32,8,28,40
Saccharibacter floricola,S-877,13,20,27.5,33
Saccharibacter floricola,JCM 12116T,13,20,25,33
Saccharicrinis carchari,SS12,30,10,29,40
Saccharicrinis fermentans,,19,18.5,30,37.5
Saccharicrinis fermentans,DSM 9555T,19,18.5,30.3,37.5
Saccharicrinis marinus,Y11T,29,4,29,33
Saccharococcus caldoxylosilyticus,S1812,32,43,65,75
Saccharofermentans acetigenes,JCM 14006T,22,20,37,42
Saccharolobus caldissimus,HS-3T,35,60,85,95
Saccharolobus caldissimus,HS-3,28,65,85,93
Saccharolobus solfataricus,NBRC 15331,37,50,85,87
Saccharomonospora amisosensis,DS3030,17,28,30,45
Saccharomonospora azurea,NA-128 (=SIA 86128),16,24,28,40
Saccharomonospora colocasiae,TBRC 7235T,33,19,27,52
Saccharomonospora cyanea,ATCC 43724,16,24,28,40
Saccharomonospora glauca,DSM 43769,32,28,50,60
Saccharomonospora marina,XMU15T,9,28,28,37
Saccharomonospora oceani,YIM M11168,30,15,28,45
Saccharomonospora xiaoerkulensis,TRM 41495,18,25,37,43
Saccharophagus degradans,2-40T,33,4,30,37
Saccharopolyspora aidingensis,TRM 46074,25,20,37,45
Saccharopolyspora aidingensis,JCM 30185T,20,25,37,45
Saccharopolyspora antimicrobica,I05-00074,25,20,28,45
Saccharopolyspora cavernae,YIM C01235,20,10,28,30
Saccharopolyspora cebuensis,DSM 45019T,22,15,25,37
Saccharopolyspora coralli,JCM 31844T,20,15,25,35
Saccharopolyspora dendranthemae,KLBMP 1305,22,15,28,37
Saccharopolyspora deserti,KCTC 39989T,26,14,37,40
Saccharopolyspora deserti,SYSU D8010,26,14,28,40
Saccharopolyspora gloriosae,KCTC 19243T,22,10,28,32
Saccharopolyspora griseoalba,AFM 10238,30,15,28,45
Saccharopolyspora halophila,YIM 90500,35,10,28,45
Saccharopolyspora halophila,DSM 45007T,35,10,37,45
Saccharopolyspora halotolerans,TRM 45123,27,15,37,42
Saccharopolyspora hattusasensis,CR3506,9,28,30,37
Saccharopolyspora indica,VRC122T,36,4,30,40
Saccharopolyspora jiangxiensis,W12,30,15,28,45
Saccharopolyspora lacisalsi,TRM 40133,17,25,37,42
Saccharopolyspora maritima,TBRC 7048T,18,18,32,36
Saccharopolyspora phatthalungensis,SR8.15T,24,18,31,42
Saccharopolyspora phatthalungensis,SR8.15,24,18,28,42
Saccharopolyspora qijiaojingensis,YIM 91168,20,20,28,40
Saccharopolyspora rectivirgula,DSM 43747,23,37,50,60
Saccharopolyspora shandongensis,88T,23,15,28,38
Saccharopolyspora spinosporotrichia,AS4.198,12,25,28,37
Saccharopolyspora spongiae,CMMA1452,15,15,25,30
Saccharopolyspora subtropica,DSM 46801T,35,25,50,60
Saccharopolyspora subtropica,T3,35,25,37,60
Saccharopolyspora thermophila,,10,45,45,55
Saccharospirillum aestuarii,IMCC4453,32,10,25,42
Saccharospirillum alexandrii,KCTC 62460T,36,4,33,40
Saccharospirillum correiae,CPA1T,24.5,18,30,42.5
Saccharospirillum impatiens,EL-105,17,16,30,33
Saccharospirillum mangrovi,HK-33T,35,10,37,45
Saccharospirillum salsuginis,YIM-Y25T,35,15,37,50
Saccharospirillum salsuginis,YIM-Y25,35,15,30,50
Saccharothrix australiensis,LL-BM782Ce82,35,10,30,45
Saccharothrix carnea,NEAU-yn17,33,4,28,37
Saccharothrix deserti,BMP B8144,17,20,28,37
Saccharothrix ghardaiensis,MB46,20,20,30,40
Saccharothrix hoggarensis,SA181T,25,20,30,45
Saccharothrix isguenensis,MB27,30,15,30,45
Saccharothrix lopnurensis,YIM LPA2h,25,15,25,40
Saccharothrix sabaoui,Mg75T,25,15,30,40
Saccharothrix saharensis,SA152,30,15,30,45
Saccharothrix stipae,D34,17,28,28,45
Saccharothrix tamanrassetensis,SA198T,17,20,30,37
Saccharothrix violaceirubra,NBRC 102064T,15,15,28,30
Saccharothrix yanglingensis,Hhs.015,20,15,25,35
Sagittula marina,F028-2,26,4,25,30
Sagittula stellata,E-37,37,4,30,41
Salaquimonas pukyongi,KCTC 52649T,15,20,25,35
Salarchaeum japonicum,JCM 16327T,35,20,40,55
Salegentibacter agarivorans,KCTC 12560T,37,4,28,41
Salegentibacter catena,HY1T,27,15,33,42
Salegentibacter chungangensis,CAU 1289,17,20,30,37
Salegentibacter echinorum,HD4,29,4,28,33
Salegentibacter flavus,Fg 69,25,10,23.5,35
Salegentibacter flavus,CIP 107843T,25,10,25,35
Salegentibacter salarius,ISL-6,37,4,30,41
Salegentibacter salinarum,ISL-4T,37,4,30,41
Salegentibacter sediminis,K5023T,21,16,33,37
Salibacter halophilus,JZ3C34T,30,20,33,50
Salibacterium halochares,MSS4,19,26,37,45
Salibacterium halotolerans,S7T,20,25,37,45
Salibacterium lacus,GSS13T,35,10,30,45
Salibacterium qingdaonense,CM1,20,25,37,45
Salicibibacter halophilus,NKC3-5,15,25,35,40
Salicola salis,B2T,15,30,37,45
Salilacibacter albus,J11Y309,27,15,28,42
Salimesophilobacter vulgaris,Zn2T,40,10,35,50
Salimicrobium flavidum,ISL-25T,36,4,37,40
Salimicrobium jeotgali,MJ3,30,15,30,45
Salimicrobium luteum,BY-5T,34,10,37,44
Salimicrobium salexigens,29CMI,25,15,37,40
Salinactinospora qingdaonensis,CXB832,46,4,37,50
Salinarchaeum chitinilyticum,JCM 19597T,30,20,40,50
Salinarchaeum laminariae,R26,30,20,37,50
Salinarimonas ramus,,46,4,28,50
Salinarimonas rosea,YIM YD3T,35,5,29,40
Salinarimonas rosea,YIM YD3,22,15,28,37
Salinibacillus aidingensis,25-7T,21,28,41,49
Salinibacillus aidingensis,7寧25擔,21,28,40,49
Salinibacillus kushneri,,32,20,40,52
Salinibacillus xinjiangensis,CGMCC 1,25,25,35,50
Salinibacter iranicus,CGMCC 1,25,25,37,50
Salinibacter luteus,CGMCC 1,25,25,37,50
Salinibacterium amurskyense,KMM 3673,33,4,25,37
Salinibacterium hongtaonis,CGMCC 1,26,4,28,30
Salinibacterium soli,WY-16T,22,20,30,42
Salinibacterium xinjiangense,CGMCC 1,19,4,18,23
Salinibius halmophilus,WDS2A16AT,20,20,37,40
Salinicoccus albus,YIM-Y21,35,5,25,40
Salinicoccus alkaliphilus,T8T,36,10,32,46
Salinicoccus amyloliticus,KCTC 33661T,25,15,37,40
Salinicoccus amylolyticus,JC304T,25,15,37,40
Salinicoccus carnicancri,KCTC 13301T,41,4,30,45
Salinicoccus carnicancri,Crm,41,4,30,45
Salinicoccus halitifaciens,JC90,20,20,35,40
Salinicoccus halodurans,CGMCC 1,35,8,28,43
Salinicoccus hispanicus,J乚82,22,15,37,37
Salinicoccus iranensis,QW6T,40,5,35,45
Salinicoccus jeotgali,S2R53-5,10,20,30,30
Salinicoccus kekensis,K164,46,4,37,50
Salinicoccus kunmingensis,YIM Y15T,41,4,37,45
Salinicoccus luteus,YIM 70202,41,4,30,45
Salinicoccus qingdaonensis,LMG 24855T,26,16,28,42
Salinicoccus salitudinis,YIM-C678,33,4,25,37
Salinicoccus salsiraiae,RH1,25,20,37,45
Salinicoccus sediminis,SV-16T,12,25,30,37
Salinicoccus sesuvii,CC-SPL15-2,32,4,28,36
Salinicoccus siamensis,JCM 12822T,30,15,37,45
Salinicola acroporae,S4-41,30,15,30,45
Salinicola halophilus,CG4.1,30,15,35,45
Salinicola peritrichatus,DY22,38,4,35,42
Salinicola rhizosphaerae,MSSRFH1T,17,20,28,37
Salinicola rhizosphaerae,MSSRFH1,12,25,28,37
Salinicola salarius,M27,35,10,25,45
Salinicola socius,SMB35,25,15,30,40
Salinicola tamaricis,F01T,30,15,30,45
Salinicola zeshunii,N4,35,10,30,45
Salinifilum aidingensis,TRM 46074,20,25,37,45
Salinifilum ghardaiensis,H53,20,25,30,45
Salinifilum proteinilyticum,LMG 28390T,20,30,40,50
Salinigranum halophilum,YJ-53,40,20,40,60
Salinigranum rubrum,GX10T,30,20,37,50
Salinigranum salinum,YJ-50-S2,25,25,37,50
Salinihabitans flavidus,KCTC 22485T,36,4,30,40
Salinimicrobium aquimaris,HB62T,24,16,37,40
Salinimicrobium catena,HY1,27,15,33,42
Salinimicrobium flavum,X7,41,4,29,45
Salinimicrobium flavum,KCTC 42585T,41,4,28,45
Salinimicrobium gaetbulicola,BB-My20,30,10,35,40
Salinimicrobium marinum,KMM 6270,37,4,28,41
Salinimicrobium sediminis,KCTC 32444T,30,10,25,40
Salinimicrobium soli,CAU 1287,17,20,30,37
Salinimicrobium terrae,YIM-C338,33,4,28,37
Salinimicrobium xinjiangense,BH206T,38,10,32,48
Salinimonas chungwhensis,BH030046,35,10,32.5,45
Salinimonas chungwhensis,KCTC 12239T,35,10,30,45
Salinimonas lutimaris,DPSR-4,27,10,25,37
Salinimonas sediminis,KCTC 62440T,36,4,28,40
Salininema proteolyticum,Miq-4T,20,20,30,40
Saliniradius amylolyticus,KCTC 62462T,27,15,37,42
Salinirepens amamiensis,AM11-6,30,10,35,40
Salinirubellus salinus,ZS-35-S2T,25,25,37,50
Salinirubrum litoreum,XD46,30,20,37,50
Salinirussus salinus,YGH44T,30,25,37,55
Salinisphaera aquimarina,CCMM005T,37,0,30,37
Salinisphaera dokdonensis,CL-ES53,35,5,25,40
Salinisphaera halophila,YIM 95161,25,15,25,40
Salinisphaera hydrothermalis,EPR70T,20,20,35,40
Salinisphaera hydrothermalis,EPR70,20,20,30,40
Salinisphaera japonica,JCM 18087T,26,4,25,30
Salinisphaera japonica,YTM-1,26,4,20,30
Salinisphaera orenii,KCTC 23198T,30,10,35,40
Salinisphaera shabanensis,E1L3A,37,5,30,42
Salinispira pacifica,L21-RPul-D2,25,20,35,45
Salinispirillum marinum,GCWy1T,36,4,30,40
Salinispora arenicola,CNH-643T,20,10,28,30
Salinispora arenicola,CNH-643,20,10,20,30
Salinispora pacifica,CNR-114,10,20,28,30
Salinispora tropica,CNB-440,20,10,15,30
Salinithrix halophila,R4S8T,20,30,40,50
Salinivenus iranica,CB7,25,25,37,50
Salinivenus lutea,DGO,25,25,37,50
Salinivibrio costicola,,40,5,37,45
Salinivibrio kushneri,AL184,32,17,37,49
Salinivibrio proteolyticus,DSM 19052T,35,10,32,45
Salinivibrio sharmensis,BAG,15,25,35,40
Salinivibrio siamensis,ND1-1,37,10,37,47
Salinivirga cyanobacteriivorans,L21-Spi-D4,25,20,35,45
Salinivirga fredricksonii,HL-109T,25,20,45,45
Salinovum rubellum,YCWB25T,38,4,30,42
Salipaludibacillus aurantiacus,S9T,25,20,37,45
Salipaludibacillus daqingensis,KCTC 33936T,30,10,35,40
Salipaludibacillus halalkaliphilus,LMG 28385T,36,4,30,40
Salipaludibacillus neizhouensis,JSM 071004,26,4,25,30
Saliphagus infecundisoli,YIM 93745,25,25,37,50
Salipiger aestuarii,AD8,25,15,25,40
Salipiger bermudensis,HTCC2601,30,10,30,40
Salipiger manganoxidans,VSW210,36,4,30,40
Salipiger marinus,CK-I3-6,34,4,25,38
Salipiger mucescens,A3T,20,20,32,40
Salipiger nanhaiensis,ZH114T,33,4,32,37
Salipiger pentaromativorans,LMG 25701T,31,10,25,41
Salipiger profundus,JLT2016,20,10,25,30
Salipiger thiooxidans,CHLG 1,27,8,25,35
Salirhabdus euzebyi,CVS-14,35,15,37,50
Salirhabdus euzebyi,CVS-14T,35,15,35,50
Salirhabdus salicampi,BH128T,38,15,35,53
Salisaeta longa,DSM 21114T,25,25,46,50
Salisaeta longa,S4-4,25,25,37,50
Salisediminibacterium haloalkalitolerans,10nlgT,30,20,37,50
Salisediminibacterium halotolerans,halo-2T,46,4,37,50
Salisediminibacterium halotolerans,halo-2,32,18,37,50
Salisediminibacterium locisalis,CG1,35,10,37,45
Saliterribacillus persicus,X4B,25,20,35,45
Salsuginibacillus halophilus,halo-1T,32,18,37,50
Salsuginibacillus halophilus,,46,4,37,50
Salsuginibacillus kocurii,CH9dT,30,20,37,50
Salsuginimonas clara,BCRC 81005T,20,20,30,40
Salsuginimonas clara,LSN-49,20,20,25,40
Salt tolerance,DSM 12178T,30,10,30,40
Salted hide,NCIMB 786,25,20,37,45
Salty leaves,of Pseudomonas halophila and transferred to the genus Halomonas as Halomonas utahensis nom,15,20,28,35
Samara region,"by the ability to degrade xylan, starch and some other polysaccharides, by greater tolerance of acidic pH and by the inability to reduce nitrate",33,4,25,37
Sammlung von,DSM 11002,25,20,42,45
Sammlung von,C37-38T,15,30,37,45
Sammlung von,DSM 3695T,33,4,25,37
Sammlung von,Cd-10T,12,20,28,32
Samples were,JCM 30603T,22,20,30,42
Samsonia erythrinae,CFBP 5236,11,28,28,39
Sandaracinobacter neustonicus,JCM 30734T,33,4,30,37
Sandaracinobacter sibiricus,RB16-17,5,25,30,30
Sandaracinomonas limnophila,FSY-15T,10,20,25,30
Sandaracinus amylolyticus,DSM 53668T,26,18,30,44
Sandaracinus amylolyticus,NOSO-4,24,20,30,44
Sandarakinorhabdus cyanobacteriorum,TH057T,17,20,30,37
Sanger sequencing,Cd-10T,12,20,28,32
Sanguibacter antarcticus,KOPRI 21702,26,4,24.5,30
Sanguibacter antarcticus,KCTC 13143T,26,4,23,30
Sanguibacter gelidistatuariae,ISLP-3,32,3,23,35
Sanguibacter gelidistatuariae,DSM 100501T,32,3,22,35
Sanguibacter marinus,1-19T,22,15,27.5,37
Sanguibacter marinus,1寧19擔,22,15,25,37
Sanguibacter soli,DCY22T,17,25,37,42
Sansalvadorimonas verongulae,RKSG058,27,15,30,42
Saonia flava,MOLA117T,15,15,25,30
Sarcina ureae,ATCC 13881,27,10,25,37
Scanning electron,DSM 14006T,25,40,55,65
Schlegelella aquatica,wcf1T,30,30,50,60
Schlegelella brevitalea,DSM 7029T,17,25,30,42
Schlegelella thermodepolymerans,K14T,23,37,50,60
Schleiferia thermophila,TU-20T,30,30,50,60
Schlesneria paludicola,MPL7T,28,4,15,32
Schwartzia succinivorans,DSM 10502,23,22,39,45
Sciscionella marina,SCSIO 00231,51,4,28,55
Sciscionella marina,KCTC 19433T,27,10,28,37
Scleromatobacter humisilvae,DSM 113115T,26,4,22,30
Scopulibacillus cellulosilyticus,THG-NT9,25,20,28,45
Scopulibacillus daqui,ZQ18-1T,40,20,50,60
Sea coast,DSM 12178T,30,10,30,40
Sediment sampling,DSM 27501T,20,25,30,45
Sedimentibacter acidaminivorans,MO-SEDI,33,4,30,37
Sedimentibacter saalensis,ZF2T,36,4,37,40
Sedimentibacter saalensis,ZF2,26,14,37,40
Sedimentitalea nanhaiensis,NH52F,33,4,25,37
Sedimentitalea todarodis,KHS03,26,4,25,30
Sediminibacillus albus,NHBX5,35,10,37,45
Sediminibacillus halophilus,EN8dT,40,15,37,55
Sediminibacillus terrae,CGMCC 1,30,20,35,50
Sediminibacter furfurosus,MAOS-86T,27,10,30,37
Sediminibacter furfurosus,MAOS-86,27,10,25,37
Sediminibacterium aquarii,AA5T,22,15,30,37
Sediminibacterium ginsengisoli,DCY13T,25,15,30,40
Sediminibacterium goheungense,HME7863,27.5,4,30,42
Sediminibacterium roseum,SYL130,33,4,28,37
Sediminibacterium salmoneum,CGMCC 1,19,18,28,37
Sediminibacterium salmoneum,NJ-44,19,18,22,37
Sediminicoccus rosea,R-30,22,20,37,42
Sediminicola arcticus,PAMC 27266,16,4,15,20
Sediminicola luteus,CNI-3,20,10,20,30
Sediminihabitans luteus,H97-3,32,5,28,37
Sediminimonas qiaohouensis,YIM B024,22,15,29,37
Sediminimonas qiaohouensis,KCTC 22349T,22,15,30,37
Sediminispirochaeta sinaica,SL,22,10,28,32
Sediminitomix flava,Mok-1-85T,25,15,25,40
Sediminivirga luteola,F23T,51,4,36,55
Sediminivirga luteola,F23,51,4,35,55
Segetibacter aerophilus,,15,15,28,30
Segetibacter koreensis,Gsoil 664T,15,15,30,30
Segeticoccus includes,YJ01T,27,10,28,37
Segeticoccus rather,YJ01T,27,10,30,37
Segeticoccus rhizosphaerae,KACC 19547T,27,10,30,37
Segniliparus rotundus,,5,28,33,33
Segniliparus rotundus,CDC 1076,9,28,33,37
Seinonella peptonophila,ATCC 27302,20,25,35,45
Sejongia antarctica,AT1013T,34.8,-6.6,18.9,28.2
Sejongia jeonii,,41.8,-10.9,21.5,30.9
Sejongia marina,IMCC3228T,22,3,15,25
Selected strains,TRO-001DR8T,12,28,35,40
Selenihalanaerobacter shriftii,DSSe-1,26,16,38,42
Seleniivibrio woodruffii,DSM 24984T,17,20,28,37
Seleniivibrio woodruffii,S4,17,20,37,37
Selenomonas bovis,CGMCC 1,19,27,39,46
Selenomonas caprae,JCM 33725T,25,20,37,45
Selenomonas dianae,ATCC 43527,15,30,37,45
Selenomonas flueggei,ATCC 43531,15,30,37,45
Selenomonas infelix,ATCC 43532,15,30,37,45
Selenomonas lipolytica,CFIBT,15,32,40,47
Selenomonas lipolytica,,17,30,40,47
Selenomonas lipolytica,CF1B,11,30,40,41
Selenomonas massiliensis,Marseille-P4036,9,28,37,37
Selenomonas noxia,ATCC 43541,11,30,40,41
Selenomonas sputigena,VPI 10068,20,25,35,45
Sellimonas intestinalis,BR72,20,25,37,45
Senegalimassilia anaerobia,JC110,7,30,37,37
Senegalimassilia faecalis,KGMB04484,9,28,37,37
Seohaeicola saemankumensis,SD-15T,36,4,30,40
Seohaeicola zhoushanensis,NF48T,30,10,30,40
Seokmodo hot,SMD15-11T,30,30,50,60
Seonamhaeicola algicola,Gy8T,36,4,29,40
Seonamhaeicola algicola,Gy8,30,10,30,40
Seonamhaeicola aphaedonensis,AH-M5,20,15,25,35
Seonamhaeicola marinus,B011T,30,10,28,40
Seonamhaeicola maritimus,KCTC 72528T,25,10,28,35
Serinibacter arcticus,DSM 103859T,33,4,28,37
Serinibacter salmoneus,Kis4-28T,27,10,28,37
Serinibacter tropicus,PS-14-7,17,20,28,37
Serinicoccus chungangensis,CAU 9536,20,20,30,40
Serinicoccus hydrothermalis,CGMCC 1,31,4,35,35
Serinicoccus marinus,JC1078,25,10,35,35
Serinicoccus profundi,MCCC 1A05965,25,10,30,35
Serinicoccus sediminis,KCTC 49173T,41,4,37,45
Serpens flexibilis,PFR-1,5,28,30,33
Serpens flexibilis,,13,20,28,33
Serpentinicella alkaliphila,DSM 100013T,13,30,37,43
Serratia aquatilis,2015-2462-01,41,4,28,45
Serratia entomophila,A1T,31,10,30,41
Serratia inhibens,LMG 31467T,27,10,25,37
Serratia microhaemolytica,ZS-11,24,18,32,42
Serratia myotis,CECT 8594T,33,4,20,37
Serratia nematodiphila,DZ0503SBS1,38,4,30,42
Serratia oryzae,J11-6T,36,4,30,40
Serratia oryzae,J11-6,35,10,30,45
Serratia quinivorans,CIP 8195,15,15,30,30
Serratia symbiotica,LMG 25624T,20,10,25,30
Serratia ureilytica,NiVa 51,32,10,28,42
Serratia vespertilionis,CECT 8595T,33,4,20,37
Serratia vespertilionis,52,36,4,20,40
Several data,DSM 11002,25,20,42,45
Several other,DSM 12178T,30,10,30,40
Several strains,DSM 27501T,20,25,30,45
Several strains,KHALHBd91T,30,20,37,50
Shengli oilfield,SK-G1T,25,40,55,65
Shengli oilfield,DSM 107278T,25,40,55,65
Shewanella aestuarii,KACC 16187T,33,4,30,37
Shewanella aestuarii,SC18,33,4,25,37
Shewanella affinis,CIP 107703T,24,10,25,34
Shewanella algicola,ST-6,26,4,20,30
Shewanella algidipiscicola,S13,33,4,25,37
Shewanella amazonensis,SB2B,41,4,37,45
Shewanella arctica,IR12T,24,4,20,28
Shewanella atlantica,HAW-EB5,21,4,10,25
Shewanella benthica,W 145,10,0,5,10
Shewanella canadensis,HAW-EB2,21,4,10,25
Shewanella carassii,08MAS2251T,32,10,35,42
Shewanella chilikensis,JC5T,17,25,29,42
Shewanella chilikensis,JC5,17,25,28,42
Shewanella colwelliana,LST乚W,22,8,25,30
Shewanella corallii,LMG 24563T,27,10,26,37
Shewanella decolorationis,S12T,38,4,30,42
Shewanella decolorationis,S12,36,4,20,40
Shewanella denitrificans,OS217T,26,4,20,30
Shewanella denitrificans,OS217,26,4,20,30
Shewanella dokdonensis,UDC329,30,10,25,40
Shewanella donghaensis,LT17T,17,5,17,22
Shewanella electrodiphila,MAR441T,26,4,15,30
Shewanella electrodiphila,MAR441,30,0,15,30
Shewanella fidelis,KMM 3582,26,4,20,30
Shewanella fodinae,JC15,18,22,30,40
Shewanella fodinae,CCUG 57102T,20,20,30,40
Shewanella frigidimarina,ACAM 122,28,0,21,28
Shewanella gaetbuli,TF-27,35,4,30,39
Shewanella gelidii,RZB5-4T,28,4,26,32
Shewanella gelidii,RZB5-4,28,4,24,32
Shewanella gelidimarina,,23,0,16,23
Shewanella gelidimarina,IC乚P6,23,0,15,23
Shewanella glacialipiscicola,T147,26,4,25,30
Shewanella hafniensis,U1417,21,4,25,25
Shewanella halifaxensis,HAW-EB4,21,4,10,25
Shewanella haliotis,DW01T,32,10,37,42
Shewanella hanedai,ATCC 33224,25,0,15,25
Shewanella indica,KJW27,35,10,37,45
Shewanella inventionis,KX27T,33,4,28,37
Shewanella irciniae,UST040317-058,40,4,28,44
Shewanella japonica,KMM 3299,27,10,22.5,37
Shewanella kaireitica,JCM 11836T,26,2,24,28
Shewanella kaireitica,c959,19,2,13,21
Shewanella litoralis,KCTC 62129T,26,4,25,30
Shewanella litorisediminis,SMK1-12,30,10,30,40
Shewanella loihica,PV-4T,42,0,18,42
Shewanella mangrovi,YQH10T,38,4,28,42
Shewanella marina,KCTC 22185T,33,4,30,37
Shewanella marinintestina,,23,4,23,27
Shewanella marinintestina,JCM 11558T,26,4,20,30
Shewanella maritima,KCTC 72040T,26,10,29,36
Shewanella morhuae,U1417,21,4,25,25
Shewanella olleyana,ACEM 9T,28,2,21,30
Shewanella olleyana,ACEM 9,28,2,20,30
Shewanella oneidensis,MR-1,36,4,30,40
Shewanella pacifica,KMM 3597,29,4,20,33
Shewanella pacifica,CIP 107849T,29,4,25,33
Shewanella pealeana,ANG-SQ1T,26,4,25,30
Shewanella piezotolerans,,28,0,17.5,28
Shewanella piezotolerans,JCM 13877T,28,0,20,28
Shewanella pneumatophori,SCRC-2738,28,4,27,32
Shewanella profunda,LT13a,33,4,25,37
Shewanella psychrophila,,20,0,12.5,20
Shewanella psychrophila,JCM 13876T,20,0,10,20
Shewanella sairae,SM2-1,23,4,20,27
Shewanella saliphila,KCTC 62131T,26,4,25,30
Shewanella schlegeliana,JCM 11561T,28,4,20,32
Shewanella sediminis,HAW-EB3T,21,4,10,25
Shewanella seohaensis,S7-3,36,4,30,40
Shewanella spongiae,HJ039T,21,5,15,26
Shewanella submarina,KCTC 52277T,17,20,30,37
Shewanella ulleungensis,KCTC 62130T,26,4,25,30
Shewanella upenei,20-23R,30,10,30,40
Shewanella vesiculosa,M7T,34,-4,17.5,30
Shewanella vesiculosa,M7,34,-4,15,30
Shewanella waksmanii,KMM 3823,26,4,22.5,30
Shewanella waksmanii,CIP 107701T,26,4,20,30
Shewanella woodyi,ATCC 51908,21,4,25,25
Shewanella xiamenensis,S4T,33,4,30,37
Shimazuella kribbensis,KCTC 9933T,30,20,32,50
Shimia abyssi,JAMH 043,20,10,25,30
Shimia aquaeponti,GJSW-22,25,10,30,35
Shimia biformata,CC-AMW-CT,25,10,30,40
Shimia biformata,CC-AMW-C,20,20,30,40
Shimia haliotis,WM35T,22,15,30,37
Shimia isoporae,SW6,10,20,25,30
Shimia marina,CL-TA03T,20,15,32.5,35
Shimia marina,CL-TA03,20,15,30,35
Shimia ponticola,WX04T,20,15,30,35
Shinella curvata,JCM 31239T,41,4,28,45
Shinella granuli,Ch06T,36,4,30,40
Shinella kummerowiae,CCBAU 25048,5,25,28,30
Shinella pollutisoli,KCTC 52677T,22,15,30,37
Shinella yambaruensis,NBRC 102122T,27,15,30,42
Shinella yambaruensis,MS4,27,15,25,42
Shivajiella indica,NIO-S1,12,25,30,37
Short rod,JCM 30603T,22,20,30,42
Short rods,FH042T,25,10,30,35
Shotgun project,Cd-10T,12,20,28,32
Shows weak,DSM 12178T,30,10,30,40
Siansivirga jejuensis,JHH-2,22,15,25,37
Siansivirga zeaxanthinifaciens,CC-SAMT-1,22,15,30,37
Siccationidurans ginsengisoli,DCY57,30,4,30,34
Siccationidurans metalli,A2-91,26,4,25,30
Siccirubricoccus deserti,CGMCC 1,41,4,28,45
Sideroxydans lithotrophicus,ES-1,25,10,30,35
Silanimonas algicola,M23T,27,15,25,42
Silanimonas lenta,25-4T,28,25,47,53
Silanimonas mangrovi,DSM 24914T,30,10,30,40
Silicibacter pomeroyi,DSS-3T,30,10,30,40
Silicimonas algicola,KC90B,30,10,25,40
Silvanigrella aquatica,MWH-Nonnen-W8redT,22,10,20,32
Silvibacterium bohemicum,S15,8,20,22,28
Silvimonas amylolytica,ir6-4,35,5,30,40
Silvimonas iriomotensis,NBRC 103188T,35,5,30,40
Silvimonas terrae,KM-45,25,15,25,40
Silvimonas terrae,KCTC 12358T,30,10,25,40
Simiduia aestuariiviva,J-MY2,25,15,30,40
Simiduia agarivorans,SA1,25,15,30,40
Simiduia areninigrae,M2-5,27,10,25,37
Simiduia curdlanivorans,DMCK3-4,25,10,30,35
Simiduia litorea,KMM 9504,29,7,28,36
Simplicispira lacusdiani,KCTC 52093T,27,10,28,37
Simplicispira limi,EMB325,30,10,30,40
Simplicispira piscis,RSG39T,33,4,20,37
Simplicispira soli,CA-16,22,15,20,37
Simplicispira suum,KACC 19329T,33,4,30,37
Simplicispira suum,SC1-8,33,4,28,37
Simplocospira piscis,RSG39T,33,4,20,37
Simulacricoccus ruber,DSM 106554T,16,18,30,34
Since most,WN011T,25,15,35,40
Since there,T9T,30,10,30,40
Single colonies,DSM 24923T,37,20,45,57
Singulisphaera acidiphila,DSM 18658T,29,4,20,33
Singulisphaera rosea,S26T,29,4,20,33
Sinibacillus soli,GD05T,50,20,50,70
Sinibacillus soli,GD05,33,30,50,63
Sinimarinibacterium flocculans,CGMCC 1,30,14,40,44
Sinirhodobacter hungdaonensis,L3,20,15,30,35
Sinobaca qinghaiensis,YIM 70212,35,10,28,45
Sinobacter flavus,CW-KD 4,25,10,30,35
Sinobacterium caligoides,SCSWE24,33,4,20,37
Sinobacterium norvegicum,3CM4,16,4,18,20
Sinococcus qinghaiensis,KCTC 3943T,35,10,28,45
Sinomicrobium oceani,SCSIO 03483,35,10,28,45
Sinomicrobium oceani,KCTC 23994T,35,10,37,45
Sinomicrobium pectinilyticum,5DNS001T,35,10,25,45
Sinomicrobium soli,KCTC 52339T,35,10,28,45
Sinomonas albida,LC13,30,10,30,40
Sinomonas echigonensis,LC10,30,10,30,40
Sinomonas flava,LMG 24447T,27,15,30,42
Sinomonas halotolerans,CFH S0499,27,10,28,37
Sinomonas humi,MUSC 117,16,24,28,40
Sinomonas mesophila,MPKL 26,20,20,30,40
Sinomonas notoginsengisoli,SYP-B575,24,17,28,41
Sinomonas soli,CW 59,27,15,30,42
Sinomonas susongensis,A31T,22,15,30,37
Sinorhizobium kummerowiae,,36,4,28,40
Sinorhodobacter ferrireducens,SgZ-3(,20,20,30,40
Sinorhodobacter populi,KCTC 52802T,31,10,30,41
Sinosporangium album,6014T,27,10,30,37
Sinosporangium fuscum,A-T 8343,17,20,28,37
Sinosporangium fuscum,T 8343T,17,20,30,37
Sinosporangium siamense,A-T 1946T,17,20,28,37
Sinosporangium siamense,A-T 1946,17,20,25,37
Siphonobacter aquaeclarae,P2,33,4,20,37
Siphonobacter curvatus,KACC 19409T,30,5,25,35
Siphonobacter intestinalis,63MJ-2,31,4,25,35
Six known,ATCC 35265T,25,45,60,70
Skermanella aerolata,KACC 11604T,30,5,30,35
Skermanella aerolata,5416T-32,30,5,30,35
Skermanella parooensis,ACM 2042T,27,10,28,37
Skermanella pratensis,W17,30,10,30,40
Skermanella rosea,M1,33,12,27,45
Skermanella rubra,YIM 93097,25,20,28,45
Skermanella stibiiresistens,SB22T,33,4,28,37
Skermanella xinjiangensis,10-1-101T,20,17,28,37
Slightly curved,JCM 16476T,25,15,35,40
Slurries composed,None__10,20,25,40,45
Small rods,JCM 31555T,25,10,30,35
Smaragdicoccus niigatensis,Hou_blueT,33,4,30,37
Sneathiella chinensis,LMG 23452,33,4,28,37
Sneathiella chungangensis,CAU 1294,17,20,30,37
Sneathiella glossodoripedis,MKT133T,28,17,40,45
Sneathiella limimaris,KCTC 52846T,22,20,37,42
Sneathiella marina,PHK-P5T,33,4,20,37
Snuella lapsa,JC2132,45,5,30,50
Soehngenia saccharolytica,BOR-Y,25,15,30,40
Solibacillus daqui,ZS111008T,20,25,30,45
Solibacillus kalamii,ISSFR-015T,25,12,30,37
Solicola agrisoli,PLA-1-18T,10,20,25,30
Solimicrobium silvestre,S20-91,25,0,15,25
Solimonas aquatica,BCRC 17835T,20,20,25,40
Solimonas flava,CW-KD 4,25,10,25,35
Solimonas fluminis,HR-BB,15,20,25,35
Solimonas soli,DCY12T,12,25,30,37
Solimonas terrae,KIS83-12,18,15,28,33
Solirhodobacter olei,Pet-1T,32,10,37,42
Solirubrobacter ginsenosidimutans,BXN5-15,19,18,30,37
Solirubrobacter pauli,B33D1T,19,19,30,38
Solirubrobacter phytolaccae,GTGR-8T,18,15,29,33
Solirubrobacter phytolaccae,GTGR-8,18,15,28,33
Solirubrobacter soli,Gsoil 355T,15,15,30,30
Solirubrobacter soli,Gsoil 355,22,15,30,37
Solirubrobacter taibaiensis,GTJR-20,26,7,28,33
Solitalea agri,KACC 22249T,30,10,28,40
Solitalea canadensis,UASM 9D,30,10,18,40
Solitalea koreensis,R2A36-4T,25,10,29,35
Solitalea koreensis,R2A36-4,25,10,28,35
Solitalea lacus,KACC 22266T,30,10,30,40
Solitalea longa,KACC 19411T,25,5,20,30
Some strains,ATCC 29719,36,4,28,40
Some strains,DSM 3695T,33,4,25,37
Some strains,DSM 17897T,27,15,30,42
Soonwooa buanensis,HM0024,26,4,30,30
Soonwooa buanensis,KCTC 22689T,15,15,30,30
Soonwooa purpurea,I54T,17,20,30,37
Soortia roseihalophila,Bsw-2bT,6,28,30,34
Sorangium ambruticinum,Soce 176,19,18,30,37
Sorangium arenae,Soce 1078,19,18,34,37
Sorangium bulgaricum,Soce 321,19,18,30,37
Sorangium cellulosum,So ce1871,17,20,28,37
Sorangium dawidii,Soce 362,19,18,34,37
Sorangium kenyense,Soce 375,19,18,30,37
Sorangium orientale,Soce GT47,14,30,37,44
Sorangium reichenbachii,Soce 1828,19,18,34,37
Spartinivicinus poritis,A2-2T,23,18,35,41
Specibacter cremeus,KCTC 39557T,26,4,30,30
Specific spray,Z-1001T,37,20,45,57
Spelaeicoccus albus,D3-40T,38,4,30,42
Spelaeicoccus albus,D3-40,27,10,28,37
Sphaerimonospora cavernae,N74,14,22,26,36
Sphaerimonospora mesophila,KCTC 49229T,40,15,37,55
Sphaerimonospora mesophila,JCM 3151,25,20,35,45
Sphaerimonospora triticiradicis,NEAU-HRGS1-10,25,20,28,45
Sphaerisporangium aureirubrum,NEAU-GQTH1-3,22,15,28,37
Sphaerisporangium corydalis,NEAU-YHS15,20,15,28,35
Sphaerisporangium dianthi,NEAU-CY18,20,15,28,35
Sphaerisporangium krabiense,A-T 0308,12,25,28,37
Sphaerisporangium rhizosphaerae,CGMCC 4,19,18,28,37
Sphaerisporangium rufum,NBRC 109079T,12,24,30,36
Sphaerobacter thermophilus,Sphaerobacter thermophilus,25,40,55,65
Sphaerochaeta associata,GLS2,20,20,32,40
Sphaerochaeta globosa,DSM 22777T,22,15,30,37
Sphaerochaeta globosa,Buddy,22,15,25,37
Sphaerochaeta halotolerans,KCTC 15833T,22,20,35,42
Sphaerochaeta multiformis,JCM 17281T,17,0,9,17
Sphaerochaeta pleomorpha,DSM 22778T,15,15,25,30
Sphaerochaeta pleomorpha,Grapes,15,15,25,30
Sphaerotilus hippei,,28,7,26.5,35
Sphaerotilus montanus,,29,7,29,36
Sphaerotilus natans,,25,15,32,40
Sphaerotilus natans,ATCC 13338,27,10,20,37
Sphagnum peat,"by the ability to degrade xylan, starch and some other polysaccharides, by greater tolerance of acidic pH and by the inability to reduce nitrate",33,4,25,37
Sphagnum peatlands,"by the ability to degrade xylan, starch and some other polysaccharides, by greater tolerance of acidic pH and by the inability to reduce nitrate",33,4,25,37
Sphingoaurantiacus capsulatus,YLT33T,31,4,28,35
Sphingoaurantiacus polygranulatus,MC 3718,33,4,29,37
Sphingoaurantiacus polygranulatus,MC 3718T,33,4,28,37
Sphingobacterium alkalisoli,Y3L14T,30,10,30,40
Sphingobacterium anhuiense,CW 186T,31,4,25,35
Sphingobacterium antarcticus,4BY,28,2,25,30
Sphingobacterium arenae,H-12T,17,20,30,37
Sphingobacterium bambusae,IBFC2009,28,11,31,39
Sphingobacterium bovisgrunnientis,YK2,17,25,37,42
Sphingobacterium caeni,DC-8T,30,10,32.5,40
Sphingobacterium caeni,DC-8,30,10,30,40
Sphingobacterium cavernae,KCTC 62981T,35,5,30,40
Sphingobacterium cellulitidis,R-53603,22,15,28,37
Sphingobacterium changzhouense,N7T,30,10,30,40
Sphingobacterium changzhouense,N7,30,10,25,40
Sphingobacterium chuzhouense,DH-5T,17,20,30,37
Sphingobacterium chuzhouense,DH-5,20,20,30,40
Sphingobacterium cibi,CC-YY411T,22,20,30,42
Sphingobacterium cladoniae,No.6,20,15,25,35
Sphingobacterium cladoniae,No.6T,20,15,30,35
Sphingobacterium composti,T5-12,27,15,30,42
Sphingobacterium cortice,23D10-4-9T,31,4,25,35
Sphingobacterium corticibacter,KCTC 52798T,31,4,25,35
Sphingobacterium corticis,23D10-4-9T,31,4,25,35
Sphingobacterium daejeonense,TR6-04T,38,4,30,42
Sphingobacterium daejeonense,TR6-04,27,15,30,42
Sphingobacterium deserti,ZW,37,5,30,42
Sphingobacterium detergens,6.2S,22,15,30,37
Sphingobacterium ginsenosidimutans,THG 07,19,18,25,37
Sphingobacterium gobiense,H7T,32,8,30,40
Sphingobacterium griseoflavum,SCU-B140,30,10,30,40
Sphingobacterium haloxyli,KCTC 62457T,22,20,30,42
Sphingobacterium haloxyli,5JN-11,22,20,28,42
Sphingobacterium hotanense,XH4,25,20,37,45
Sphingobacterium humi,KACC 18595T,25,15,37,40
Sphingobacterium humi,D1,25,15,30,40
Sphingobacterium jejuense,GJ30-7T,20,20,30,40
Sphingobacterium kyonggiense,2002/1/2,41,4,30,45
Sphingobacterium mucilaginosum,THG-SQA8T,27,10,25,37
Sphingobacterium nematocida,M-SX103T,30,10,37,40
Sphingobacterium olei,KCTC 72287T,25,10,30,35
Sphingobacterium oryzagri,KACC 22765T,31,4,28,35
Sphingobacterium pakistanense,NCCP-246,21,16,32,37
Sphingobacterium paludis,S37T,27,10,25,37
Sphingobacterium populi,7Y-4T,27,10,29,37
Sphingobacterium populi,7Y-4,27,10,28,37
Sphingobacterium puteale,CGMCC 1,22,15,28,37
Sphingobacterium rhinocerotis,YIM 101302,25,5,28,30
Sphingobacterium shayense,HS39,30,10,30,40
Sphingobacterium siyangense,KCTC 22131T,38,4,37,42
Sphingobacterium siyangense,SY1,38,4,30,42
Sphingobacterium solani,MLS-26-JM13-11T,29,10,30,39
Sphingobacterium soli,YIM X0211,27,10,30,37
Sphingobacterium soli,KCTC 42696T,22,15,30,37
Sphingobacterium suaedae,T47T,30,10,30,40
Sphingobacterium tabacisoli,h337T,25,10,30,35
Sphingobacterium terrae,Brt-F,30,15,25,45
Sphingobacterium thermophilum,CKTN2,30,20,40,50
Sphingobacterium wenxiniae,LQY-18T,32,8,30,40
Sphingobacterium yamdrokense,3-0-1,30,5,25,35
Sphingobacterium yanglingense,CCNWSP36-1T,30,10,28,40
Sphingobacterium zeae,JM-1081,41,4,30,45
Sphingobium abikonense,NBRC 16140,17,20,28,37
Sphingobium algicola,,20,10,25,30
Sphingobium algicola,Pch-E,20,10,25,30
Sphingobium aquiterrae,DSM 106441T,36,4,30,40
Sphingobium barthaii,KK22,20,20,33,40
Sphingobium boeckii,DSM 25079T,30,10,28,40
Sphingobium chungangianum,MAH-11,22,15,28,37
Sphingobium cupriresistens,CU4,33,4,28,37
Sphingobium endophyticum,GZGR-4,26,7,28,33
Sphingobium faniae,JZ-2T,38,4,30,42
Sphingobium fontiphilum,Chen16-4,25,15,37,40
Sphingobium fuliginis,TKP,17,20,37,37
Sphingobium jiangsuense,BA-3T,27,10,28,37
Sphingobium lactosutens,DS20T,17,20,28,37
Sphingobium limneticum,DSM25076T,30,10,28,40
Sphingobium naphthae,K-3-6,30,15,20,45
Sphingobium paulinellae,KACC 19283T,25,5,25,30
Sphingobium phenoxybenzoativorans,SC_3T,25,15,30,40
Sphingobium qiguonii,X23T,38,4,28,42
Sphingobium quisquiliarum,P25T,36,4,28,40
Sphingobium scionense,WP01T,20,15,30,35
Sphingobium soli,THG-SQA7,20,15,25,35
Sphingobium subterraneum,S-II-13T,15,15,28,30
Sphingobium sufflavum,HL-25,20,10,25,30
Sphingobium terrigena,KACC 19523T,27,10,30,37
Sphingobium ummariense,RL-3,38,4,28,42
Sphingobium vermicomposti,VC-230T,22,15,30,37
Sphingobium vulgare,HU1-GD12,19,18,30,37
Sphingobium xanthum,JZ-1,25,15,28,40
Sphingomicrobium aestuariivivum,AH-M8,25,15,35,40
Sphingomicrobium arenosum,KCTC 62233T,17,20,30,37
Sphingomicrobium astaxanthinifaciens,CC-AMO-30B,25,20,30,45
Sphingomicrobium flavum,CC-AMZ-30NT,30,10,30,40
Sphingomicrobium marinum,JCM 18554T,35,10,30,45
Sphingomicrobium marinum,CC-AMZ-30M,25,20,30,45
Sphingomicrobium sediminis,GRR-S6-50T,17,20,30,37
Sphingomonas abaci,,13,15,28,28
Sphingomonas aeria,LMG 30133T,37,4,28,41
Sphingomonas aeria,R1-3,27,15,30,42
Sphingomonas aerophila,,33,4,29,37
Sphingomonas aerophila,KACC 16533T,33,4,28,37
Sphingomonas aestuarii,K4,15,20,30,35
Sphingomonas agri,HKS-06T,27,10,30,37
Sphingomonas alaskensis,LMG 18877,44,4,37,48
Sphingomonas antarctica,200T,26,4,20,30
Sphingomonas aquatica,W1-2-1T,24,18,30,42
Sphingomonas arabinosi,CGMCC 1,25,0,20,25
Sphingomonas aracearum,KCTC 62523T,34,4,25,38
Sphingomonas arantia,6P,31,4,25,35
Sphingomonas astaxanthinifaciens,TDMA-17,25,20,40,45
Sphingomonas aurea,KCTC 92959T,5,25,25,30
Sphingomonas canadensis,FWC47,2,28,30,30
Sphingomonas carotinifaciens,,22,15,29,37
Sphingomonas carotinifaciens,L9-754,22,15,28,37
Sphingomonas carri,PR0302T,22,15,25,37
Sphingomonas changbaiensis,V2M44T,13,20,30,33
Sphingomonas changbaiensis,V2M44,13,20,29,33
Sphingomonas changnyeongensis,C33T,18,19,28,37
Sphingomonas chloroacetimidivorans,Y1,20,20,30,40
Sphingomonas chungangi,MAH-6T,20,15,30,35
Sphingomonas colocasiae,CC-MHH0539T,15,15,25,30
Sphingomonas crocodyli,BCRC 81096T,15,20,30,35
Sphingomonas crusticola,MIMD3T,27,10,25,37
Sphingomonas cynarae,SPC-1,4,26,28,30
Sphingomonas daechungensis,CH15-11T,22,15,29,37
Sphingomonas daechungensis,CH15-11,22,15,28,37
Sphingomonas deserti,KCTC 62411T,17,20,30,37
Sphingomonas desiccabilis,DSM 16792T,22,15,25,37
Sphingomonas difficilis,1PNM-26T,15,20,29,35
Sphingomonas difficilis,1PNM-26,15,20,28,35
Sphingomonas dokdonensis,DS-4,24,10,25,34
Sphingomonas endophytica,YIM 65583,33,12,20,45
Sphingomonas endophytica,JCM 17394T,33,12,37,45
Sphingomonas faucium,E62-3T,22,15,28,37
Sphingomonas fennica,,27,10,25,37
Sphingomonas fennica,K101,27,10,20,37
Sphingomonas flava,THG-MM5,12,18,25,30
Sphingomonas flavalba,KCTC 62840T,11,26,37,37
Sphingomonas flavida,PB1R3T,37,0,25,37
Sphingomonas fonticola,TNR-2T,22,15,25,37
Sphingomonas fonticola,TNR-2,22,15,20,37
Sphingomonas formosensis,CC-Nfb-2,12,25,30,37
Sphingomonas frigidaeris,KER25-10T,30,10,30,40
Sphingomonas fucosidasi,LB3N6T,25,0,20,25
Sphingomonas gei,ZFGT-11T,29,4,28,33
Sphingomonas gilva,ZDH117T,27,15,28,42
Sphingomonas gimensis,9PNM-6,17,15,28,32
Sphingomonas ginkgonis,KCTC 62461T,22,15,30,37
Sphingomonas ginsengisoli,DCY58,33,4,30,37
Sphingomonas ginsenosidimutans,Gsoil 1429,24,18,25,42
Sphingomonas ginsenosidivorax,KHI67,33,4,25,37
Sphingomonas gotjawalisoli,SN6-9,20,10,25,30
Sphingomonas guangdongensis,9NM-8T,12,20,30,32
Sphingomonas haloaromaticamans,DSM 13477T,7,30,30,37
Sphingomonas haloaromaticamans,A175,30,10,30,40
Sphingomonas hankookensis,ODN7T,33,4,30,37
Sphingomonas hankyongensis,W1-2-4,24,18,25,42
Sphingomonas hengshuiensis,WHSC-8,15,20,28,35
Sphingomonas histidinilytica,UM2T,36,4,28,40
Sphingomonas hunanensis,JSM 083058,30,5,25,35
Sphingomonas hylomeconis,GZJT-2T,26,4,25,30
Sphingomonas indica,Dd16,24,4,28,28
Sphingomonas insulae,DS-28T,30,4,25,34
Sphingomonas japonica,KC7,33,4,26.5,37
Sphingomonas jaspsi,TDMA-16T,20,20,36,40
Sphingomonas jaspsi,TDMA-16,20,20,35,40
Sphingomonas jatrophae,,22,15,29,37
Sphingomonas jatrophae,S5-249,22,15,28,37
Sphingomonas jeddahensis,G39T,15,20,30,35
Sphingomonas jejuensis,MS-31,22,15,20,37
Sphingomonas jinjuensis,,15,20,25,35
Sphingomonas jinjuensis,KCTC 22477T,15,20,25,35
Sphingomonas kyeonggiensis,THG-DT81,15,15,25,30
Sphingomonas kyungheensis,THG-B283,17,18,25,35
Sphingomonas kyungheensis,KACC 16224T,17,18,28,35
Sphingomonas lacus,PB304T,21.5,4,25,37
Sphingomonas lacus,PB304,10,20,25,30
Sphingomonas lenta,DSM 27572T,17,20,28,37
Sphingomonas limnosediminicola,03SUJ6T,22,15,25,37
Sphingomonas limnosediminicola,03SUJ6,22,15,25,37
Sphingomonas lutea,JS5T,36,4,30,40
Sphingomonas lutea,JS5,27,10,25,37
Sphingomonas mesophila,KCTC 62179T,23,14,28,37
Sphingomonas metalli,9O-5T,22,15,25,37
Sphingomonas molluscorum,KMM 3882T,30,7,25,37
Sphingomonas montana,W16RD,26,4,20,30
Sphingomonas montanisoli,ZX9611T,18,12,28,30
Sphingomonas montis,DRJ-4,22,20,28,42
Sphingomonas morindae,NBD5,27,15,30,42
Sphingomonas mucosissima,CP173-2T,15,15,25,30
Sphingomonas naasensis,,27,10,29,37
Sphingomonas naasensis,KACC 16534T,27,10,28,37
Sphingomonas naphthae,DKC-5-1T,29,4,26.5,33
Sphingomonas naphthae,DKC5-1,23,10,25,33
Sphingomonas oleivorans,LMG 29274T,2,28,30,30
Sphingomonas oligoaromativorans,SY-6T,27,10,28,37
Sphingomonas oryziterrae,,20,20,25,40
Sphingomonas oryziterrae,KCTC 22476T,20,20,25,40
Sphingomonas paeninsulae,LMG 31027T,24,4,20,28
Sphingomonas palustris,,5,25,25,30
Sphingomonas palustris,WM95,22,15,25,37
Sphingomonas panacis,DCY99,27,10,25,37
Sphingomonas panaciterrae,DCY91,10,20,28,30
Sphingomonas panni,,22,15,28,37
Sphingomonas parvus,GP20-2,25,10,35,35
Sphingomonas piscinae,LYH-20,25,15,30,40
Sphingomonas polyaromaticivorans,B2-7,15,20,26,35
Sphingomonas populi,LMG 30138T,22,15,30,37
Sphingomonas prati,W18RDT,35,0,25,35
Sphingomonas prati,W18RD,26,4,25,30
Sphingomonas psychrolutea,MDB1-A^T,25,0,20,25
Sphingomonas rhamnosi,PB2P19T,25,0,20,25
Sphingomonas rhizophila,KACC 19189T,27,10,25,37
Sphingomonas rosea,PB196,17,25,37,42
Sphingomonas rubra,BH3T,41,4,28,45
Sphingomonas sandaracina,CGMCC 1,25,0,20,25
Sphingomonas sanxanigenens,NX02,36,4,29,40
Sphingomonas sanxanigenens,DSM 19645T,36,4,28,40
Sphingomonas segetis,KACC 19551T,17,20,30,37
Sphingomonas silvisoli,RP18T,15,15,30,30
Sphingomonas soli,T5-04T,22,15,30,37
Sphingomonas sorbitolis,CGMCC 1,25,0,20,25
Sphingomonas spermidinifaciens,9NM-10T,30,10,30,40
Sphingomonas starnbergensis,382T,27,10,28,37
Sphingomonas suaedae,CGMCC 1,30,10,35,40
Sphingomonas tabacisoli,KCTC 62032T,15,25,30,40
Sphingomonas turrisvirgatae,MCT13T,15,20,28,35
Sphingomonas vulcanisoli,SN6-13,20,10,25,30
Sphingomonas xinjiangensis,10-1-84T,33,4,28,37
Sphingomonas xinjiangensis,10-1-84,13,17,28,30
Sphingomonas yantingensis,1007T,22,15,29,37
Sphingomonas yantingensis,1007,22,15,28,37
Sphingomonas yunnanensis,KCTC 12346T,40,0,28,40
Sphingomonas zeicaulis,541T,40,5,25,45
Sphingopyxis alaskensis,LMG 18877,33,4,37,37
Sphingopyxis bauzanensis,BZ30T,29,1,25,30
Sphingopyxis contaminans,JC216T,25,15,28.5,40
Sphingopyxis flava,R11HT,23,22,28,45
Sphingopyxis flavimaris,SW-151T,33,4,30,37
Sphingopyxis italica,SC13E-S71T,20,10,25,30
Sphingopyxis italica,SC13E-S71,20,10,25,30
Sphingopyxis lindanitolerans,DSM 106274T,25,12,23,37
Sphingopyxis litoris,KCTC 12764T,19.4,15,31.8,34.4
Sphingopyxis nepalensis,Ktm-14,22,15,25,37
Sphingopyxis panaciterrulae,DCY34T,12,25,27.5,37
Sphingopyxis panaciterrulae,DCY34,12,25,25,37
Sphingopyxis rigui,01SU5-PT,25,10,25,35
Sphingopyxis soli,BL03,27,15,30,42
Sphingopyxis solisilvae,KX672815,27,15,25,42
Sphingopyxis wooponensis,,25,10,25,35
Sphingorhabdus arenilitoris,GJR-7,33,4,30,37
Sphingorhabdus contaminans,JC216,25,15,27,40
Sphingorhabdus litoris,FR1093,19.4,15,23.7,34.4
Sphingorhabdus marina,FR1087,19.4,15,23.7,34.4
Sphingorhabdus pacifica,KMM 9574,31,5,28,36
Sphingorhabdus planktonica,G1A_585T,16,11,21,27
Sphingorhabdus planktonica,G1A_585,16,11,18,27
Sphingorhabdus pulchriflava,KCTC 62791T,35,10,25,45
Sphingorhabdus rigui,01SU5-P,25,10,25,35
Sphingorhabdus soli,D-2Q-5-6T,33,10,28,43
Sphingorhabdus wooponensis,03SU3-P,25,10,25,35
Sphingosinicella humi,QZX222T,26,16,28,42
Sphingosinicella microcystinivorans,KCTC 12019T,27,10,30,37
Sphingosinicella soli,KSL-125T,33,4,30,37
Sphingosinicella vermicomposti,YC7378,27,10,30,37
Sphingosinicella xenopeptidilytica,3-2W4,32,5,20,37
Sphingosinicella xenopeptidilytica,DSM 17130T,32,5,25,37
Sphingosinithalassobacter portus,FM6T,25,20,30,45
Sphingosinithalassobacter tenebrarum,KCTC 72896T,29,16,30,45
Spinactinospora alkalitolerans,CXB654T,28,16,37,44
Spiral shaped,None__18,16,28,42,44
Spiribacter aquaticus,SP30T,20,20,37,40
Spiribacter curvatus,UAH-SP71T,35,5,37,40
Spiribacter roseus,SSL50T,25,15,37,40
Spiribacter salinus,M19-40,25,15,37,40
Spirilliplanes yamanashiensis,YU127-1T,5,25,28,30
Spirillospora albida,ATCC 15331,17,18,25,35
Spirillum winogradskyi,D-427T,25,10,28,35
Spirochaeta africana,Z-7692,32,15,30,47
Spirochaeta alkalica,,32,15,33.5,47
Spirochaeta americana,ASpG1T,34,10,37,44
Spirochaeta asiatica,,23,20,35,43
Spirochaeta asiatica,Z-7591,23,20,33,43
Spirochaeta cellobiosiphila,SIP1T,28,9,37,37
Spirochaeta dissipatitropha,ASpC2T,28,13,35,41
Spirochaeta isovalerica,MA-2,34,5,30,39
Spirochaeta lutea,JC230,25,15,30,40
Spirochaeta odontotermitis,JC202T,25,15,32,40
Spirochaeta perfilievii,PT,28,4,29,32
Spirochaeta perfilievii,DSM 19205T,28,4,28,32
Spirochaeta perfilievii,P,28,4,28,32
Spirochaeta psychrophila,JCM 17280T,18,0,15,18
Spirochaeta sinaica,SLT,22,10,28,32
Spirochaeta sphaeroplastigenens,KCTC 15220T,25,15,35,40
Spirochaeta thermophila,Z-1203,33,40,67,73
Spiroplasma alleghenense,ATCC 51742,22,10,30,32
Spiroplasma cantharicola,CC-1,27,10,32,37
Spiroplasma chinense,CCHT,12,25,30,37
Spiroplasma chrysopicola,DF-1,22,10,30,32
Spiroplasma clarkii,CN-5,22,10,30,32
Spiroplasma corruscae,EC-1,31,10,32,41
Spiroplasma culicicola,AES-1,6,25,31,31
Spiroplasma diabroticae,DU-1,31,10,32,41
Spiroplasma diminutum,CUAS-1T,27,10,30,37
Spiroplasma eriocheiris,TDA-040725-5T,20,20,30,40
Spiroplasma floricola,6月23日,15,22,34,37
Spiroplasma gladiatoris,,22,15,31,37
Spiroplasma gladiatoris,ATCC 43525,22,15,30,37
Spiroplasma helicoides,ATCC 51746,17,20,32,37
Spiroplasma insolitum,M55,22,15,30,37
Spiroplasma ixodetis,ATCC 33835,9,23,30,32
Spiroplasma kunkelii,E275T,12,20,31,32
Spiroplasma kunkelii,E275,12,20,30,32
Spiroplasma lampyridicola,ATCC 43206,22,15,30,37
Spiroplasma lineolae,TALS-2,17,20,30,37
Spiroplasma litorale,TN-1,31,10,32,41
Spiroplasma melliferum,BC-3T,17,20,33.5,37
Spiroplasma mirum,SMCA,17,20,37,37
Spiroplasma monobiae,MQ-1T,27,10,32,37
Spiroplasma montanense,HYOS-1,36,5,32,41
Spiroplasma penaei,BAA-1082T,17,20,28,37
Spiroplasma phoeniceum,P40,17,20,28,37
Spiroplasma platyhelix,PALS-1,22,10,30,32
Spiroplasma poulsonii,DW-1T,4,26,30,30
Spiroplasma sabaudiense,Ar-1343T,12,20,30,32
Spiroplasma syrphidicola,EA-1,31,10,32,41
Spiroplasma tabanidicola,ATCC 51747,27,10,30,37
Spiroplasma taiwanense,CT-1,8,22,25,30
Spiroplasma turonicum,Tab4cT,12,25,30,37
Spiroplasma velocicrescens,MQ-4,31,10,37,41
Spirosoma aerolatum,PR1012KT,30,10,25,40
Spirosoma aerophilum,5516J-17T,27,10,29,37
Spirosoma aerophilum,5516J-17,27,10,28,37
Spirosoma arcticum,R2-35T,24,4,20,28
Spirosoma carri,TX0406,22,15,25,37
Spirosoma daeguense,15J9-6,20,10,25,30
Spirosoma endophytica,DSM 26130T,8,20,28,28
Spirosoma endophyticum,EX36,37,4,28,41
Spirosoma flavum,Y4AR-5T,24,4,20,28
Spirosoma fluminis,15J17,15,15,25,30
Spirosoma fluviale,MSd3,26,4,25,30
Spirosoma gilvum,15J10-9T5,20,10,25,30
Spirosoma horti,S7-3-19,20,10,25,30
Spirosoma knui,15J8-12T,27,10,25,37
Spirosoma koreense,15J8-5T,27,10,25,37
Spirosoma lacussanchae,CPCC 100624,30,10,30,40
Spirosoma litoris,KCTC 52029T,27,10,25,37
Spirosoma lituiforme,T15.2.4,20,10,25,30
Spirosoma luteolum,16F6E,27,10,25,37
Spirosoma luteum,,36,4,25,40
Spirosoma luteum,SPM-10,26,4,25,30
Spirosoma metallicum,PR1014K,25,15,25,40
Spirosoma metallilatum,TX0405,8,20,28,28
Spirosoma migulaei,15J9-8,20,10,25,30
Spirosoma montaniterrae,DY10,20,10,30,30
Spirosoma oryzae,RHs22T,27,10,29,37
Spirosoma oryzae,RHs22,27,10,28,37
Spirosoma oryzicola,RHs26T,27,10,28,37
Spirosoma panaciterrae,Gsoil 1519,38,4,30,42
Spirosoma panaciterrae,KCTC 22263T,27,15,30,42
Spirosoma pollinicola,DSM 105799T,26,4,25,30
Spirosoma radiotolerans,DG5A,20,10,25,30
Spirosoma rigui,WPCB118T,33,4,30,37
Spirosoma soli,MIMBbqt12T,33,2,28,35
Spirosoma sordidisoli,TY50,21,16,30,37
Spirosoma spitsbergense,,36,4,25,40
Spirosoma spitsbergense,SPM-9,26,4,25,30
Spirosoma swuense,JBM2-3T,5,25,25,30
Spongiactinospora rosea,DSM 106635T,20,20,30,40
Spongiibacter borealis,CL-AS9T,26,4,23,30
Spongiibacter marinus,HAL40b,30,10,25,40
Spongiibacter marinus,DSM 17750T,30,10,20,40
Spongiibacter taiwanensis,SPT1,33,4,30,37
Spongiibacter tropicus,DSM 19543T,30,10,30,40
Spongiibacterium flavum,A11T,15,20,30,35
Spongiibacterium pacificum,SW169T,25,10,28,35
Spongiimicrobium salis,A6F-11,22,15,30,37
Spongiimonas flava,J36A-7,12,21,30,33
Spongiispira norvegica,Gp _4_7.1T,31,6,25,37
Spongiispira norvegica,Gp_4_7.1,31,6,20,37
Spongiivirga citrea,A7G-39,17,20,30,37
Spongitalea numazuensis,HJ24,20,17,30,37
Sporacetigenium mesophilum,ZLJ115T,22,20,37,42
Sporacetigenium mesophilum,ZLJ115,22,20,39,42
Sporanaerobacter acetigenes,Lup 33,25,25,40,50
Spore formation,JCM 16476T,25,15,35,40
Spore formation,JCM 31555T,25,10,30,35
Spores were,JCM 31555T,25,10,30,35
Sporichthya brevicatena,YU720-21T,22,15,28,37
Sporobacter termitidis,SYRT,20,20,35,40
Sporobacterium olearium,SR1,20,25,37,45
Sporohalobacter salinus,CEJFT1B,30,30,45,60
Sporolactobacillus pectinivorans,GD201205T,20,20,37,40
Sporolactobacillus putidus,QC81-06T,15,30,35,45
Sporolactobacillus shoreae,BK92T,15,25,30,40
Sporolactobacillus shoreicorticis,MK21-7,20,20,30,40
Sporolactobacillus spathodeae,,20,20,30,40
Sporolactobacillus vineae,SL153T,15,25,37,40
Sporolituus thermophilus,JCM 15556T,15,45,55,60
Sporomusa acidovorans,Mol,20,20,35,40
Sporomusa aerivorans,TmAO3T,16,19,30,35
Sporomusa intestinalis,Tc2A,30,15,35,45
Sporomusa malonica,WoG12,23,15,30,38
Sporomusa ovata,H1,28,15,34,43
Sporomusa rhizae,RS,25,15,35,40
Sporomusa silvacetica,DG-1,30,5,30,35
Sporomusa sphaeroides,E,30,15,34,45
Sporomusa termitida,JSN-2,18,19,30,37
Sporosalibacterium faouarense,SOL3f37,28,20,40,48
Sporosalibacterium tautonense,MRo-4T,25,25,42,50
Sporosarcina antarctica,N-05,23,0,17.5,23
Sporosarcina antarctica,CGMCC 1,23,0,17,23
Sporosarcina aquimarina,SW28,33,4,25,37
Sporosarcina contaminans,CCUG 53915T,35,15,30,50
Sporosarcina koreensis,KACC 11299T,25,15,30,40
Sporosarcina luteola,Y1,30,10,25,40
Sporosarcina macmurdoensis,CMS 21wT,21,4,19,25
Sporosarcina newyorkensis,6062,32,10,25,42
Sporosarcina saromensis,HG645,35,5,27,40
Sporosarcina siberiensis,1111S-42,26,4,28,30
Sporosarcina soli,KACC 11300T,22,15,30,37
Sporosarcina terrae,LZ2T,34,10,32.5,44
Sporosarcina terrae,LZ2,34,10,30,44
Sporosarcina thermotolerans,CCUG 53480,35,15,30,50
Sporosarcina ureae,ATCC 13881,27,10,25,37
Sporotomaculum hydroxybenzoicum,BT,13,24,30,37
Sporotomaculum hydroxybenzoicum,B,14,23,30,37
Sporotomaculum syntrophicum,FB,17,28,35,45
Stackebrandtia albiflava,YIM 45751,9,28,28,37
Stackebrandtia cavernae,YIM ART06T,20,15,29,35
Stackebrandtia cavernae,YIM ART06,20,15,28,35
Stackebrandtia endophytica,BCRC 16954T,25,15,28,40
Stackebrandtia nassauensis,NRRL B-16338,22,15,28,37
Stackebrandtia soli,AN130378,17,20,30,37
Stackebrandtia soli,DSM 103573T,17,20,28,37
Stagnimonas aquatica,BCRC 81158T,15,20,25,35
Stakelama algicida,Yeonmyeong 1-13,34,5,30,39
Stakelama marina,LXI357T,25,20,28,45
Stakelama pacifica,JLT832T,32,5,28,37
Stakelama sediminis,CJ70T,17,20,30,37
Staleya guttiformis,EL-38T,36,-4,16,32
Staphylococcus auricularis,ATCC 33753,30,15,34,45
Staphylococcus auricularis,WK 811M,25,20,30,45
Staphylococcus capitis,,30,15,35,45
Staphylococcus capitis,LK499,27,18,30,45
Staphylococcus carnosus,361,30,15,30,45
Staphylococcus devriesei,KS-SP 60,17,25,35,42
Staphylococcus epidermidis,Fussel,30,15,30,45
Staphylococcus felis,GD521,30,15,37,45
Staphylococcus haemolyticus,ATCC 29970,27,18,30,45
Staphylococcus hominis,ATCC 27844,25,20,30,45
Staphylococcus hyicus,,23,22,37,45
Staphylococcus hyicus,D. Sompolinsky no. 1,23,22,30,45
Staphylococcus intermedius,H 11/68,30,15,30,45
Staphylococcus lugdunensis,N860297,15,30,35,45
Staphylococcus massiliensis,5402776,20,25,37,45
Staphylococcus muscae,MB4,12,25,37,37
Staphylococcus nepalensis,CW1T,20,20,30,40
Staphylococcus pasteuri,BM9357,30,15,37,45
Staphylococcus saprophyticus,S乚41,30,10,28,40
Staphylococcus schleiferi,,15,30,35,45
Staphylococcus simulans,MK148,30,15,25,45
Staphylococcus succinus,AMG-D1,15,25,28,40
Staphylococcus warneri,ATCC 27836,30,15,25,45
Staphylococcus xylosus,KL162,30,10,25,40
Staphylospora marina,DSM 106793T,28,37,65,65
Staphylothermus hellenicus,P8,20,70,85,90
Staphylothermus marinus,F1,33,65,92,98
Stappia indica,B106,38,4,25,42
Stappia marina,mano18T,5,25,25,30
Stappia taiwanensis,CC-SPIO-10-1,43,4,30,55
Starkeya koreensis,Jip08T,36,4,30,40
Starkeya koreensis,Jip08,36,4,28,40
Starkeya novella,ATCC 8093T,27,10,25,37
Starkeya novella,ATCC 8093,27,10,25,37
Stenothermobacter spongiae,UST030701-156T,16,20,29,36
Stenotrophobacter namibiensis,Ac_17_F2,17,20,34,37
Stenotrophobacter roseus,Ac_15_C4,25,16,34.5,41
Stenotrophobacter terrae,Ac_28_D10,23,17,28.6,40
Stenotrophobium rhamnosiphilum,GT1R17,26,4,23,30
Stenotrophomonas acidaminiphila,AMX 19T,46,4,35,50
Stenotrophomonas acidaminiphila,AMX 19,22,20,30,42
Stenotrophomonas bentonitica,BII-R7,22,15,28,37
Stenotrophomonas capsici,JCM 36317T,38,4,28,42
Stenotrophomonas chelatiphaga,B-2486,15,25,28,40
Stenotrophomonas daejeonensis,MJ03,22,20,30,42
Stenotrophomonas dokdonensis,DS-16,41,4,30,45
Stenotrophomonas dokdonensis,KCTC 12543T,30,10,30,40
Stenotrophomonas ginsengisoli,DCY01T,22,15,30,37
Stenotrophomonas indicatrix,,27,10,30,37
Stenotrophomonas lactitubi,,31,6,30,37
Stenotrophomonas tumulicola,T5916-2-1b,27,10,30,37
Stenoxybacter acetivorans,TAM-DN1,15,22,30,37
Steptomyces fagopyri,CICC 24808T,31,4,28,35
Steroidobacter agariperforans,KA5B,22,15,30,37
Steroidobacter denitrificans,DSM 18526T,18,20,28,38
Steroidobacter denitrificans,FS,18,20,28,38
Steroidobacter flavus,CPCC100154,17,20,28,37
Steroidobacter soli,KCTC 62820T,21,16,30,37
Sterolibacterium denitrificans,Chol-1S<sup>T</sup>,20,15,31,35
Sterolibacterium denitrificans,Chol-1S,20,15,30,35
Stetteria hydrogenophila,DSM 11227,32,70,95,102
Stigmatella aurantiaca,ATCC 25190,19,18,30,37
Stigmatella erecta,ATCC 25191,19,18,30,37
Stomatobaculum longum,DSM 24645T,12,30,37,42
Strains grow,WS4937T,27,12,33,39
Strains were,ATCC 21727,20,20,37,40
Strains were,T130AT,25,20,30,45
Streptacidiphilus durhamensis,FSCA67,20,10,26,30
Streptacidiphilus hamsterleyensis,HSCA14,20,10,25,30
Streptacidiphilus monticola,NEAU-SW11T,25,15,28,40
Streptacidiphilus pinicola,KCTC 49008T,18,15,30,33
Streptacidiphilus torunensis,NF37,20,10,27,30
Streptoalloteichus hindustanus,ATCC 31217,34,20,45,54
Streptobacillus felis,131000547,23,20,37,43
Streptobacillus notomytis,AHL 370-1,23,20,37,43
Streptobacillus ratti,OGS16,23,20,37,43
Streptococcus caviae,Cavy grass 6T,15,25,37,40
Streptococcus cecorum,A60,35,10,37,45
Streptococcus dentisani,Str. 7746,6,34,37,40
Streptococcus downii,CECT 9732T,15,25,37,40
Streptococcus dysgalactiae,NCDO 2023,35,10,37,45
Streptococcus entericus,CECT 5353,35,10,37,45
Streptococcus ferus,8S1,17,25,37,42
Streptococcus halotolerans,HTS9,25,20,37,45
Streptococcus hohhotensis,IMAU99199T,20,25,37,45
Streptococcus hyovaginalis,SHV515,17,25,37,42
Streptococcus iners,NCTC 14939T,12,30,37,42
Streptococcus macedonicus,ACA-DC 206T,17,25,37,42
Streptococcus massiliensis,4401825T,20,25,37,45
Streptococcus merionis,WUE3771,35,10,37,45
Streptococcus minor,ON59T,17,25,37,42
Streptococcus minor,ON59,17,25,30,42
Streptococcus oligofermentans,LMG 21535T,16,25,37,41
Streptococcus ovuberis,VB15-00779T,12,30,37,42
Streptococcus parvulus,ATCC 33793,20,25,37,45
Streptococcus pharyngis,DICM10-00796B,12,30,37,42
Streptococcus plurextorum,,35,10,37,45
Streptococcus porcorum,682-03,32,10,37,42
Streptococcus rubneri,LMG 27207,20,25,37,45
Streptococcus suivaginalis,NCTC 14941T,12,30,37,42
Streptococcus thoraltensis,,12,25,37,37
Streptococcus tigurinus,AZ_3aT,17,25,37,42
Streptococcus timonensis,Marseille-P2915,17,20,37,37
Streptococcus urinalis,CCUG 41590,35,10,37,45
Streptococcus varani,FF10,12,25,37,37
Streptococcus vestibularis,MM1,35,10,37,45
Streptococcus waius,3/1T,27.9,24.5,38.8,52.4
Streptohalobacillus salinus,H96B60T,20,20,37,40
Streptomonospora algeriensis,H27,25,20,28,45
Streptomonospora amylolytica,DSM 45171T,25,20,37,45
Streptomonospora arabica,S186,30,10,28,40
Streptomonospora flavalba,YIM 91394,25,20,37,45
Streptomonospora halophila,YIM 91355,61,4,37,65
Streptomonospora halophila,DSM 45075T,25,20,37,45
Streptomonospora halotolerans,NEAU-Jh2-17T,36,4,28,40
Streptomonospora halotolerans,NEAU-Jh2-17,17,20,28,37
Streptomonospora nanhaiensis,KCTC 29145T,40,10,37,50
Streptomonospora sediminis,DSM 45723T,30,15,28,45
Streptomonospora tuzyakensis,BN506,51,4,37,55
Streptomyces abyssalis,YIM M 10400,9,28,28,37
Streptomyces aculeolatus,SF2415,22,15,26,37
Streptomyces adustus,WH-9,27,10,28,37
Streptomyces aidingensis,TRM 46012,14,23,28,37
Streptomyces albiaxialis,DSM 41799,22,28,30,50
Streptomyces albiflavescens,m20T,41,4,28,45
Streptomyces albiflavescens,m20,32,10,28,42
Streptomyces alfalfae,XY25T,29,16,37,45
Streptomyces alkaliphilus,No. 7,15,25,30,40
Streptomyces alkalithermotolerans,AC3,39,16,28,55
Streptomyces altiplanensis,DSM 107267T,9,28,28,37
Streptomyces amphotericinicus,1H-SSA8,25,14,28,39
Streptomyces amritsarensis,2A,30,12,15,42
Streptomyces andamanensis,KC-112T,25,15,28,40
Streptomyces antioxidans,MUSC 164,10,26,28,36
Streptomyces aomiensis,NBRC 106164T,22,15,25,37
Streptomyces apocyni,LMG 31559T,25,15,32,40
Streptomyces aqsuensis,KCTC 39610T,25,16,37,41
Streptomyces aquilus,CICC 11055T,35,10,30,45
Streptomyces arcticus,ZLN234T,36,4,28,40
Streptomyces aridus,H9,30,10,28,40
Streptomyces artemisiae,YIM 63135,35,10,28,45
Streptomyces asenjonii,KNN 35.1b,40,10,37,50
Streptomyces atacamensis,C60,35,10,28,45
Streptomyces atlanticus,103,22,15,28,37
Streptomyces avicenniae,MCCC 1A01535,22,15,28,37
Streptomyces axinellae,Pol001,17,20,30,37
Streptomyces baliensis,NBRC 104276T,20,10,28,30
Streptomyces bambusae,T110,35,10,28,45
Streptomyces bangladeshensis,AAB-4T,30,20,37,50
Streptomyces barkulensis,RC 1831,10,30,30,40
Streptomyces bauhiniae,JCM 33208T,17,20,37,37
Streptomyces beijiangensis,YIM6,32,0,8,32
Streptomyces bohaiensis,11A07,25,15,28,40
Streptomyces boninensis,K11-0400,28,10,14,38
Streptomyces boninensis,NBRC 113073T,24,14,14,38
Streptomyces broussonetiae,CICC 24819T,16,20,28,36
Streptomyces bryophytorum,NEAU-HZ10,22,15,28,37
Streptomyces burgazadensis,Z1R7,9,28,28,37
Streptomyces cadmiisoli,CICC 11050T,25,15,28,40
Streptomyces caeni,HA15955T,17,20,28,37
Streptomyces caldifontis,NCCP-1331,22,18,30,40
Streptomyces calidiresistens,YIM 78087,22,28,37,50
Streptomyces camponoticapitis,2H-TWYE14T,27,10,28,37
Streptomyces canalis,TRM 46794-61T,35,16,31,51
Streptomyces capillispiralis,A49492 (= NRRL 12279),35,10,30,45
Streptomyces capitiformicae,CGMCC 4,23,15,28,38
Streptomyces capparidis,EGI 6500195,35,10,30,45
Streptomyces catbensis,VN07A0015,13,15,28,28
Streptomyces cavernae,KCTC 39850T,17,20,28,37
Streptomyces cellulolyticus,LXT,30,10,30,40
Streptomyces cerasinus,SR3-134T,17,20,30,37
Streptomyces cerasinus,SR3-134,17,20,30,37
Streptomyces chiangmaiensis,JCM 16577T,10,20,30,30
Streptomyces chilikensis,RC 1830,12,28,30,40
Streptomyces chitinivorans,RC1832T,10,30,30,40
Streptomyces chlorus,,32,10,30,42
Streptomyces cinnabarigriseus,,25,15,28,40
Streptomyces coacervatus,AS-0823T,27,10,28,37
Streptomyces cyaneochromogenes,CICC 11045T,36,4,28,40
Streptomyces cyslabdanicus,K040144,30,12,18,42
Streptomyces dangxiongensis,JCM 31053T,20,20,30,40
Streptomyces daqingensis,CGMCC 4,19,16,28,35
Streptomyces daqingensis,NEAU-ZJC8,21,16,28,37
Streptomyces davaonensis,JCM 4913T,22,15,30,37
Streptomyces deccanensis,DAS-139,17,28,40,45
Streptomyces desertarenae,SYSU D8023,36,14,28,50
Streptomyces durbertensis,DSM 104538T,27,18,28,45
Streptomyces durmitorensis,MS405,27,10,28,37
Streptomyces emeiensis,4776,25,15,28,40
Streptomyces endophyticus,YIM 65594,27,10,20,37
Streptomyces euryhalinus,MS 3/20,11,24,28,35
Streptomyces fagopyri,CICC 24808T,31,4,28,35
Streptomyces ferralitis,SFOp68T,25,20,30,45
Streptomyces ferrugineus,HV38,25,15,32,40
Streptomyces fildesensis,GW25-5,27,10,28,37
Streptomyces flavalbus,NEAU-QY24,28,12,28,40
Streptomyces fodineus,KCTC 49013T,35,10,30,45
Streptomyces fukangensis,EGI 80050,30,10,30,40
Streptomyces fuscichromogenes,m16T,20,15,28,35
Streptomyces fuscigenes,JBL-20T,33,4,28,37
Streptomyces fuscigenes,JBL-20,26,4,28,30
Streptomyces fuscus,GXMU-J15T,30,20,35,50
Streptomyces gamaensis,NEAU-Gz11,22,18,28,40
Streptomyces geranii,CGMCC 4,27,10,28,37
Streptomyces gilvigriseus,MUSC 26,16,20,28,36
Streptomyces glycovorans,YIM M 10366,33,12,28,45
Streptomyces graminifolii,JL-22T,33,4,28,37
Streptomyces graminilatus,JL-6,13,15,28,28
Streptomyces graminisoli,JR-19,20,25,28,45
Streptomyces guanduensis,,17,20,28,37
Streptomyces gulbargensis,DAS 131,17,28,39,45
Streptomyces guryensis,KCTC 49653T,30,10,30,40
Streptomyces haliclonae,NBRC 105049T,22,15,25,37
Streptomyces halophytocola,KLBMP 1284,22,15,28,37
Streptomyces harbinensis,NEAU-Da3T,22,18,30,40
Streptomyces harenosi,PRKS01-65T,35,10,28,45
Streptomyces heilongjiangensis,NEAU-W2T,25,15,30,40
Streptomyces herbaceus,,27,10,28,37
Streptomyces hokutonensis,R1-NS-10,32,5,30,37
Streptomyces humi,MUSC 119,16,24,28,40
Streptomyces hundungensis,MBRL 251,22,15,28,37
Streptomyces hyaluromycini,MB-PO13,27,10,28,37
Streptomyces hyderabadensis,OU-40T,17,20,28,37
Streptomyces iconiensis,BNT558T,17,28,28,45
Streptomyces incanus,,27,10,28,37
Streptomyces indiaensis,JCM 3053,30,14,28.5,44
Streptomyces indicus,IH32-1,33,4,28,37
Streptomyces indoligenes,TRM 43006,25,20,37,45
Streptomyces inhibens,CGMCC 4,22,15,28,37
Streptomyces inusitatus,T-41575,17,15,29,32
Streptomyces inusitatus,T-41575 (=IFO 13601),17,15,28,32
Streptomyces iranensis,HM 35,24,13,28,37
Streptomyces jietaisiensis,FXJ46,30,10,28,40
Streptomyces jiujiangensis,JXJ 0074,35,10,28,45
Streptomyces kalpinensis,TRM 46509,17,20,28,37
Streptomyces karpasiensis,K413,12,25,28,37
Streptomyces klenkii,S2704,17,28,28,45
Streptomyces kronopolitis,NEAU-ML8,26,12,28,38
Streptomyces lacrimifluminis,Z1027T,33,4,30,37
Streptomyces lacrimifluminis,Z1027,20,20,30,40
Streptomyces lactacystinicus,OM-6519,22,15,18,37
Streptomyces lannensis,JCM 16578T,20,15,30,35
Streptomyces lasiicapitis,3H-HV17(2)T,28,10,28,38
Streptomyces leeuwenhoekii,C34,46,4,30,50
Streptomyces lichenis,KCTC 39908T,20,20,30,40
Streptomyces litoralis,TRM 46515,26,16,28,42
Streptomyces lopnurensis,TRM 49590,15,23,37,38
Streptomyces lunaelactis,MM109,20,10,18,30
Streptomyces luteus,TRM 45540,24,16,37,40
Streptomyces lycii,TRM 66187T,29,16,37,45
Streptomyces malaysiense,MUSC 136,14,26,28,40
Streptomyces manganisoli,MK44T,30,10,28,40
Streptomyces mangrovi,HA11110,30,15,37,45
Streptomyces mangrovicola,GY1,35,10,28,45
Streptomyces mangrovisoli,MUSC 149,12,24,28,36
Streptomyces manipurensis,MBRL 201,22,15,28,37
Streptomyces maoxianensis,NEAU-Spg16,30,10,28,40
Streptomyces marinus,,10,20,26.5,30
Streptomyces marinus,Sp080513GE-26,10,20,25,30
Streptomyces marispadix,CECT 30365T,22,15,30,37
Streptomyces marokkonensis,Ap1T,25,15,29,40
Streptomyces marokkonensis,Ap1,25,15,28,40
Streptomyces mayteni,YIM 60475,14,18,28,32
Streptomyces meridianus,MTZ3.1T,22,15,25,37
Streptomyces mimosae,JCM 33328T,17,20,30,37
Streptomyces montanus,CGMCC 4,27,10,28,37
Streptomyces monticola,NEAU-GS4,27,10,28,37
Streptomyces muensis,MBRL 179,9,28,28,37
Streptomyces nanhaiensis,SCSIO 01248,35,10,28,45
Streptomyces nanshensis,SCSIO 01066,27,10,28,37
Streptomyces okerensis,DSM 116494T,27,10,28,37
Streptomyces olivicoloratus,KACC 18227T,30,15,28,45
Streptomyces oryzae,S16-07,29,14,23,43
Streptomyces oryziradicis,DSM 107943T,17,15,28,32
Streptomyces osmaniensis,OU-63T,25,15,28,40
Streptomyces ovatisporus,S4702T,9,28,28,37
Streptomyces palmae,CMU-AB204T,30,15,32.5,45
Streptomyces palmae,CMU-AB204,30,15,30,45
Streptomyces paludis,CICC 11051T,29,4,28,33
Streptomyces panacagri,Gsoil 519T,41,4,30,45
Streptomyces panaciradicis,1MR-8T,27,10,28,37
Streptomyces paucisporeus,,17,20,28,37
Streptomyces phaeolivaceus,CICC 24807T,26,10,28,36
Streptomyces pharmamarensis,PM267T,10,20,28,30
Streptomyces phytohabitans,KLBMP 4601,41,4,28,45
Streptomyces pini,PL19T,41,4,30,45
Streptomyces pini,PL19,20,25,30,45
Streptomyces plumbiresistens,CCNWHX 13-160T,35,10,28,45
Streptomyces pluripotens,MUSC 135,34,4,30,56
Streptomyces polyantibioticus,SPRT,26,4,30,30
Streptomyces polygonati,NEAU-G9T,17,15,28,32
Streptomyces polygonati,NEAU-G9,16,24,28,40
Streptomyces polymachus,T258T,30,10,28,40
Streptomyces polymachus,T258,30,10,28,40
Streptomyces polyrhachis,NEAU-ycm1,21,16,28,37
Streptomyces pratens,,27,10,28,37
Streptomyces qinglanensis,172205T,33,4,28,37
Streptomyces qinglanensis,172205,22,15,28,37
Streptomyces qinzhouensis,CICC 11054T,20,15,30,35
Streptomyces radiopugnans,R97T,30,20,28,50
Streptomyces rhizophilus,JR-41,12,25,28,37
Streptomyces rhizosphaerihabitans,JR-35,33,4,28,37
Streptomyces roietensis,WES2T,30,15,37,45
Streptomyces roietensis,WES2,30,15,27,45
Streptomyces roseicoloratus,TRM 44457T,37,8,25,45
Streptomyces rubidus,,17,20,28,37
Streptomyces rubrisoli,FXJ1.526,29,21,27.5,50
Streptomyces rubrisoli,FXJ1.725,29,21,25,50
Streptomyces salilacus,TRM 41337,25,25,28,50
Streptomyces sannanensis,KC-7038,20,17,30.5,37
Streptomyces sanyensis,219820T,30,10,28,40
Streptomyces sasae,JR-39,33,4,28,37
Streptomyces scabrisporus,KM-4927T,18,10,25,28
Streptomyces scopiformis,A25T,25,20,28,45
Streptomyces scopuliridis,RB72T,22,15,25,37
Streptomyces sedi,YIM 65188,22,15,28,37
Streptomyces shaanxiensis,CCNWHQ 0031T,17,20,28,37
Streptomyces shenzhenensis,172115,30,15,28,45
Streptomyces smaragdinus,RB5T,30,15,28,45
Streptomyces smyrnaeus,,17,28,28,45
Streptomyces solisilvae,HNM0141T,20,20,28,40
Streptomyces spitsbergensis,PCM 2404T,27,10,25,37
Streptomyces spongiae,Sp080513SC-24,25,15,25,40
Streptomyces spongiicola,HNM0071,20,20,28,40
Streptomyces staurosporininus,BK179T,20,10,28,30
Streptomyces stramineus,NRRL 12292,32,10,28,42
Streptomyces sulfonofaciens,ATCC 31892,27,15,27,42
Streptomyces sulfonofaciens,SF乚2103,27,15,27,42
Streptomyces sundarbansensis,MS1/7T,10,25,30,35
Streptomyces synnematoformans,S155T,27,10,28,37
Streptomyces tailanensis,KCTC 49274T,29,16,28,45
Streptomyces tateyamensis,NBRC 105048T,22,15,30,37
Streptomyces tateyamensis,Sp080513SC-30,22,15,25,37
Streptomyces thermoalcalitolerans,TA56,30,25,45,55
Streptomyces thermoautotrophicus,UBT1,60,10,65,70
Streptomyces thermocarboxydovorans,AT50,35,20,45,55
Streptomyces thermocarboxydus,,35,20,45,55
Streptomyces thermocoprophilus,B19T,30,20,45,50
Streptomyces tremellae,Js-1T,25,15,29,40
Streptomyces triticagri,CGMCC 4,30,10,28,40
Streptomyces tritici,NEAU-A4T,22,18,28,40
Streptomyces triticirhizae,DSM 107172T,30,15,28,45
Streptomyces triticisoli,DSM 105118T,30,10,28,40
Streptomyces tsukubensis,SD504,20,15,28,35
Streptomyces tunisialbus,S2,17,20,28,37
Streptomyces tunisiensis,CN-207,17,20,28,37
Streptomyces tyrosinilyticus,NEAU-Jh3-20T,22,15,28,37
Streptomyces urticae,NEAU-PCY-1,27,10,28,37
Streptomyces venetus,JCM 31290T,25,15,40,40
Streptomyces verrucosisporus,JCM 18519T,25,20,30,45
Streptomyces viridis,,27,10,30,37
Streptomyces vitaminophilus,SF2080,30,15,25,45
Streptomyces vulcanius,NEAU-C3,22,15,28,37
Streptomyces wuyuanensis,FX61T,25,15,28,40
Streptomyces xiamenensis,MCCC 1A01550,22,15,28,37
Streptomyces xiangluensis,NEAU-LA29,20,20,28,40
Streptomyces xiaopingdaonensis,DUT 180,17,20,28,37
Streptomyces xinghaiensis,S187T,35,10,28,45
Streptomyces xishensis,YIM M 10378,9,28,28,37
Streptomyces xylanilyticus,KCTC 39909T,17,20,30,37
Streptomyces yaanensis,Z4T,30,15,28,45
Streptomyces yanglinensis,CGMCC 4,17,20,28,37
Streptomyces yangpuensis,fd2-tbT,30,10,29,40
Streptomyces yanii,80-133T,17,18,30,35
Streptomyces yunnanensis,YIM 41004,5,25,28,30
Streptomyces zagrosensis,HM 1154T,30,10,28,40
Streptomyces zhaozhouensis,NEAU-LZS-5T,19,16,28,35
Streptomyces zhihengii,YIM T102,30,10,25,40
Streptomyces zinciresistens,CCNWNQ 0016,17,20,28,37
Streptomyces ziwulingensis,F22T,17,20,28,37
Streptomyes spongiicola,HNM0071T,20,20,28,40
Streptosporangium algeriense,169,30,15,30,45
Streptosporangium anatoliense,N9999,17,20,28,37
Streptosporangium becharense,SG1,22,20,25,42
Streptosporangium carneum,A84575 (= NRRL 18437),17,20,30,37
Streptosporangium jiaoheense,NEAU-Jh1-4T,27,10,28,37
Streptosporangium jomthongense,NBRC 110047T,30,12,40,42
Streptosporangium jomthongense,30EHS,30,12,18,42
Streptosporangium lutulentum,NEAU-ML10,20,15,28,35
Streptosporangium nanhuense,NEAU-NH11,17,18,28,35
Streptosporangium oxazolinicum,K07-0460,23,13,21,36
Streptosporangium saharense,SG20,22,20,25,42
Streptosporangium sandarakinum,GW-12028,16,20,28,36
Streptosporangium shengliense,NEAU-GH7,19,16,28,35
Streptosporangium sonchi,NEAU-QS7,22,10,28,32
Streptosporangium subfuscum,NEAU-TWSJ13,30,15,28,45
Streptosporangium subroseum,CY-7113,32,10,30,42
Streptosporangium taraxaci,NEAU-Wp2-0,27,10,28,37
Streptosporangium terrae,VRC21,25,10,30,35
Streptosporangium violaceochromogenes,ATCC 21807,15,25,30,40
Streptosporangium yunnanense,,32,10,30,42
Strictly anaerobic,WN011T,25,15,37,40
Strictly anaerobic,JCM 31555T,25,10,30,35
Stygiolobus azoricus,FC6,32,57,80,89
Subsaxibacter arcticus,SM1214,20,10,25,30
Subsaxibacter broadyi,,24,1,15,25
Subsaxibacter broadyi,P7,22,-2,1,20
Subsaxibacter sediminis,ARC111T,15,5,15,20
Subsaximicrobium saxinquilinus,,24,1,15,25
Subsaximicrobium saxinquilinus,Y4-5,27,-2,1,25
Subsaximicrobium wynnwilliamsii,G#7,24,1,15,25
Substrate utilized,"of Xinfangfangia soli , 95",12,20,28,32
Substrates were,DSM 11002,25,20,42,45
Subtercola boreus,K300T,30,-2,16,28
Subtercola boreus,K300,26,2,15,28
Subtercola frigoramans,,30,-2,16,28
Subtercola frigoramans,K265,30,-2,15,28
Subtercola lobariae,9583bT,24,4,20,28
Subtercola vilae,DB165,23,5,10,28
Succinatimonas hippei,YIT 12066,15,30,35,45
Succiniclasticum ruminis,SE 10,23,22,39,45
Suicoccus acidiformans,DSM 105755T,43,4,37,47
Sulfitobacter aestuarii,KCTC 32982T,27,10,30,37
Sulfitobacter brevis,,23,3,20,26
Sulfitobacter brevis,EL-162,29,3,3,32
Sulfitobacter delicatus,KMM 3584,25,12,25,37
Sulfitobacter donghicola,DSW-25T,21,10,25,31
Sulfitobacter dubius,KMM 3554,20,10,25,30
Sulfitobacter faviae,JCM 31093T,30,10,30,40
Sulfitobacter faviae,S5-53,30,10,25,40
Sulfitobacter geojensis,,41,4,25,45
Sulfitobacter geojensis,MM-124,26,4,25,30
Sulfitobacter guttiformis,EL-38,28,4,12,32
Sulfitobacter indolifex,DSM 14862T,20,10,25,30
Sulfitobacter indolifex,HEL-45,15,15,25,30
Sulfitobacter litoralis,KCTC 12521T,26,4,20,30
Sulfitobacter marinus,KCTC 12738T,31,4,30,35
Sulfitobacter marinus,SW-265,31,4,17,35
Sulfitobacter mediterraneus,CH-B427,31,4,17,35
Sulfitobacter noctilucae,,33.5,4,25,45
Sulfitobacter noctilucae,NB-68,26,4,30,30
Sulfitobacter noctilucicola,,41,4,25,45
Sulfitobacter noctilucicola,NB-77,26,4,25,30
Sulfitobacter pacificus,SCM-1(,25,5,25,30
Sulfitobacter porphyrae,SCM-1T,35,5,30,40
Sulfitobacter porphyrae,SCM-1,30,5,30,35
Sulfitobacter profundi,SAORIC-263,33,4,30,37
Sulfitobacter pseudonitzschiae,H3,27,10,28,37
Sulfitobacter salinus,KMU-143,27,10,25,37
Sulfitobacter sediminis,MJW-29T,15,25,30,40
Sulfitobacter undariae,W-BA2,26,4,25,30
Sulfobacillus benefaciens,BRGM2,17,30,38,47
Sulfobacillus disulfidooxidans,SD-11,36,4,35,40
Sulfobacillus thermosulfidooxidans,AT-1,40,20,50,60
Sulfobacillus thermotolerans,Kr1T,40,20,40,60
Sulfodiicoccus acidiphilus,HS-1T,20,50,67.5,70
Sulfodiicoccus acidiphilus,HS-1,20,50,65,70
Sulfolobus acidocaldarius,NBRC 15157,30,55,72.5,85
Sulfolobus hakonensis,DSM 639T,30,50,70,80
Sulfolobus metallicus,Kra 23,25,50,65,75
Sulfolobus tengchongensis,RT8-4,30,65,85,95
Sulfolobus yangmingensis,YM1,30,65,80,95
Sulfolobus yangmingensis,YM1T,25,65,80,90
Sulfophobococcus zilligii,K1,25,70,87,95
Sulfuracidifex tepidarius,JCM 16833T,24,45,65,69
Sulfuricaulis limicola,HA5T,29,8,30,37
Sulfuricaulis limicola,HA5,29,8,28,37
Sulfuricurvum kujiense,YK-1T,25,10,25,35
Sulfuriferula multivorans,TTN T,24,8,23.5,32
Sulfuriferula multivorans,TTN,24,8,22,32
Sulfuriferula nivalis,DSM 109609T,23,5,18,28
Sulfuriferula thiophila,mst6T,29,5,32,34
Sulfuriflexus mobilis,aks1T,29,5,31,34
Sulfuriflexus mobilis,aks1,29,5,30,34
Sulfurifustis variabilis,skN76T,18,28,43.5,46
Sulfurifustis variabilis,skN76,18,28,42,46
Sulfurihydrogenibium azorense,Az-Fu1T,23,50,68,73
Sulfurihydrogenibium kristjanssonii,I6628T,33,40,68,73
Sulfurihydrogenibium rodmanii,DSM 19533T,25,55,75,80
Sulfurihydrogenibium subterraneum,HGMK1T,30,40,65,70
Sulfurihydrogenibium subterraneum,HGMK1,30,40,60,70
Sulfurihydrogenibium yellowstonense,JCM 12773T,23,55,70,78
Sulfurimonas autotrophica,OK10T,30,10,25,40
Sulfurimonas crateris,DSM 109248T,35,5,30,40
Sulfurimonas gotlandica,GD1,16,4,15,20
Sulfurimonas hongkongensis,AST-10,20,15,30,35
Sulfurimonas paralvinellae,JCM 13212T,31,4,30,35
Sulfurirhabdus autotrophica,BiS0T,32,0,22,32
Sulfurisoma sediminicola,BSN1,26,8,31,34
Sulfurisoma sediminicola,DSM 26916T,26,8,30,34
Sulfurisphaera javensis,KD-1,30,60,82.5,90
Sulfurisphaera javensis,JCM 32117T,30,60,80,90
Sulfurisphaera ohwakuensis,TA-1T,29,63,85,92
Sulfurisphaera ohwakuensis,TA-1,29,63,84,92
Sulfurisphaera tokodaii,JCM 10545T,36,60,80,96
Sulfurisphaera tokodaii,7,15,70,80,85
Sulfuritalea hydrogenivorans,sk43HT,24,8,25,32
Sulfuritortus calidifontis,DSM 103923T,33,15,45,48
Sulfurivermis fontis,JG42T,25,25,45,50
Sulfurivermis fontis,JG42,25,25,42,50
Sulfurivirga caldicuralii,JCM 13439T,30,30,50,60
Sulfurospirillum arcachonense,F1F6,22,8,26,30
Sulfurospirillum cavolei,Phe91,20,20,30,40
Sulfurospirillum multivorans,DSM 12446,18,15,30,33
Sulfurovum aggregans,JCM 19824T,22,15,33,37
Sulfurovum denitrificans,NBRC 102602T,25,10,30,35
Sulfurovum lithotrophicum,42BKTT,30,10,29,40
Sulfurovum lithotrophicum,42BKT,30,10,28,40
Sulfurovum mangrovi,ST1-3T,41,4,35,45
Sulfurovum riftiae,DSM 101780T,20,25,35,45
Suljurospirillum arcachonense,F1F6 (DSMZ 9755),22,8,26,30
Sungkyunkwania multivorans,PDB-16T,27,10,30,37
Sunxiuqinia dokdonensis,DH1,12,25,30,37
Sunxiuqinia elliptica,CGMCC 1,27,15,30,42
Sunxiuqinia faeciviva,JAM-BA0302T,33,4,30,37
Sunxiuqinia indica,KCTC 62805T,32,5,30,37
Sunxiuqinia rutila,HG677,30,10,28,40
Superficieibacter electus,BP-1,17,25,35,42
Surface colonies,JCM 16476T,25,15,35,40
Sutterella megalosphaeroides,JCM 32470T,25,20,37,45
Swionibacillus sediminis,BW11-2T,30,15,30,45
Symbiobacterium ostreiconchae,DSM 27624T,25,40,55,65
Symbiobacterium ostreiconchae,KY38,15,50,55,65
Symbiobacterium terraclitae,KA13,20,40,55,60
Symbiobacterium thermophilum,T,20,45,60,65
Symbiobacterium turbinis,KY46,10,55,60,65
Syntrophobacter fumaroxidans,MPOBT,20,20,37,40
Syntrophobacter sulfatireducens,TB8106,28,20,37,48
Syntrophobotulus glycolicus,FlGlyR,22,15,28,37
Syntrophococcus sucromutans,S195,14,30,35,44
Syntrophomonas cellicola,19J-3,20,25,37,45
Syntrophomonas cellicola,CGMCC 1,20,25,37,45
Syntrophomonas curvata,GB8-1T,22,20,35,42
Syntrophomonas erecta,GB4-38T,22,25,37,47
Syntrophomonas erecta,GB4-38,22,25,37,47
Syntrophomonas palmitatica,MPAT,20,30,37,50
Syntrophorhabdus aromaticivorans,UI,12,25,35,37
Syntrophothermus lipocalidus,TGB-C1,15,45,55,60
Syntrophus aciditrophicus,SB,17,25,35,42
Tabrizicola alkalilacus,CICC 24242T,22,15,30,37
Tabrizicola fusiformis,SY72,25,15,30,40
Tabrizicola piscis,K13M18T,22,15,30,37
Tabrizicola sediminis,CGMCC 1,31,4,20,35
Taeania maliponensis,MM-8T,33,4,30,37
Taeseokella kangwonensis,HME8275,33,4,25,37
Tagaea marina,TT1,22,20,30,42
Tahibacter caeni,BUT-6,20,15,30,35
Taibaiella chishuiensis,AY17T,23,10,20,33
Taibaiella coffeisoli,TZCO2T,25,10,30,35
Taibaiella helva,KCTC 62442T,15,20,30,35
Taibaiella koreensis,THG-DT86,25,10,25,35
Taibaiella smilacinae,PTJT-5,26,7,25,33
Taibaiella soli,T1-10T,27,10,30,37
Taibaiella yonginensis,THG-SC4,12,18,28,30
Taken together,Cd-10T,12,20,28,32
Taking into,3753OT,18,42,50,60
Tamaricihabitans halophyticus,KLBMP 1356,34,4,28,45
Tamaricihabitans halophyticus,KLBMP 1356T,27,10,28,37
Tamilnaduibacter salinus,Mi-7T,25,20,30,45
Tamlana agarivorans,JW-26T,28,10,30,38
Tamlana carrageenivorans,KCTC 62451T,33,4,30,37
Tamlana crocina,HST1-43,17,20,25,37
Tamlana fucoidanivorans,CW2-9T,25,15,30,40
Tamlana laminarinivorans,KCTC 92183T,25,15,30,40
Tamlana nanhaiensis,FHC16,22,15,25,37
Tamlana sargassicola,KCTC 92182T,25,15,30,40
Tamlana sedimenti,KCTC 102108T,25,15,33,40
Tamlana sedimentorum,KMM 9545T,31,5,28,36
Tamlana sedimentorum,SZ-1-7T,25,15,33,40
Tamlicoccus marinus,MSW-24T,33,4,30,37
Tangfeifania diversioriginum,G22T,15,25,34,40
Tangfeifania diversioriginum,G22,15,25,33,40
Tanticharoenia aidae,VTH-Ai06,22,10,20,32
Taonella mepensis,H1T,15,25,37,40
Taphrina gei-montani,CCY 058-007-001T,10,20,25,30
Tardiphaga robiniae,LMG 26466,18,15,28,33
Tateyamaria pelophila,DSM 17270T,31,4,25,35
Tatumella citrea,LMG 22049T,40,4,28,44
Tautonia sociabilis,GM2012T,9,37,42,46
Taylorella asinigenitalis,UCD-1T,18,24,37,42
Telluria chitinolytica,ACM 3522T,25,20,32.5,45
Telluria chitinolytica,ACM 3522,25,20,30,45
Telluria mixta,ACM 1762,25,20,30,45
Telluribacter humicola,PTR3,32,10,30,42
Tellurimicrobium multivorans,Ac_18_E7,28.5,14,34,42.5
Tellurirhabdus rosea,U15,38,10,30,48
Telmatobacter bradus,DSM 23630T,31,4,20,35
Telmatocola sphagniphila,Sp2,24,6,20,30
Telmatospirillum siberiense,26-4b1,26,4,25,30
Temperatibacter marinus,5-11T,10,20,25,30
Temperatibacter marinus,5寧11擔,10,20,22,30
Tenacibaculum adriaticum,DSM 18961T,48,2,18,50
Tenacibaculum adriaticum,B390,29,5,18,34
Tenacibaculum aestuarii,SMK-4,32,9,30,41
Tenacibaculum aestuarii,KCTC 12569T,41,4,30,45
Tenacibaculum aestuariivivum,JDTF-79,24,4,25,28
Tenacibaculum agarivorans,HZ1T,22,15,28,37
Tenacibaculum aiptasiae,BCRC 17655T,32,8,35,40
Tenacibaculum aiptasiae,a4,32,8,30,40
Tenacibaculum amylolyticum,CIP 107214,16,19,30,35
Tenacibaculum ascidiaceicola,RSS1-6,30,10,30,40
Tenacibaculum caenipelagi,HJ-26M,27,10,25,37
Tenacibaculum crassostreae,JO-1,22,15,30,37
Tenacibaculum dicentrarchi,35/09T,26,4,22,30
Tenacibaculum discolor,NCIMB 14278T,24,14,25,38
Tenacibaculum gallaicum,NCIMB 14147T,24,14,25,38
Tenacibaculum geojense,YCS-6,25,15,30,40
Tenacibaculum haliotis,RA3-2,15,10,20,25
Tenacibaculum halocynthiae,P-R2A1-2,26,4,25,30
Tenacibaculum holothuriorum,S2-2T,21,15,28.5,36
Tenacibaculum holothuriorum,S2-2,21,15,25,36
Tenacibaculum insulae,JDTF-31,26,4,10,30
Tenacibaculum jejuense,CNURIC013,20,15,25,35
Tenacibaculum litopenaei,BCRC 17590T,29,10,37,39
Tenacibaculum litopenaei,B-I,29,10,28,39
Tenacibaculum litoreum,CL-TF13T,35,5,35,40
Tenacibaculum lutimaris,TF-26T,29,10,33.5,39
Tenacibaculum lutimaris,TF-26,29,10,30,39
Tenacibaculum maritimum,R2,19,15,30,34
Tenacibaculum mesophilum,CIP107215,34,15,28,49
Tenacibaculum sediminilitoris,YKTF-3,33,4,30,37
Tenacibaculum skagerrakense,DSM 14836T,30,10,25,40
Tenacibaculum soleae,LL04 12.1.7T,16,14,22,30
Tenacibaculum tangerinum,GRR-S3-23T,22,18,30,40
Tenacibaculum todarodis,LPB0136,31,4,25,35
Tenacibaculum xiamenense,WJ-1,22,16,29,38
Tenacibaculum xiamenense,WJ-1T,22,16,28,38
Tenggerimyces flavus,S6R2A4-9,25,10,25,35
Tenggerimyces mesophilus,I12A-02601,27,10,29,37
Tengunoibacter tsumagoiensis,NBRC 113152T,17,20,20,37
Tenuibacillus halotolerans,YIM 94025,20,25,37,45
Tenuibacillus multivorans,1月28日,21,21,38.5,42
Tenuibacillus multivorans,1寧28擔,21,21,36,42
Tepidamorphus gemmatus,CB-27A,30,25,45,55
Tepidanaerobacter syntrophicus,JCM 12098T,31,45,63,76
Tepidanaerobacter syntrophicus,JL,35,25,45,60
Tepidibacillus decaturensis,Z9T,40,20,35,60
Tepidibacillus decaturensis,Z9,40,20,30,60
Tepidibacillus fermentans,STGH,29,36,50,65
Tepidibacillus infernus,MBL-TLP,33,25,50,58
Tepidibacter formicigenes,DV1184,20,35,45,55
Tepidibacter hydrothermalis,SWIR-1T,30,15,30,45
Tepidibacter mesophilus,B1T,30,10,30,40
Tepidibacter mesophilus,B1,30,10,28,40
Tepidibacter thalassicus,SC 562,27,33,50,60
Tepidicaulis marinus,MA2T,32,16,42,48
Tepidicella baoligensis,B18-50,40,20,45,60
Tepidicella xavieri,TU-16T,30,25,45,55
Tepidiforma bonchosmolovskayae,3753OT,18,42,54,60
Tepidiforma bonchosmolovskayae,3753O,18,42,50,60
Tepidiformia classis,3753OT,18,42,50,60
Tepidimicrobium ferriphilum,DSM 16624T,36,26,50,62
Tepidimicrobium xylanilyticum,CGMCC 1,42,25,60,67
Tepidimonas alkaliphilus,YIM 72238,18,37,45,55
Tepidimonas fonticaldi,AT-A2,25,35,55,60
Tepidimonas ignava,SPS-1037,30,35,50,65
Tepidimonas sediminis,YIM 72259,15,45,45,60
Tepidimonas taiwanensis,I1-1,25,35,55,60
Tepidimonas thermarum,AA-1,35,25,50,60
Tepidiphilus margaritifer,N2-214T,36,25,50,61
Tepidiphilus olei,CGMCC 1,25,35,50,60
Tepidiphilus succinatimandens,4BON,25,35,55,60
Tepidiphilus thermophilus,JHK30,30,30,50,60
Tepidisphaera mucosa,2842,36,20,48.5,56
Tepidisphaera mucosa,JCM 19875T,36,20,47,56
Terasakiella brassicae,KCTC 42652T,36,4,37,40
Terasakiella brassicae,B3,36,4,32,40
Terasakiella salincola,KMU-80,30,10,25,40
Teredinibacter turnerae,T7902,15,20,30,35
Teredinibacter waterburyi,Bs02T,20,10,20,30
Terrabacter aeriphilus,5414T-18T,30,5,30,35
Terrabacter aerolatus,5516J-36,30,5,30,35
Terrabacter carboxydivorans,PY2T,25,15,30,40
Terrabacter ginsengisoli,Gsoil 653,19,18,30,37
Terrabacter koreensis,THG-e54,10,20,28,30
Terrabacter terrigena,ON10T,27,10,30,37
Terrabacter tumescens,NCIB 8914,25,10,27.5,35
Terracidiphilus gabretensis,S55,18,12,20,30
Terracoccus luteus,,22,15,28,37
Terribacillus aidingensis,YI7-61,44,4,30,48
Terribacillus goriensis,CL-GR16,28,15,30,43
Terricaulis silvestris,DSM 104635T,20,10,27,30
Terriglobus albidus,DSM 26559T,32.4,10.1,28.6,42.5
Terriglobus albidus,Ac_26_B10,33,10,29,43
Terriglobus aquaticus,03SUJ4,15,15,25,30
Terriglobus saanensis,SP1PR4,26,4,25,30
Terriglobus tenax,DRP 35,30,15,30,45
Terrilactibacillus tamarindi,LMG 31662T,25,20,30,45
Terrimicrobium sacchariphilum,NM-5T,20,20,37,40
Terrimonas aquatica,RIB1-6,27,10,30,37
Terrimonas arctica,R9-86T,24,4,25,28
Terrimonas arctica,R9-86,24,4,22,28
Terrimonas crocea,M1-33108,26,4,28,30
Terrimonas ferruginea,ATCC 13524T,27,10,25,37
Terrimonas lutea,DY,27,10,25,37
Terrimonas pekingensis,QHT,27,10,30,37
Terrimonas rhizosphaerae,CR94,27,10,28,37
Terrimonas rubra,M-8,17,20,30,37
Terrimonas soli,FL-8T,27,10,30,37
Terrimonas suqianensis,C3-5,27,10,30,37
Terrimonas terrae,T16R-129T,25,15,28,40
Terrisporobacter petrolearius,LAM0A37T,30,15,40,45
Tersicoccus mangrovi,MR15.9T,33,4,30,37
Tersicoccus phoenicis,1P05MA,36,4,30,40
Tersicoccus solisilvae,36AT,39,16,37,55
Tessaracoccus antarcticus,JDX10T,36,4,28,40
Tessaracoccus aquimaris,NSG39T,22,15,30,37
Tessaracoccus arenae,CAU 1319,17,20,30,37
Tessaracoccus bendigoensis,ACM 5119T,17,20,25,37
Tessaracoccus caeni,HF-7T,22,20,28,42
Tessaracoccus flavescens,SST-39T,10,20,30,30
Tessaracoccus flavus,RP1,41,4,28,45
Tessaracoccus flavus,DSM 100159T,30,15,28,45
Tessaracoccus lapidicaptus,CECT 8385T,25,15,37,40
Tessaracoccus lubricantis,KSS-17SeT,21,15,25,36
Tessaracoccus massiliensis,SIT-7,20,25,37,45
Tessaracoccus oleiagri,SL014B-20A1,46,4,28,50
Tessaracoccus profundi,CB31,35,10,35,45
Tessaracoccus rhinocerotis,YIM 101269,25,10,28,35
Tessaracoccus terricola,Brt-A,25,15,25,40
Testudinibacter aquarius,ELNT2xT,22,20,37,42
Testudinimyces gracilis,T130AT,25,20,30,45
Tetragenococcus halophilus,,15,15,30,30
Tetragenococcus koreensis,KCTC 3924T,15,15,30,30
Tetragenococcus koreensis,JS,33,4,30,37
Tetragenococcus osmophilus,T1,15,15,30,30
Tetrasphaera australiensis,Ben 109,22,15,25,37
Tetrasphaera duodecadis,IAM 14868,12,20,25,32
Tetrasphaera elongata,Lp2,15,20,25,35
Tetrasphaera japonica,T1-X7,17,20,25,37
Tetrasphaera remsis,CIP 109413T,30,15,25,45
Tetrathiobacter kashmirensis,WT001T,32,10,30,42
Teunia rosae,CGMCC 2,18,8,23,26
Texcoconibacillus texcoconensis,13CCT,20,25,37,45
Thalassiella azotivora,DSD2,32,10,37,42
Thalassobacillus cyri,HS286T,40,5,40,45
Thalassobacillus devorans,G-19.1,30,15,37,45
Thalassobacillus hwangdonensis,AD-1,32,15,40,47
Thalassobacillus pellis,CECT 7566T,30,15,37,45
Thalassobacter arenae,KACC 12675T,30,5,30,35
Thalassobacter stenotrophicus,5SM22T,24,13,24,37
Thalassobacter stenotrophicus,5SM22,24,13,22,37
Thalassobaculum fulvum,HSF7,20,20,35,40
Thalassobaculum litoreum,CL-GR58T,25,10,30,35
Thalassobaculum litoreum,CL-GR58,25,10,30,35
Thalassobaculum salexigens,CZ41_10aT,22,15,30,37
Thalassobius activus,CECT 5113,11,15,26,26
Thalassobius autumnalis,CECT 5118,22,15,26,37
Thalassobius litorarius,MME-075T,15,20,25,35
Thalassobius maritimus,KCTC 23347T,27,10,30,37
Thalassococcus halodurans,UST050418-052,32,12,28,44
Thalassococcus lentus,YCS-24,15,15,25,30
Thalassococcus profundi,CGMCC 1,41,4,37,45
Thalassocola ureilytica,LS-861T,25,20,30,45
Thalassolituus marinus,IMCC1826T,33,4,22.5,37
Thalassolituus marinus,IMCC1826,27,15,25,42
Thalassolituus oleivorans,MIL-1T,26,4,20,30
Thalassolituus oleivorans,MIL-1,26,4,20,30
Thalassomonas actiniarum,,15,15,25,30
Thalassomonas actiniarum,A5K-106,15,15,25,30
Thalassomonas agarivorans,TMA1,22,15,25,37
Thalassomonas eurytherma,Za6a-12T,38,4,28,42
Thalassomonas ganghwensis,KCTC 12041T,25,15,35,40
Thalassomonas haliotis,,15,15,25,30
Thalassomonas haliotis,A5K-61,15,15,25,30
Thalassorhabdomicrobium marinisediminis,BH-SD16T,30,15,30,45
Thalassorhabdus alkalitolerans,G27,45,20,37,65
Thalassorhabdus aurantiaca,IP9,27,10,30,37
Thalassospira alkalitolerans,JCM 18968T,34,4,32,38
Thalassospira australica,NP3b2,36,4,37,40
Thalassospira indica,PB8B,31,10,28,41
Thalassospira lohafexi,139Z-12,33,4,25,37
Thalassospira marina,KCTC 62333T,30,10,28,40
Thalassospira mesophila,JCM 18969T,32,4,30,36
Thalassospira povalilytica,JCM 18746T,38,8,43,46
Thalassospira profundimaris,,39,4,22,55
Thalassospira profundimaris,WP0211,27,10,22,37
Thalassospira tepidiphila,1-1B^T,37,8,43,45
Thalassospira xiamenensis,M-5T,43.5,4,22,55
Thalassospira xiamenensis,M-5,36,4,22,40
Thalassospira xianhensis,P-4T,32,10,30,42
Thalassotalea agariperforans,M-M1,33,4,30,37
Thalassotalea agarivorans,TMA1,22,15,25,37
Thalassotalea atypica,RZG4-3-1,26,4,24,30
Thalassotalea coralli,BCRC 80967T,15,20,30,35
Thalassotalea coralli,Eup a-8,15,20,25,35
Thalassotalea crassostreae,LPB0090T,31,4,25,35
Thalassotalea crassostreae,LPB0090,15,15,25,30
Thalassotalea euphylliae,Eup-16T,17,20,25,37
Thalassotalea euphylliae,Eup-16,17,20,25,37
Thalassotalea eurytherma,Za6a-12,38,4,28,42
Thalassotalea fusca,G-MB1,35,10,25,45
Thalassotalea ganghwensis,JC2041,25,15,35,40
Thalassotalea insulae,JDTF-40,27,10,30,37
Thalassotalea litorea,HMF4135T,20,10,30,30
Thalassotalea mangrovi,KCTC 72399T,41,4,37,45
Thalassotalea marina,QBLM2T,25,15,30,40
Thalassotalea montiporae,CL-22,20,15,30,35
Thalassotalea piscium,T202T,33,4,28,37
Thalassotalea ponticola,GJSW-36,27,10,25,37
Thalassotalea profundi,YM155T,33,4,25,40
Thalassotalea profundi,YM155,36,4,25,40
Thalassotalea sediminis,N211,36,4,33,40
Thauera aminoaromatica,K172,36,4,28,40
Thauera humireducens,KACC 16524T,35,10,25,45
Thauera hydrothermalis,NBRC 112472T,18,37,45,55
Thauera lacus,KCTC 62586T,20,25,40,45
Thauera phenolivorans,ZV1C,22,15,30,37
Thauera phenylacetica,B4P,36,4,28,40
Thauera propionica,KNDSS-Mac4,33,12,37,45
Thauera selenatis,AXT,26,4,28,30
Thauera sinica,K11,39,4,30,43
Thermacetogenium phaeum,PB,25,40,58,65
Thermaerobacter composti,NI80,27,52,70,79
Thermaerobacter litoralis,KW1T,26,52,70,78
Thermaerobacter marianensis,JCM 10246T,30,50,74,80
Thermaerobacter nagasakiensis,Ts1a,26,52,70,78
Thermaerobacter subterraneus,C21,25,55,70,80
Thermalbibacter longus,CFH 74404T,45,20,55,65
Thermanaeromonas burensis,IA106T,15,55,65,70
Thermanaeromonas toyohensis,ToBE,18,55,70,73
Thermanaerovibrio acidaminovorans,DSM 6589T,18,40,55,58
Thermanaerovibrio acidaminovorans,Su883,18,40,50,58
Thermanaerovibrio velox,Z-9701,25,45,62.5,70
Thermasporomyces composti,I3T,27,35,52.5,62
Thermasporomyces composti,I3,27,35,50,62
Thermaurantimonas aggregans,JCM 31826T,35,25,50,60
Thermaurentimonas aggregans,JCM 31826T,35,25,50,60
Thermicanus aegyptius,ET-5b,28,37,55,65
Thermincola carboxydiphila,2204T,31,37,55,68
Thermincola ferriacetica,Z-0001,25,45,57,70
Thermithiobacillus plumbiphilus,wk12T,32,5,30,37
Thermithiobacillus plumbiphilus,wk12,32,5,28,37
Thermithiobacillus tepidarius,DSM 3134,32,20,43,52
Thermoactinomyces daqus,H-18,15,45,55,60
Thermoactinomyces guangxiensis,CD-1,18,37,47.5,55
Thermoactinomyces guangxiensis,CD-1T,18,37,50,55
Thermoactinomyces khenchelensis,T36,18,37,50,55
Thermoactinospora rubra,YIM 77501,32,28,45,60
Thermoanaerobacter acetoethylicus,HTB2,40,40,65,80
Thermoanaerobacter brockii,SEBR 5268,35,40,57.5,75
Thermoanaerobacter brockii,Thermoanaerobacter brockii,35,40,55,75
Thermoanaerobacter ethanolicus,JW200,41,37,69,78
Thermoanaerobacter italicus,Ab9,35,45,70,80
Thermoanaerobacter kivui,LKT-1,22,50,66,72
Thermoanaerobacter mathranii,A3,25,50,70,75
Thermoanaerobacter pentosaceus,DSM 25963T,35,45,70,80
Thermoanaerobacter pentosaceus,DTU01,30,50,70,80
Thermoanaerobacter siderophilus,DSM 12299T,39,39,69,78
Thermoanaerobacter sulfurigignens,JW/SL-NZ826T,38,34,65,72
Thermoanaerobacter sulfurigignens,JW/SL-NZ826,38,34,63,72
Thermoanaerobacter sulfurophilus,L-64,31,44,55,75
Thermoanaerobacter tengcongensis,MB4T,30,50,75,80
Thermoanaerobacter thermocopriae,JT3-3,27,47,60,74
Thermoanaerobacter uzonensis,DSM 18761T,36.5,32.5,61,69
Thermoanaerobacter uzonensis,JW/IW010,36,33,61,69
Thermoanaerobacter wiegelii,Rt8.BlT,40,38,65,78
Thermoanaerobacter wiegelii,Rt8.B1,40,38,65,78
Thermoanaerobacter yonseiensis,KB-1TP,35,50,75,85
Thermoanaerobacterium aciditolerans,761-119T,31,37,55,68
Thermoanaerobacterium aotearoense,JW/SL-NZ613T,31,35,61.5,66
Thermoanaerobacterium aotearoense,JW/SL-NZ613,31,35,60,66
Thermoanaerobacterium butyriciformans,USBA-019,30,35,50,65
Thermoanaerobacterium calidifontis,Rx1,30,38,50,68
Thermoanaerobacterium polysaccharolyticum,KMTHCJT,27,45,66.5,72
Thermoanaerobacterium saccharolyticum,B6A-RI,25,45,60,70
Thermoanaerobacterium thermosaccharolyticum,ATCC 7956,39,30,55,69
Thermoanaerobacterium thermostercoris,Buff,25,40,60,65
Thermoanaerobacterium thermosulfurigenes,4BT,40,35,60,75
Thermoanaerobacterium xylanolyticum,LX-11T,25,45,60,70
Thermoanaerobacterium zeae,,27,45,65,72
Thermoanaerobacterium zeae,DSM 13642T,27,45,65,72
Thermoanaerobaculum aquaticum,MP-01T,15,50,60,65
Thermobacillus composti,DSM 18247T,29,32,50,61
Thermobacteroides proteolyticus,ATCC 35242,40,35,63,75
Thermobifida alba,CIP 105591,30,20,40,50
Thermobifida halotolerans,YIM 90462,30,20,45,50
Thermobrachium celere,JW/YL-NZ35,32,43,66,75
Thermocatellispora soli,TBRC 7649T,20,25,40,45
Thermocatellispora tengchongensis,YIM 77521,30,28,47.5,58
Thermocatellispora tengchongensis,DSM 45615T,30,28,45,58
Thermochromatium tepidum,MC,23,34,48,57
Thermocladium modestius,IC-125T,37,45,75,82
Thermococcoides shengliensis,2SM-2T,30,45,65,75
Thermococcus acidaminovorans,AEDII10,37,56,85,93
Thermococcus aegaeicus,P5T,45,50,89,95
Thermococcus aegaeus,P5,45,50,88,95
Thermococcus aggregans,DSM 10597T,34,60,88,94
Thermococcus alcaliphilus,AEDII12,34,56,85,90
Thermococcus argininiproducens,KCTC 25190T,25,60,80,85
Thermococcus atlanticus,MA898,25,70,85,95
Thermococcus barophilus,MPT,52,48,85,100
Thermococcus barophilus,MP,47,48,85,95
Thermococcus barossii,SHCK-94,32,60,82.5,92
Thermococcus celericrescens,TS2,35,50,80,85
Thermococcus chitonophagus,GC74,33,60,85,93
Thermococcus cleftensis,DSM 27260T,39,55,88,94
Thermococcus coalescens,TS1T,33,57,87,90
Thermococcus eurythermalis,A501T,50,50,85,100
Thermococcus fumicolans,ST557,30,73,85,103
Thermococcus gammatolerans,EJ3T,40,55,88,95
Thermococcus gorgonarius,W-12,27,68,80,95
Thermococcus guaymasensis,TYS,34,56,88,90
Thermococcus hydrothermalis,AL662,45,55,85,100
Thermococcus kodakarensis,KOD1,40,60,85,100
Thermococcus litoralis,NS-C,43,55,85,98
Thermococcus marinus,EJ1,40,55,88,95
Thermococcus nautili,1月30日,40,55,87.5,95
Thermococcus onnurineus,NA1,27,63,80,90
Thermococcus pacificus,P-4,25,70,80,95
Thermococcus paralvinellae,DSM 27261T,41,50,82,91
Thermococcus peptonophilus,OG-1,40,60,85,100
Thermococcus piezophilus,CDGS,35,60,75,95
Thermococcus prieurii,Bio-pl-0405IT2,35,60,80,95
Thermococcus profundus,DT5432,40,50,80,90
Thermococcus radiotolerans,EJ2,40,55,88,95
Thermococcus sibiricus,MM739,48,40,78,88
Thermococcus siculi,RG-20,43,50,85,93
Thermococcus stetteri,K-3,39,55,75,94
Thermococcus thermotolerans,JCM 39367T,34,60,85,94
Thermococcus thioreducens,JCM 12859T,39,55,83,94
Thermococcus waiotapuensis,WT1,30,60,85,90
Thermococcus zilligii,DSM2770,30,55,75,85
Thermocrinis albus,HI 11/12,34,55,85,89
Thermocrinis jamiesonii,GBS1T,15,70,80,85
Thermocrinis minervae,CR11,20,65,75,85
Thermocrinis ruber,OC 1/4,45,44,80,89
Thermocrispum agreste,CHB77,42.5,20,45,62.5
Thermocrispum municipale,MKD 35,42.5,20,50,62.5
Thermodesulfatator atlanticus,AT1325,20,55,67.5,75
Thermodesulfatator atlanticus,DSM 21156T,20,55,70,75
Thermodesulfatator autotrophicus,S606,30,50,67.5,80
Thermodesulfatator autotrophicus,DSM 101864T,30,50,65,80
Thermodesulfatator indicus,DSM 15286T,25,55,70,80
Thermodesulfitimonas autotrophica,DSM 102936T,27,45,65,72
Thermodesulfobacterium commune,YSRA-1,37,45,70,82
Thermodesulfobacterium geofontis,OPF15,20,70,83,90
Thermodesulfobacterium hveragerdense,JSP,19,55,70,74
Thermodesulfobacterium hydrogeniphilum,SL6T,30,50,75,80
Thermodesulfobium acidiphilum,3127-1T,28,37,55,65
Thermodesulfobium narugense,Na82,28,37,50,65
Thermodesulforhabdus norvegica,A8444,30,44,60,74
Thermodesulfovibrio aggregans,TGE-P1,25,45,60,70
Thermodesulfovibrio hydrogeniphilus,Hbr5,20,50,65,70
Thermodesulfovibrio islandicus,R1Ha3,25,45,65,70
Thermodesulfovibrio thiophilus,TDV,15,45,55,60
Thermodiscus maritimus,S2,23,75,90,98
Thermofilum pendens,Hvv3,15,85,87.5,100
Thermofilum uzonense,1807-2,20,70,85,90
Thermoflavifilum aggregans,P373T,28,35,60,63
Thermoflavimicrobium daqui,KCTC 43036T,20,45,45,65
Thermoflavimicrobium dichotomicum,,10,45,55,55
Thermoflexus hugenholtzii,JAD2,7.5,67.5,72.5,75
Thermoflexus hugenholtzii,JAD2T,7.5,67.5,72.5,75
Thermogemmatispora argillosa,A3-2T,38,40,60,78
Thermogemmatispora aurantia,A1-2T,24,45,60,69
Thermogemmatispora carboxidivorans,PM5T,25,40,55,65
Thermogemmatispora foliorum,,29,45,62.5,74
Thermogemmatispora foliorum,JCM 16818T,29,45,60,74
Thermogemmatispora onikobensis,ONI-1T,24,50,62.5,74
Thermogemmatispora onikobensis,ONI-1,24,50,60,74
Thermogladius calderae,1633T,15,80,84,95
Thermogladius shockii,WB1,29,64,84,93
Thermogutta hypogea,JCM 19991T,30,30,52,60
Thermogutta terrifontis,,42,25,57.5,67
Thermogutta terrifontis,DSM 26237T,42,25,55,67
Thermogymnomonas acidicola,IC-189T,30,38,60,68
Thermohahella caldifontis,SMD15-11T,30,30,50,60
Thermohalobacter berrensis,CTT3,25,45,65,70
Thermohydrogenium kirishiense,ZE-7,30,45,65,75
Thermoleophilum album,HS-5T,25,45,60,70
Thermoleophilum minutum,YS-4,25,45,60,70
Thermoleophilum strains,ATCC 35267,25,45,60,70
Thermoleophilum were,ATCC 35265T,25,45,60,70
Thermolithobacter carboxydivorans,R1,38,40,70,78
Thermolithobacter ferrireducens,JW/KA-2,25,50,73,75
Thermolongibacillus altinsuensis,,30,40,55,70
Thermolongibacillus kozakliensis,,30,40,60,70
Thermomarinilinea lacunifontana,SW7,28,37,50,65
Thermomicrobium carboxidum,KI3T,20,50,70,70
Thermomicrobium fosteri,PTA-1,28,42,60,70
Thermomicrobium roseum,ATCC 27502,15,70,75,85
Thermomonas aquatica,KCTC 62191T,25,15,28,40
Thermomonas brevis,LMG 21746,33,4,28,37
Thermomonas carbonis,GZ436T,28,4,28,32
Thermomonas fusca,LMG 21737,33,4,28,37
Thermomonas haemolytica,A50-7-3,32,18,37,50
Thermomonas hydrothermalis,SGM-6,30,30,50,60
Thermomonas koreensis,Ko06T,17,20,37,37
Thermomonas paludicola,KACC 21793T,27,10,30,37
Thermomonospora catenispora,3-22-3,28,37,45,65
Thermomonospora curvata,B9,25,40,50,65
Thermonema rossianum,NR-27T,40,30,60,70
Thermonema rossianum,NR-27,30,35,60,65
Thermophagus xiamenensis,HS1,20,35,50,55
Thermoplasma acidophilum,1221B2,18,45,59,63
Thermoplasma volcanium,GSS1,34,33,60,67
Thermopolyspora flexuosa,DSM 43186T,20,40,45,60
Thermoproteus tenax,Kra 1,11,85,90,96
Thermoproteus thermophilus,CBA1502,15,75,85,90
Thermoproteus thermophilus,CBA1502T,30,65,85,95
Thermoproteus uzoniensis,Z-605,28,74,90,102
Thermorudis peleae,DSM 27169T,15,55,65,70
Thermorudis pharmacophila,WKT50.2,23,53,68,76
Thermosediminibacter litoriperuensis,JW/YJL-1230-7/2,33,43,64,76
Thermosediminibacter oceani,JW/IW-1228P,33,43,64,76
Thermosinus carboxydivorans,DSM 14886T,28,40,60,68
Thermosipho activus,DSM 26467T,31,44,65,75
Thermosipho affectus,DSM 23112T,38,37,70,75
Thermosipho africanus,DSM 5309,42,35,75,77
Thermosipho atlanticus,DV1140,35,45,65,80
Thermosipho geolei,SL31T,30,45,70,75
Thermosipho globiformans,MN14T,35,40,68,75
Thermosipho japonicus,IHB1,35,45,72,80
Thermosipho melanesiensis,BI429,35,45,70,80
Thermosphaera aggregans,M11TL,25,65,85,90
Thermospira aquatica,JCM 31314T,25,45,55,70
Thermosporothrix hazakensis,SK20-1,27,31,50,58
Thermosporothrix narukonensis,F4T,30,30,50,60
Thermostaphylospora chromogena,KCTC 49229T,40,15,37,55
Thermostaphylospora grisealba,DSM 46781T,20,40,45,60
Thermostilla marina,SVX8,38,30,55,68
Thermosulfidibacter takaii,JCM 13301T,23,55,70,78
Thermosulfurimonas dismutans,DSM 24515T,42,50,74,92
Thermosulfuriphilus ammonigenes,ST65T,28,47,65,75
Thermosyntropha lipolytica,JW/VS-265T,18,52,63,70
Thermosyntropha lipolytica,JW/VS-265,18,52,60,70
Thermosyntropha tengcongensis,L-60,15,55,60,70
Thermotalea metallivorans,KCTC 5625T,25,30,55,55
Thermotalea metallivorans,B2-1,25,30,50,55
Thermoterrabacterium ferrireducens,DSM 11255,25,40,65,65
Thermothrix azorensis,ATCC 51754T,23,63,76,86
Thermothrix azorensis,TM,23,63,76,86
Thermothrix thiopara,ATCC 29244,15,62,70,77
Thermotoga caldifontis,NBRC 106116T,30,55,70,85
Thermotoga elfii,DSM 9442,22,50,66,72
Thermotoga hypogea,DSM 11164,34,56,70,90
Thermotoga lettingae,TMOT,25,50,65,75
Thermotoga maritima,MSB8,35,55,80,90
Thermotoga naphthophila,DSM 13996T,38,48,80,86
Thermotoga neapolitana,NS-E,35,55,80,90
Thermotoga petrophila,DSM 13995T,41,47,80,88
Thermotoga profunda,NBRC 106115T,22,50,60,72
Thermotomaculum hydrothermale,AC55,23,37,55,60
Thermotunica guangxiensis,AG2-7T,28,37,45,65
Thermovenabulum ferriorganovorum,Z-9801,31,45,64,76
Thermovenabulum gondwanense,KCTC 5616T,20,50,65,70
Thermovibrio ammonificans,HB-1T,20,60,75,80
Thermovibrio ammonificans,HB-1,11,69,75,80
Thermovibrio guaymasensis,SL19T,38,50,77.5,88
Thermovibrio guaymasensis,SL19,38,50,75,88
Thermovibrio ruber,ED11/3LLK,30,50,75,80
Thermovirga lienii,Cas60314T,31,37,58,68
Thermovorax subterraneus,70B,31,50,71,81
Thermovum composti,Nis3T,34,23,50,57
Thermus amyloliquefaciens,YIM 77409,20,50,62.5,70
Thermus amyloliquefaciens,DSM 25898T,20,50,60,70
Thermus antranikianii,,15,65,70,80
Thermus antranikianii,HN3-7,30,50,65,80
Thermus aquaticus,YT-1,39,40,70,79
Thermus arciformis,TH92T,38,40,70,78
Thermus arciformis,TH92,37,40,70,77
Thermus caldifontis,YIM 73026,20,50,60,70
Thermus caliditerrae,DSM 25901T,20,50,65,70
Thermus chliarophilus,,20,40,50,60
Thermus composti,K-39,40,40,70,80
Thermus composti,K-39T,40,40,65,80
Thermus filiformis,ATCC 43280T,43,37,73,80
Thermus filiformis,Wai33 AI,43,37,70,80
Thermus igniterrae,RF-4T,35,45,65,80
Thermus igniterrae,RF-4,35,45,65,80
Thermus islandicus,PRI 3838,34,45,65,79
Thermus kawarayensis,KW11,33,40,68,73
Thermus parvatiensis,RL,20,60,70,80
Thermus ruber,All-Union Collection of Microorganisms strain 1258 (= Loginova strain 21),35,35,60,70
Thermus ruber,None,35,35,55,70
Thermus scotoductus,SE-1,31,42,65,73
Thermus silvanus,VI-R2,25,40,55,65
Thermus tengchongensis,YIM 77924,15,55,65,70
Thermus thermamylovorans,CFH 72773,38,37,60,75
Thermus thermophilus,HB8,35,47,65,82
Thermus yunnanensis,RHY12-2,38,40,65,78
They can,was 44,40,4,28,44
They degrade,M,35,10,32,45
They grew,N,20,20,37,40
They grew,"by the ability to degrade xylan, starch and some other polysaccharides, by greater tolerance of acidic pH and by the inability to reduce nitrate",33,4,25,37
They grow,M,35,10,32,45
They were,DSM 12178T,30,10,30,40
They were,WS4937T,27,12,33,39
Thioalbus denitrificans,Su4T,30,10,28,40
Thiobaca trueperi,BCHT,11,25,27.5,36
Thiobacillus delicatus,THI 091T,27,15,32.5,42
Thiobacillus delicatus,NBRC 14566T,27,15,35,42
Thiobacillus rapidicrescens,ATCC 25364T,27,15,37,42
Thiobacillus tepidarius,DSM 3134,32,20,44,52
Thiobacillus thiophilus,D24TNT,8,22,27.5,30
Thiobacillus thiophilus,,8,22,25,30
Thiobacillus thiophilus,D24TN,32,-2,25,30
Thiobacimonas profunda,JLT2016T,30,10,25,40
Thiobacter subterraneus,C55T,27,35,52.5,62
Thiobacter subterraneus,C55,27,35,50,62
Thioclava arenosa,CAU 1312,20,20,30,40
Thioclava atlantica,13D2W-2,37,4,28,41
Thioclava dalianensis,DLFJ1-1T,33,4,28,37
Thioclava electrotropha,ElOx9T,31,10,37,41
Thioclava electrotropha,,26,15,37,41
Thioclava indica,DT23-4,31,10,28,41
Thioclava marina,11.10-0-13,35,10,28,45
Thioclava nitratireducens,25B10_4T,33,10,28,43
Thioclava pacifica,TL 2T,32,15,35,47
Thioclava sediminum,TAW-CT134,33,10,28,43
Thiocystis cadagnonensis,Cad448,20,5,20,25
Thiocystis chemoclinalis,CadH11,20,5,20,25
Thiofaba tepidiphila,NBRC 103218T,31,20,45,51
Thiofilum flexile,EJ2M-B,23,14,20,37
Thioflexithrix psekupsensis,KCTC 62399,36,10,32,46
Thiofractor thiocaminus,496Chim,30,15,37,45
Thiogranum longum,NBRC 101260T,16,19,32,35
Thiohalobacter thiocyanaticus,HRh1,20,20,32,40
Thiohalocapsa marina,JA142,10,25,30,35
Thiolinea disciformis,B3-1,33,4,25,37
Thiomicrorhabdus aquaedulcis,NBRC 112315T,25,0,22,25
Thiomicrorhabdus arctica,SVAL-E,22.8,-2,11.5,20.8
Thiomicrorhabdus chilensis,Ch-1,10,32,35,42
Thiomicrorhabdus frisia,JB-A2,8,31,32,39
Thiomicrorhabdus hydrogeniphila,JCM 30760T,38,2,30,40
Thiomicrorhabdus hydrogenophila,JCM 30760T,38,2,30,40
Thiomicrorhabdus indica,13-15AT,35,10,28,45
Thiomicrorhabdus psychrophila,SVAL-D,22.8,-2,14.6,20.8
Thiomicrospira arctica,ATCC 700955T,22.8,-2,13.2,20.8
Thiomicrospira chilensis,Ch-1T,38.5,3.5,34.5,42
Thiomicrospira crunogena,TH-55T,34.5,4,30,38.5
Thiomicrospira frisia,,35.5,3.5,33.5,39
Thiomicrospira hydrogeniphila,JCM 30760T,38,2,30,40
Thiomicrospira hydrogenophila,JCM 30760T,38,2,30,40
Thiomicrospira kuenenii,DSM 12350T,38.5,3.5,5,42
Thiomicrospira psychrophila,,22,-2,15,20
Thiomicrospira psychrophila,ATCC 700954T,22.8,-2,15.4,20.8
Thiomicrospira thermophila,JCM 12397T,40,15,35,55
Thiomonas arsenivorans,,27,15,32.5,42
Thiomonas bhubaneswarensis,DSM 18181T,20,25,37,45
Thiomonas bhubaneswarensis,S10,20,25,30,45
Thiomonas cuprina,DSM 5495,27,15,32.5,42
Thiomonas delicata,DSM 17897,27,15,32.5,42
Thiomonas delicata,NBRC 14566T,27,15,35,42
Thiomonas intermedia,ATCC 15466,20,17,30,37
Thiomonas islandica,6CT,15,35,45,50
Thiomonas thermosulfata,ATCC 51520,31,34,50,65
Thiophaeococcus fuscus,JA633T,10,25,30,35
Thiophaeococcus mangrovi,JA304T,15,20,30,35
Thioprofundum hispidum,gps61T,14,29,39,43
Thioprofundum lithotrophicum,106,25,30,50,55
Thiopseudomonas denitrificans,X2,27,10,30,37
Thioreductor micantisoli,JCM 12457T,22,20,32,42
Thiorhodococcus alkaliphilus,JA878T,5,25,27,30
Thiorhodococcus fuscus,JA363T,10,25,30,35
Thiorhodococcus kakinadensis,,5,25,30,30
Thiorhodococcus modestalkaliphilus,JA395,5,25,30,30
Thiorhodospira sibirica,A12T,5,25,30,30
Thiorhodovibrio winogradskyi,SSP1,23,14,33,37
Thiothrix caldifontis,G1,30,7,25,37
Thiothrix lacustris,BL,27,5,24,32
Thiothrix nivea,JP1,10,20,25,30
Thiovirga sulfuroxydans,SO07T,27,15,32,42
Thiovirga sulfuroxydans,SO07,27,15,30,42
Thorsellia anophelis,CCUG 49520,30,15,30,45
Thorsellia anophelis,CCUG 49520T,27,10,30,37
Thorsellia kandunguensis,,2,28,28,30
Thorsellia kenyensis,T2.1,2,28,28,30
Tianweitania sediminis,Z8,15,20,28,35
Tibeticola sediminis,YIM 73013,25,30,37,55
Tibeticola sediminis,DSM 101684T,25,30,45,55
Timonella senegalensis,JC301,7,30,37,37
Tindallia californiensis,APO,38,10,37,48
Tindallia magadiensis,Z-7934,28,19,37,47
Tindallia texcoconensis,IMP-300,20,25,35,45
Tissierella creatinini,BN11,25,20,37,45
Tissierella creatinophila,KRE 4,30,10,32,40
Tissierella praeacuta,ATCC 25539,19,20,37,39
Tistlia consotensis,USBA 355T,20,20,30,40
Tistrella bauzanensis,BZ78,24,1,10,25
Tistrella mobilis,IAM 14872,20,20,30,40
Tolumonas auensis,TA 4,13,12,22,25
Tolumonas lignilytica,BRL6-1,22,15,30,37
Tolumonas osonensis,OCF 7,22,15,22,37
Tomitella biformata,AHU1821T,32,-5,20,27
Tomitella cavernae,C00895T,18,10,28,28
Tomitella cavernea,YIM C00895(,18,10,22,28
Tomsk region,"by the ability to degrade xylan, starch and some other polysaccharides, by greater tolerance of acidic pH and by the inability to reduce nitrate",33,4,25,37
Trabulsiella odontotermitis,Eant 3-9,14,28,28,42
Trabulsiella odontotermitis,BCRC 17577T,27,15,35,42
Tranquillimonas alkanivorans,A34,40,10,43,50
Transbaikal region,LMG 19007T,43,37,60,80
Treponema pectinovorum,ATCC 33768,17,25,37,42
Treponema socranskii,ATCC 35536,17,25,37,42
Treponema succinifaciens,ATCC33096,21,22,35,43
Trichococcus alkaliphilus,,33,4,25,37
Trichococcus ilyis,R210T,36,4,30,40
Trichococcus paludicola,,33,4,25,37
Trichococcus patagoniensis,JCM 12176T,40,-5,28,35
Trichococcus shcherbakoviae,DSM 107162T,32,-2,30,30
Trinickia acidisoli,KCTC 82876T,25,12,33,37
Trinickia diaoshuihuensis,DSM 106065T,30,10,30,40
Trinickia dinghuensis,LMG 30259T,25,12,28,37
Trinickia fusca,KCTC 62469T,30,12,28,42
Trinickia mobilis,KACC 21223T,25,12,33,37
Trinickia terrae,CGMCC 1,30,12,28,42
Trinickia violacea,LMG 30258T,38,4,33,42
Tritonibacter horizontis,O3.65,41,4,30,45
Tropicibacter naphthalenivorans,C02T,33,10,37,43
Tropicibacter phthalicicus,KU27E1,15,15,20,30
Tropicihabitans flavus,PS-14-16,22,15,28,37
Tropicimonas aquimaris,DPG-21,25,15,30,40
Tropicimonas arenosa,CAU 1062T,27,10,30,37
Tropicimonas isoalkanivorans,B51T,36,10,37,46
Tropicimonas sediminicola,M97T,30,15,37,45
Tropicimonas sediminicola,M97,27,15,37,42
Tsukamurella serpentis,HKU54,27,10,25,37
Tsukamurella soli,JS18-1,40,5,30,45
Tsukamurella soli,KACC 20764T,25,10,30,35
Tsukamurella tyrosinosolvens,IMMIB D-1397,13,24,37,37
Tsuneonella litorea,YG55T,27,10,28,37
Tuberibacillus calidus,607T,20,40,52.5,60
Tuberibacillus calidus,JCM 13397T,20,40,50,60
Tumebacillus algifaecis,THMBR28,25,20,30,45
Tumebacillus avium,AR23208,33,4,25,37
Tumebacillus flagellatus,CGMCC 1,22,20,37,42
Tumebacillus lipolyticus,NIO-S10,20,20,37,40
Tumebacillus luteolus,U13T,17,25,28,42
Tumebacillus permanentifrigoris,Eur1 9.5T,32,5,25,37
Tumebacillus soli,CAU 11108T,20,25,37,45
Tumebacillus soli,CAU 11108,25,20,37,45
Tundrisphaera lichenicola,LMG 29571T,24,4,22,28
Tundrisphaera lichenicola,P12,18,4,15,22
Tunicatimonas pelagia,N5DB8-4,17,20,25,37
Tunisian spring,KHALHBd91T,30,20,37,50
Turicibacter faecis,TC023T,10,32,37,42
Turicibacter sanguinis,MOL361,21,25,37,46
Turicimonas muris,YL45,20,20,32,40
Turneriella parva,HT,24,13,30,37
Tuwongella immobilis,MBLW1T,20,20,34,40
Uliginosibacterium flavum,JJ3220,26,4,25,30
Uliginosibacterium gangwonense,KACC 11603T,31,4,30,35
Uliginosibacterium gangwonense,5YN10-9,31,4,25,35
Uliginosibacterium paludis,BCRC 80903T,25,15,30,40
Uliginosibacterium sangjuense,SS1-76,22,15,30,37
Uliginosibacterium sediminicola,M1-21T,30,10,25,40
Ultrathin section,SYRT,20,20,35,40
Ulvibacter antarcticus,IMCC3101T,22,3,25,25
Ulvibacter litoralis,KCTC 12104T,32,4,23,36
Ulvibacter litoralis,KMM 3912,32,4,21,36
Ulvibacter marinus,IMCC12008,33,4,25,37
Umboniibacter caenipelagi,SCTF-16,30,10,30,40
Umboniibacter marinipuniceus,KMM 3891,28,5,25,33
Umboniibacter roseus,14-121-B13,30,10,30,40
Umezawaea endophytica,YIM 2047X,25,15,28,40
Under optimal,KHALHBd91T,30,20,37,50
Under sulfate-reducing,NBRC 110391T,37,13,42,50
Undibacterium amnicola,KYPY9,20,10,22.5,30
Undibacterium amnicola,BCRC 81009T,20,10,25,30
Undibacterium aquatile,THG-DN7.3,26,4,18,30
Undibacterium arcticum,6-67T,24,4,20,28
Undibacterium danionis,E3/4T,18,10,24,28
Undibacterium danionis,E3/4,24,4,20,28
Undibacterium jejuense,KACC 12607T,23,10,28,33
Undibacterium macrobrachii,BCRC 80406T,27,10,30,37
Undibacterium macrobrachii,CMJ-9,27,10,20,37
Undibacterium oligocarboniphilum,DSM 21777T,25,10,28,35
Undibacterium piscinae,KCTC 62668T,21,4,20,25
Undibacterium seohonense,KACC 16656T,20,10,28,30
Undibacterium squillarum,CMJ-15T,20,20,25,40
Unless otherwise,DSM 14954T,19,19,30,38
Unless otherwise,SK-G1T,25,40,55,65
Unless otherwise,DSM 107278T,25,40,55,65
Upham strains,of M,35,15,28,50
Ureaplasma canigenitalium,D6P-C,1,36,37,37
Ureaplasma diversum,A417,4,33,37,37
Ureaplasma parvum,ATCC 27815,2,35,37,37
Ureaplasma urealyticum,T960,20,20,30,40
Ureibacillus composti,,40,30,55,70
Ureibacillus composti,HC145,23,37,50,60
Ureibacillus defluvii,DX-1T,35,25,55,60
Ureibacillus terrenus,TH9A,28,40,55,68
Ureibacillus thermophilus,,40,30,55,70
Ureibacillus thermosphaericus,DSM 10633,31,33,60,64
Ursidibacter arcticus,,22,20,37,42
Ursidibacter maritimus,Pb43106T,22,20,37,42
Using blastn,TRO-001DR8T,12,28,35,40
Utilizes d-arabinose,JCM 30603T,22,20,30,42
Utilizes l-arginine,JCM 31555T,25,10,30,35
Utilizes l-isoleucine,WN011T,25,15,35,40
Utilizes mannitol,DSM 3695T,33,4,25,37
Utilizes peptides,of Natranaerobius thermophilus (95,37,20,45,57
Vadicella arenosi,KMM 9024,33,4,25,37
Vagoccocus entomophilus,VOSTP2T,30,10,37,40
Vagococcus elongatus,PPC9T,35,10,37,45
Vagococcus humatus,C25T,22,20,37,42
Vagococcus martis,D7T301T,22,15,37,37
Vagococcus penaei,CD276,20,10,30,30
Vagococcus teuberi,CG-21,31,10,37,41
Vagococcus xieshaowenii,CGMCC 1,29,16,37,45
Vallitalea guaymasensis,Ra1766G1,20,20,32.5,40
Vallitalea guaymasensis,Ra1766G1T,20,20,35,40
Vallitalea longa,SH18-1T,25,15,35,40
Vallitalea okinawensis,CGMCC 1,15,20,25,35
Vallitalea pronyensis,FatNI3T,40,15,30,55
Variibacter gotjawalensis,GJW-30,20,10,25,30
Various even-numbered,JCM 31555T,25,10,30,35
Variovorax arabinosiphilus,CGMCC 1,25,10,28,35
Variovorax boronicumulans,NBRC 103145T,33,4,30,37
Variovorax brevis,CGMCC 1,20,10,28,30
Variovorax davisae,CGMCC 1,31,4,28,35
Variovorax defluvii,2C1-bT,29,8,30,37
Variovorax defluvii,2C1-b,29,8,28,37
Variovorax dokdonensis,DS-43,30,10,30,40
Variovorax flavidus,CGMCC 1,25,10,28,35
Variovorax fucosicus,CGMCC 1,26,4,28,30
Variovorax gracilis,CGMCC 1,20,10,28,30
Variovorax guangxiensis,GXGD002,15,20,30,35
Variovorax humicola,UC38,31,4,25,35
Variovorax jilinensis,CGMCC 1,20,10,28,30
Variovorax saccharolyticus,CGMCC 1,31,4,28,35
Variovorax soli,GH9-3,25,10,30,35
Varunaivibrio sulfuroxidans,DSM 101688T,15,20,30,35
Veillonella magna,lac18T,24,21,37,45
Veillonella magna,lac18,24,21,37,45
Venenivibrio stagnispumantis,CP.B2T,30,45,70,75
Ventosimonas gracilis,NCIMB 15011T,17,23,37,40
Verrucosispora andamanensis,SP03-05,20,20,30,40
Verrucosispora endophytica,A-T 7972,17,20,25,37
Verrucosispora gifhornensis,DSM 44337T,10,30,35,40
Verrucosispora gifliornensis,DSM 44337T,10,30,35,40
Verrucosispora lutea,YIM 013T,25,20,28,45
Verrucosispora sediminis,MS426,25,20,28,45
Verrucosispora sonchi,NEAU-QY3T,30,10,28,40
Verticiella sediminum,XH089,38,4,28,42
Vibrio albus,KCTC 52890T,22,15,33,37
Vibrio alfacsensis,CAIM 1831,17,20,30,37
Vibrio algicola,SM1977T,25,10,30,35
Vibrio algivorus,SA2,36,4,25,40
Vibrio amylolyticus,KCTC 82890T,12,16,28,28
Vibrio aquaticus,JCM 32691T,27,10,28,37
Vibrio astriarenae,C7,10,20,30,30
Vibrio atypicus,HHS02T,14,16,20,30
Vibrio azureus,LC2-005,27,10,20,37
Vibrio barjaei,3062,20,15,25,35
Vibrio bivalvicida,605,20,15,25,35
Vibrio brasiliensis,,41,4,28,45
Vibrio caribbeanicus,N384,25,10,28,35
Vibrio coralliirubri,Corallo1,20,10,25,30
Vibrio diabolicus,HE800,25,20,35,45
Vibrio diazotrophicus,ATCC 33466,17,20,25,37
Vibrio fujianensis,FJ201301T,32,10,30,42
Vibrio galatheae,S2757,25,15,25,40
Vibrio galatheae,DSM 100497T,25,15,25,40
Vibrio gangliei,DSM 104291T,40,10,37,50
Vibrio gelatinilyticus,KCTC 82888T,21,16,28,37
Vibrio hangzhouensis,CN83T,17,20,30,37
Vibrio hemicentroti,KCTC 32085T,26,4,25,30
Vibrio hepatarius,LMG 20362,31,4,28,35
Vibrio hippocampi,BFLP-4,25,10,20,35
Vibrio ishigakensis,C1,20,20,30,40
Vibrio japonicus,JCM 31412,27,10,35,37
Vibrio jasicida,TCFB 0772,27,10,25,37
Vibrio jasicida,JCM 16453T,27,10,25,37
Vibrio litoralis,KCTC 12520T,41,4,30,45
Vibrio litoralis,MANO22D,41,4,25,45
Vibrio madracius,A-354,25,15,30,40
Vibrio maritimus,R-40493,33,7,28,40
Vibrio methylphosphonaticus,KCTC 92311T,26,4,28,30
Vibrio metoecus,OP3H,20,20,30,40
Vibrio mexicanus,CAIM 1540,17,20,30,37
Vibrio mytili,165,27,10,28,37
Vibrio navarrensis,1397-6,32,10,30,42
Vibrio navarrensis,ATCC 51183,32,10,30,42
Vibrio neptunius,LMG 20536,36,4,28,40
Vibrio oceanisediminis,S37T,27,10,28,37
Vibrio olivae,IGJ1.11,27,15,30,42
Vibrio ouci,JCM 32690T,21,16,32,37
Vibrio palustris,,11,15,26,26
Vibrio panuliri,LBS2,24,16,28,40
Vibrio paucivorans,KCTC 82896T,21,16,28,37
Vibrio penaeicida,KH-1,31,4,25,35
Vibrio plantisponsor,MSSRF60,30,10,28,40
Vibrio porteresiae,MSSRF30,17,20,28,37
Vibrio qingdaonensis,KCTC 82893T,16,16,28,32
Vibrio renipiscarius,DCR 1-4-2T,24,4,26,28
Vibrio rhizosphaerae,LMG 23790T,22,20,30,42
Vibrio rhizosphaerae,MSSRF3(,22,20,25,42
Vibrio ruber,JCM 11486T,20,20,30,40
Vibrio ruber,VR1,20,20,25,40
Vibrio sagamiensis,LC2-047,27,10,25,37
Vibrio salilacus,DSG-S6T,31,4,30,35
Vibrio salmonicida,NCMB 2262 (= HI 7751),21,1,15,22
Vibrio scophthalmi,A089,13,22,22,35
Vibrio shiloi,AK1,21,16,30,37
Vibrio sinensis,JCM 32692T,27,10,24,37
Vibrio sinus,S4M6T,20,15,28,35
Vibrio sonorensis,CAIM 1076,17,20,37,37
Vibrio spartinae,,11,15,26,26
Vibrio stylophorae,BCRC 80105T,20,15,30,35
Vibrio syngnathi,DSM 109818T,31,9,35,40
Vibrio tapetis,B1090,18,4,18,22
Vibrio variabilis,R-40492,25,15,28,40
Vibrio viridaestus,JCM 32693T,27,10,28,37
Vibrio viscosus,,26,4,30,30
Vibrio wodanis,,26,4,30,30
Vibrio xiamenensis,DSM 22851T,25,15,30,40
Vibrio xuii,,41,4,28,45
Vibrio zhanjiangensis,E414,22,15,25,37
Vibrio zhugei,KCTC 62784T,29,8,25,37
Vicinamibacter silvestris,Ac_5_C6,28,12,28,40
Vicingus serpentipes,ANORD5T,25,5,25,30
Vicingus serpentipes,ANORD5,25,5,20,30
Victivallis vadensis,CelloT,20,20,37,40
Virgibacillus alimentarius,J18,36,4,37,40
Virgibacillus arcticus,Hal 1,30,0,25,30
Virgibacillus byunsanensis,ISL-24,36,4,30,40
Virgibacillus campisalis,IDS-20T,25,15,37,40
Virgibacillus carmonensis,LMG 20964,30,10,28,40
Virgibacillus carmonensis,LMC 20964,30,10,25,40
Virgibacillus chiguensis,BCRC 17637T,35,15,40,50
Virgibacillus dokdonensis,DSW-10T,35,15,37,50
Virgibacillus flavescens,S1-20T,39,1,25,40
Virgibacillus flavescens,S1-20,29,1,25,30
Virgibacillus halodenitrificans,ATCC 49067,35,10,37,45
Virgibacillus halotolerans,WS 4627,27,8,27,35
Virgibacillus jeotgali,NS3012,30,10,29,40
Virgibacillus jeotgali,NS3012T,30,10,28,40
Virgibacillus kapii,KN3-8-4,31,11,37,42
Virgibacillus kekensis,YIM kkny16T,40,10,37,50
Virgibacillus kimchii,NKC1-2,40,10,37,50
Virgibacillus koreensis,BH30097T,35,10,25,45
Virgibacillus litoralis,JSM 089168,35,10,30,45
Virgibacillus marismortui,123,35,15,37,50
Virgibacillus natechei,FarD,30,10,35,40
Virgibacillus necropolis,,30,10,28,40
Virgibacillus necropolis,LMG 19488,30,10,25,40
Virgibacillus oceani,MY11T,30,15,36,45
Virgibacillus oceani,MY11,30,15,35,45
Virgibacillus olivae,LMG 23503T,25,20,30,45
Virgibacillus pantothenticus,B0018,35,15,37,50
Virgibacillus phasianinus,LM2416,20,10,30,30
Virgibacillus proomii,LMG 12370,35,15,37,50
Virgibacillus salarius,SA-Vb1,40,10,32.5,50
Virgibacillus salarius,JCM 12946T,40,10,35,50
Virgibacillus salexigens,C乚20Mo,35,15,37,50
Virgibacillus salinus,XH-22T,25,15,37,40
Virgibacillus sediminis,DSM 19797T,45,10,40,55
Virgibacillus sediminis,YIM kkny3,45,10,35,55
Virgibacillus senegalensis,SK-1,15,25,37,40
Virgibacillus siamensis,MS3-4,25,15,37,40
Virgibacillus soli,DSM 22952T,25,15,30,40
Virgibacillus soli,CC-YMP-6,25,15,25,40
Virgibacillus subterraneus,DSM 22441T,40,10,30,50
Virgibacillus tibetensis,CGMCC 1,26,4,20,30
Virgibacillus xinjiangensis,SL6-1,44,8,32,52
Virgibacillus zhanjiangensis,JSM 079157,35,10,30,45
Virgisporangium aliadipatigenens,IR20-55,17,20,28,37
Virgisporangium myanmarense,MM04-1133,20,20,30,40
Virgosporangium ochraceum,YU655-43T,22,15,30,37
Viridibacillus neidei,BD-87,40,5,28,45
Vishniacozyma ellesmerensis,JCM 32573T,23,-3,17,20
Visible growth,3753OT,18,42,50,60
Vitellibacter aestuarii,JC2436T,31,10,30,41
Vitellibacter aquimaris,D-24T,37,4,37,41
Vitellibacter aquimaris,D-24,39,4,37,43
Vitellibacter echinoideorum,CC-CZW007T,20,20,30,40
Vitellibacter nionensis,VBW088T,27,10,30,37
Vitellibacter todarodis,MYP2-2,36,4,30,40
Vitellibacter vladivostokensis,NBRC 16718T,39,4,28,43
Vogesella alkaliphila,JC141,15,25,30,40
Vogesella amnigena,BCRC 80887T,25,15,25,40
Vogesella facilis,TTM-24T,22,15,25,37
Vogesella fluminis,Npb-07T,27,10,20,37
Vogesella lacus,BCRC 17836T,32,10,30,42
Vogesella lacus,GR13,32,10,25,42
Vogesella mureinivorans,389,32,5,20,37
Vogesella oryzae,L3B39,32,10,28,42
Vogesella oryzagri,KACC 22245T,30,10,30,40
Vogesella perlucida,DS-28,41,4,30,45
Vogesella perlucida,BCRC 17730T,30,15,30,45
Vogesella urethralis,NBRC 113779,35,10,25,45
Volcaniella eurihalina,of Pseudomonas halophila and transferred to the genus Halomonas as Halomonas utahensis nom,15,20,28,35
Vulcanibacillus modesticaldus,BR T,23,37,55,60
Vulcaniibacterium tengchongense,YIM 77520,30,25,45,55
Vulcaniibacterium thermophilum,YIM 77875,28,37,50,65
Vulcanisaeta distributa,IC-017T,22,70,85,92
Vulcanisaeta distributa,IC-017,22,70,90,92
Vulcanisaeta moutnovskia,768-28,38,60,80,98
Vulcanisaeta souniana,IC-059,24,65,85,89
Vulcanisaeta thermophila,CBA1501T,15,75,85,90
Vulcanithermus mediatlanticus,DSM 14978T,43,37,70,80
Wandonia haliotis,KCTC 22610T,17,25,30,42
Wangella harbinensis,NEAU-J3,21,18,28,39
Wautersia basilensis,,33,4,30,37
Wautersia campinensis,,21,20,30,41
Wautersia gilardii,,12,30,37,42
Wautersiella falsenii,NF 993,17,20,30,37
Weak growth,3753OT,18,42,50,60
Weeksella massiliensis,FF8,12,25,37,37
Weissella ceti,1119-1A-09,15,22,30,37
Weissella cibaria,LMG 17699,30,15,30,45
Weissella cryptocerci,KACC 18423T,31,4,28,35
Weissella diestrammenae,KACC 16890T,33,4,30,37
Weissella fabaria,257T,22,15,28,37
Weissella ghanensis,215T,41,4,28,45
Weissella jogaejeotgali,FOL01T,22,15,37,37
Weissella koreensis,S-5623,27,10,25,37
Wenxinia marina,HY34,27,15,36,42
Wenxinia saemankumensis,S-22,35,10,25,45
Wenyingzhuangia aestuarii,MN1-138,10,20,25,30
Wenyingzhuangia fucanilytica,CZ1127T,22,15,25,37
Wenyingzhuangia gracilariae,N5DB13-4,10,20,28,30
Wenyingzhuangia heitensis,H-MN17,5,25,28,30
Wenyingzhuangia marina,D1T,15,15,25,30
Wenzhouxiangella limi,C33T,30,15,37,45
Wenzhouxiangella marina,Ma-11,25,20,37,45
Wenzhouxiangella salilacus,15181,30,10,37,40
Wenzhouxiangella sediminis,XDB06,20,25,37,45
Where their,Cd-10T,12,20,28,32
Whereas most,None__27,16,28,42,44
Whole cell,34079T,40,10,35,50
Williamsia limnetica,DSM 45521T,27,10,28,37
Williamsia marianensis,DSM 44944T,26,4,28,30
Williamsia maris,DSM 44693T,27,10,28,37
Williamsia muralis,DSM 44343T,27,10,30,37
Williamsia spongiae,B138T,35,10,30,45
Williamsia sterculiae,DSM 45741T,27,10,28,37
Williamwhitmania taraxaci,A7P-90mT,23,3,22.5,26
Williamwhitmania taraxaci,A7P-90m,23,3,22,26
Winogradskyella algicola,IMCC33238,33,4,25,37
Winogradskyella aquimaris,DPG-24,27,10,30,37
Winogradskyella arenosi,R60T,31,4,26.5,35
Winogradskyella arenosi,R60,31,4,25,35
Winogradskyella aurantia,WNB302,22,15,33,37
Winogradskyella aurantiaca,KACC 18883T,10,20,25,30
Winogradskyella bathintestinalis,DSM 115832T,26,4,25,30
Winogradskyella crassostreae,TYO-19,33,4,30,37
Winogradskyella damuponensis,F081-2,31,4,27.5,35
Winogradskyella eckloniae,EC29,20,10,22.5,30
Winogradskyella eckloniae,KCTC 32172T,20,10,25,30
Winogradskyella epiphytica,KCTC 12220T,33,4,25,37
Winogradskyella epiphytica,KMM 3906,33,4,23,37
Winogradskyella exilis,022-2-26,30,5,23,35
Winogradskyella eximia,KMM 3944,29,4,21,33
Winogradskyella flava,SFD31T,41,4,25,45
Winogradskyella flava,SFD31,31,4,20,35
Winogradskyella haliclonae,M1A16T,12,20,25,32
Winogradskyella jejuensis,CP32,27,10,20,37
Winogradskyella litorisediminis,DPS-8,31,4,30,35
Winogradskyella litoriviva,KMM 6491,30,4,25,34
Winogradskyella lutea,A73T,31,5,30,40
Winogradskyella lutea,A73,27,10,30,37
Winogradskyella maritima,HME9613,22,15,25,37
Winogradskyella multivorans,T-Y1,29,4,25,33
Winogradskyella pocilloporae,AFPH31T,22,15,25,37
Winogradskyella profunda,KMM 9725,31,5,25,36
Winogradskyella psychrotolerans,RS-3,26,4,18,30
Winogradskyella pulchriflava,EM106T,25,10,25,35
Winogradskyella rapida,SCB36,22.5,4,23,36
Winogradskyella rapida,CECT 7392T,32,4,23,36
Winogradskyella sediminis,S5-23-3,29,1,30,30
Winogradskyella tangerina,M1309T,26,16,37,42
Winogradskyella thalassocola,KCTC 12221T,29,4,23,33
Winogradskyella thalassocola,KMM 3907,29,4,21,33
Winogradskyella ulvae,KMM 6390T,33,4,25,37
Winogradskyella undariae,WS-MY5,31,4,30,35
Winogradskyella wandonensis,WD-2-2,25,15,30,40
Wocania indica,KCTC 62660 T,36,4,37,40
Woeseia oceani,XK5T,34,8,28,42
Woeseia oceani,XK5,34,8,25,42
Wohlfahrtiimonas chitiniclastica,S5,41,4,28,45
Wohlfahrtiimonas larvae,KBL006,40,5,30,45
Wohlfahrtiimonas populi,34C10-3-10,27,10,28,37
Woodsholea maritima,CM243,20,20,30,40
Wukongibacter baidiensis,DY30321,30,15,30,45
Wukongibacter baidiensis,DY30321T,35,10,30,45
Xanthobacter aminoxidans,B-2254T,29,5,29,34
Xanthobacter polyaromaticivorans,127W,12,25,30,37
Xanthobacter viscosus,7d,29,5,29,34
Xanthobacter viscosus,B-2253T,29,5,28,34
Xanthomarina gelatinilytica,AK20,30,10,30,40
Xanthomonas sontii,PPL1,17,20,28,37
Xenophilus aerolatus,5516S-2,25,10,25,35
Xenophilus aerolatus,KACC 12602T,25,10,30,35
Xenophilus arseniciresistens,YW8T,36,4,30,40
Xenophilus arseniciresistens,YW8,36,4,25,40
Xenorhabdus eapokensis,,27,10,28,37
Xenorhabdus thuongxuanensis,,27,10,28,37
Xiangella phaseoli,NEAU-J5T,19,18,28,37
Xinfangfangia humi,LMG 30636T,8,20,25,28
Xinfangfangia soli,KCTC 62102T,9,26,30,35
Xuhuaishuia manganoxidans,DY6-4T,33,4,28,37
Xylanibacillus composti,K13T,20,30,37,50
Xylanibacillus composti,K13,20,30,35,50
Xylanibacter oryzae,KB3T,27,10,30,37
Xylanimonas allomyrinae,KACC 19330T,30,10,30,40
Xylophilus ampelinus,NCPPB 2217,24,6,24,30
Yangia pacifica,DX5-10T,18,22,37,40
Yania halotolerans,YIM 70085,30,10,28,40
Yaniella fodinae,DSM 22966T,22,15,30,37
Yaniella soli,JSM 070026,35,5,30,40
Yeosuana aromativorans,JCM 12862T,16,23,33,39
Yeosuana marina,CGMCC 1,37,8,25,45
Yersinia aldovae,CNY 6005,12,25,28,37
Yimella lutea,YIM 45900T,51,4,28,55
Yimella lutea,YIM 45900,20,22,28,42
Yimella radicis,py1292T,25,20,28,45
Yinghuangia catbensis,NBRC 107860T,13,15,28,28
Yonghaparkia alkaliphila,KSL-113T,27,10,30,37
Yoonia litorea,DPG-5,22,15,30,37
Yoonia maricola,DSW-18,30,4,25,34
Yoonia maritima,KMM 9530,32,4,28,36
Yoonia rosea,Fg36,31,4,25,35
Yoonia sediminilitoris,D1-W3,25,10,25,35
Yoonia tamlensis,SSW-35,26,4,25,30
Yoonia vestfoldensis,LMG 22003,32,5,25,37
Youhaiella tibetensis,CGMCC 1,22,20,37,42
Youngiibacter fragilis,232.1,21,15,33,36
Youngiibacter fragilis,DSM 24749T,21,15,30,36
Youngiibacter multivorans,PeC1,15,20,30,35
Youngimonas vesicularis,CC-AMW-ET,45,10,30,55
Youngimonas vesicularis,CC-AMW-E,17,20,30,37
Zavarzinella formosa,A10T,20,10,22.5,30
Zavarzinella formosa,A10,20,10,20,30
Zavarzinia aquatilis,HR-AST,30,5,25,35
Zeaxanthinibacter aestuarii,S2-22T,28,15,36,43
Zeaxanthinibacter aestuarii,S2-22,28,15,35,43
Zeaxanthinibacter enoshimensis,TD-ZE3T,24,16,30,40
Zeaxanthinibacter enoshimensis,TD-ZE3,24,16,28,40
Zeimonas sediminis,FT117T,25,20,40,45
Zestosphaera tikiterensis,NZ3,30,60,82,90
Zhangella mobilis,E6T,38,4,36,42
Zhaonella formicivorans,DSM 107278T,25,40,55,65
Zhengella mangrovi,X9-2-2T,25,15,30,40
Zhihengliuella aestuarii,DY66T,33,4,30,37
Zhihengliuella alba,YIM 90734,41,4,28,45
Zhihengliuella flava,H85-3,27,10,25,37
Zhihengliuella halotolerans,YIM 70185,41,4,29,45
Zhihengliuella salsuginis,JSM 071043,30,10,25,40
Zhihengliuella somnathii,JG 03T,27,10,30,37
Zhongshania aliphaticivorans,KACC 18120T,27,10,30,37
Zhongshania aliphaticivorans,SM-2,27,10,25,37
Zhongshania antarctica,ZS5-23T,31,4,30,35
Zhongshania borealis,CL-AS9,26,4,20,30
Zhongshania guokunii,KACC 14532T,31,4,30,35
Zhongshania marina,JCM 17372T,31,4,35,35
Zhouia amylolytica,HN-171T,35,7,30,42
Zhouia spongiae,HN-E23T,30,10,28,40
Zhouia spongiae,HN-E21T,27,15,37,42
Zobellella aerophila,JC2671,40,5,30,45
Zobellella aerophila,KACC 15081T,40,5,30,45
Zobellella denitrificans,ZD1T,35,10,32.5,45
Zobellella denitrificans,ZD1,35,10,30,45
Zobellella endophytica,KCTC 62456T,35,10,37,45
Zobellella maritima,102-Py4,35,10,28,45
Zobellella taiwanensis,,35,10,32.5,45
Zobellella taiwanensis,BCRC 17494T,35,10,30,45
Zobellia amurskyensis,LMG 22069T,28,4,23,32
Zobellia galactanivorans,Dsij,32,13,35,45
Zobellia galactanovorans,DsijT,32,13,35,45
Zobellia laminariae,LMG 22070T,26,4,21,30
Zobellia russellii,KMM 3677,34,4,25,38
Zobellia uliginosa,ZoBell 553,31,4,20,35
Zoogloea caeni,EMB43,25,15,27.5,40
Zoogloea caeni,KCTC 22084T,25,15,25,40
Zoogloea oleivorans,DSM 28387T,30,5,28,35
Zoogloea oleivorans,Buc,30,5,25,35
Zoogloea oryzae,A-7,27,10,25,37
Zooshikella ganghwensis,KCTC 12044T,30,15,35,45
Zooshikella marina,JC333T,25,15,30,40
Zunongwangia atlantica,22II14-10F7T,33,4,25,37
Zunongwangia endophytica,CPA58T,26,4,26,30
Zunongwangia flava,MBLN094,17,20,25,37
Zunongwangia mangrovi,P2E16,17,20,25,37
Zunongwangia profunda,SM-A87,34,4,25,38
Zymomonas mobilis,ZM4,21,24,30,45
Zymomonas palmae,of Pseudomonas halophila and transferred to the genus Halomonas as Halomonas utahensis nom,15,20,28,35
